released_variable,appears_in,task,manuscript_name,definition
ability_IAT,"03_derived_indices/Merge_task&questionnaires/positive_self_view_indices.csv (+ task-specific files in 03_derived_indices/IAT, /SMT, /SRET)",IAT,IAT_competence,"IAT D-score (improved scoring algorithm), competence domain"
moral_IAT,"03_derived_indices/Merge_task&questionnaires/positive_self_view_indices.csv (+ task-specific files in 03_derived_indices/IAT, /SMT, /SRET)",IAT,IAT_morality,"IAT D-score (improved scoring algorithm), morality domain"
SMT_d_ability_positive,"03_derived_indices/Merge_task&questionnaires/positive_self_view_indices.csv (+ task-specific files in 03_derived_indices/IAT, /SMT, /SRET)",SMT,SMT_d_competence_positive,"Signal-detection sensitivity difference (d-prime, self minus friend), competence domain, positive valence; derived from the self-referential version of the SMT (Day 3; historical label ALT2)"
SMT_rt_ability_positive,"03_derived_indices/Merge_task&questionnaires/positive_self_view_indices.csv (+ task-specific files in 03_derived_indices/IAT, /SMT, /SRET)",SMT,SMT_RT_competence_positive,"Reaction-time difference (self minus friend, ms), competence domain, positive valence; derived from the self-referential version of the SMT (Day 3; historical label ALT2)"
SMT_d_ability_negative,"03_derived_indices/Merge_task&questionnaires/positive_self_view_indices.csv (+ task-specific files in 03_derived_indices/IAT, /SMT, /SRET)",SMT,SMT_d_competence_negative,"Signal-detection sensitivity difference (d-prime, self minus friend), competence domain, negative valence; derived from the self-referential version of the SMT (Day 3; historical label ALT2)"
SMT_rt_ability_negative,"03_derived_indices/Merge_task&questionnaires/positive_self_view_indices.csv (+ task-specific files in 03_derived_indices/IAT, /SMT, /SRET)",SMT,SMT_RT_competence_negative,"Reaction-time difference (self minus friend, ms), competence domain, negative valence; derived from the self-referential version of the SMT (Day 3; historical label ALT2)"
SMT_d_moral_positive,"03_derived_indices/Merge_task&questionnaires/positive_self_view_indices.csv (+ task-specific files in 03_derived_indices/IAT, /SMT, /SRET)",SMT,SMT_d_morality_positive,"Signal-detection sensitivity difference (d-prime, self minus friend), morality domain, positive valence; derived from the self-referential version of the SMT (Day 3; historical label ALT2)"
SMT_rt_moral_positive,"03_derived_indices/Merge_task&questionnaires/positive_self_view_indices.csv (+ task-specific files in 03_derived_indices/IAT, /SMT, /SRET)",SMT,SMT_RT_morality_positive,"Reaction-time difference (self minus friend, ms), morality domain, positive valence; derived from the self-referential version of the SMT (Day 3; historical label ALT2)"
SMT_d_moral_negative,"03_derived_indices/Merge_task&questionnaires/positive_self_view_indices.csv (+ task-specific files in 03_derived_indices/IAT, /SMT, /SRET)",SMT,SMT_d_morality_negative,"Signal-detection sensitivity difference (d-prime, self minus friend), morality domain, negative valence; derived from the self-referential version of the SMT (Day 3; historical label ALT2)"
SMT_rt_moral_negative,"03_derived_indices/Merge_task&questionnaires/positive_self_view_indices.csv (+ task-specific files in 03_derived_indices/IAT, /SMT, /SRET)",SMT,SMT_RT_morality_negative,"Reaction-time difference (self minus friend, ms), morality domain, negative valence; derived from the self-referential version of the SMT (Day 3; historical label ALT2)"
SRET_yes_ability_Positive,"03_derived_indices/Merge_task&questionnaires/positive_self_view_indices.csv (+ task-specific files in 03_derived_indices/IAT, /SMT, /SRET)",SRET,SRET_encoding_endorsement_competence_positive,"Endorsement difference (self minus friend, count of 'yes' responses) in the encoding phase (EW = formal word-evaluation screen), competence domain, positive valence"
SRET_rt_ability_Positive,"03_derived_indices/Merge_task&questionnaires/positive_self_view_indices.csv (+ task-specific files in 03_derived_indices/IAT, /SMT, /SRET)",SRET,SRET_encoding_RT_competence_positive,"Reaction-time difference (self minus friend, ms) in the encoding phase (EW), competence domain, positive valence"
REC_ability_Positive,"03_derived_indices/Merge_task&questionnaires/positive_self_view_indices.csv (+ task-specific files in 03_derived_indices/IAT, /SMT, /SRET)",SRET,SRET_RJ1_competence_positive,"Recognition sensitivity difference (d-prime, self minus friend) from the first recognition judgment (RJ1: new/familiar/old), competence domain, positive valence"
SOURCE_ability_Positive,"03_derived_indices/Merge_task&questionnaires/positive_self_view_indices.csv (+ task-specific files in 03_derived_indices/IAT, /SMT, /SRET)",SRET,SRET_RJ2_competence_positive,"Source-memory sensitivity difference (d-prime, self minus friend) from the second judgment (RJ2: attributing words to self or friend), competence domain, positive valence"
SRET_yes_ability_Negative,"03_derived_indices/Merge_task&questionnaires/positive_self_view_indices.csv (+ task-specific files in 03_derived_indices/IAT, /SMT, /SRET)",SRET,SRET_encoding_endorsement_competence_negative,"Endorsement difference (self minus friend, count of 'yes' responses) in the encoding phase (EW = formal word-evaluation screen), competence domain, negative valence"
SRET_rt_ability_Negative,"03_derived_indices/Merge_task&questionnaires/positive_self_view_indices.csv (+ task-specific files in 03_derived_indices/IAT, /SMT, /SRET)",SRET,SRET_encoding_RT_competence_negative,"Reaction-time difference (self minus friend, ms) in the encoding phase (EW), competence domain, negative valence"
REC_ability_Negative,"03_derived_indices/Merge_task&questionnaires/positive_self_view_indices.csv (+ task-specific files in 03_derived_indices/IAT, /SMT, /SRET)",SRET,SRET_RJ1_competence_negative,"Recognition sensitivity difference (d-prime, self minus friend) from the first recognition judgment (RJ1: new/familiar/old), competence domain, negative valence"
SOURCE_ability_Negative,"03_derived_indices/Merge_task&questionnaires/positive_self_view_indices.csv (+ task-specific files in 03_derived_indices/IAT, /SMT, /SRET)",SRET,SRET_RJ2_competence_negative,"Source-memory sensitivity difference (d-prime, self minus friend) from the second judgment (RJ2: attributing words to self or friend), competence domain, negative valence"
SRET_yes_morality_Positive,"03_derived_indices/Merge_task&questionnaires/positive_self_view_indices.csv (+ task-specific files in 03_derived_indices/IAT, /SMT, /SRET)",SRET,SRET_encoding_endorsement_morality_positive,"Endorsement difference (self minus friend, count of 'yes' responses) in the encoding phase (EW = formal word-evaluation screen), morality domain, positive valence"
SRET_rt_morality_Positive,"03_derived_indices/Merge_task&questionnaires/positive_self_view_indices.csv (+ task-specific files in 03_derived_indices/IAT, /SMT, /SRET)",SRET,SRET_encoding_RT_morality_positive,"Reaction-time difference (self minus friend, ms) in the encoding phase (EW), morality domain, positive valence"
REC_morality_Positive,"03_derived_indices/Merge_task&questionnaires/positive_self_view_indices.csv (+ task-specific files in 03_derived_indices/IAT, /SMT, /SRET)",SRET,SRET_RJ1_morality_positive,"Recognition sensitivity difference (d-prime, self minus friend) from the first recognition judgment (RJ1: new/familiar/old), morality domain, positive valence"
SOURCE_morality_Positive,"03_derived_indices/Merge_task&questionnaires/positive_self_view_indices.csv (+ task-specific files in 03_derived_indices/IAT, /SMT, /SRET)",SRET,SRET_RJ2_morality_positive,"Source-memory sensitivity difference (d-prime, self minus friend) from the second judgment (RJ2: attributing words to self or friend), morality domain, positive valence"
SRET_yes_morality_Negative,"03_derived_indices/Merge_task&questionnaires/positive_self_view_indices.csv (+ task-specific files in 03_derived_indices/IAT, /SMT, /SRET)",SRET,SRET_encoding_endorsement_morality_negative,"Endorsement difference (self minus friend, count of 'yes' responses) in the encoding phase (EW = formal word-evaluation screen), morality domain, negative valence"
SRET_rt_morality_Negative,"03_derived_indices/Merge_task&questionnaires/positive_self_view_indices.csv (+ task-specific files in 03_derived_indices/IAT, /SMT, /SRET)",SRET,SRET_encoding_RT_morality_negative,"Reaction-time difference (self minus friend, ms) in the encoding phase (EW), morality domain, negative valence"
REC_morality_Negative,"03_derived_indices/Merge_task&questionnaires/positive_self_view_indices.csv (+ task-specific files in 03_derived_indices/IAT, /SMT, /SRET)",SRET,SRET_RJ1_morality_negative,"Recognition sensitivity difference (d-prime, self minus friend) from the first recognition judgment (RJ1: new/familiar/old), morality domain, negative valence"
SOURCE_morality_Negative,"03_derived_indices/Merge_task&questionnaires/positive_self_view_indices.csv (+ task-specific files in 03_derived_indices/IAT, /SMT, /SRET)",SRET,SRET_RJ2_morality_negative,"Source-memory sensitivity difference (d-prime, self minus friend) from the second judgment (RJ2: attributing words to self or friend), morality domain, negative valence"
ability_IAT,03_derived_indices/Merge_task&questionnaires/data_z_cleaned.csv and other data_z*/data_q_task files,IAT,,"IAT D-score, competence domain (same variable as in the 26 released indices)"
moral_IAT,03_derived_indices/Merge_task&questionnaires/data_z_cleaned.csv and other data_z*/data_q_task files,IAT,,"IAT D-score, morality domain (same variable as in the 26 released indices)"
ability_ALT_rt,03_derived_indices/Merge_task&questionnaires/data_z_cleaned.csv and other data_z*/data_q_task files,SMT,,"Historical composite: friend RT minus self RT in the POSITIVE valence condition only, competence domain (self-referential SMT/ALT2); differs from the per-valence SMT_RT_* indices"
moral_ALT_rt,03_derived_indices/Merge_task&questionnaires/data_z_cleaned.csv and other data_z*/data_q_task files,SMT,,"Historical composite: friend RT minus self RT in the POSITIVE valence condition only, morality domain (self-referential SMT/ALT2)"
ability_ALT_d,03_derived_indices/Merge_task&questionnaires/data_z_cleaned.csv and other data_z*/data_q_task files,SMT,,"Historical composite: d-prime difference (self minus friend) in the POSITIVE valence condition only, competence domain (self-referential SMT/ALT2)"
moral_ALT_d,03_derived_indices/Merge_task&questionnaires/data_z_cleaned.csv and other data_z*/data_q_task files,SMT,,"Historical composite: d-prime difference (self minus friend) in the POSITIVE valence condition only, morality domain (self-referential SMT/ALT2)"
ability_SRET_EW,03_derived_indices/Merge_task&questionnaires/data_z_cleaned.csv and other data_z*/data_q_task files,SRET,,"Historical composite: count of 'yes' endorsements, positive self-referential minus negative self-referential words, encoding phase (EW), competence domain; differs from the per-valence SRET_encoding_endorsement_* indices"
moral_SRET_EW,03_derived_indices/Merge_task&questionnaires/data_z_cleaned.csv and other data_z*/data_q_task files,SRET,,"Historical composite: count of 'yes' endorsements, positive self-referential minus negative self-referential words, encoding phase (EW), morality domain"
ability_SRET_rt,03_derived_indices/Merge_task&questionnaires/data_z_cleaned.csv and other data_z*/data_q_task files,SRET,,"Historical composite: mean RT, negative self-referential minus positive self-referential words, encoding phase (EW), competence domain"
moral_SRET_rt,03_derived_indices/Merge_task&questionnaires/data_z_cleaned.csv and other data_z*/data_q_task files,SRET,,"Historical composite: mean RT, negative self-referential minus positive self-referential words, encoding phase (EW), morality domain"
ability_SRET_RJ1_d,03_derived_indices/Merge_task&questionnaires/data_z_cleaned.csv and other data_z*/data_q_task files,SRET,,"Historical composite: recognition d-prime difference (self minus friend) from the first recognition judgment (RJ1), competence domain"
moral_SRET_RJ1_d,03_derived_indices/Merge_task&questionnaires/data_z_cleaned.csv and other data_z*/data_q_task files,SRET,,"Historical composite: recognition d-prime difference (self minus friend) from the first recognition judgment (RJ1), morality domain"
ability_SRET_RJ2_d,03_derived_indices/Merge_task&questionnaires/data_z_cleaned.csv and other data_z*/data_q_task files,SRET,,"Historical composite: source-memory d-prime difference (self minus friend) from the second judgment (RJ2), competence domain"
moral_SRET_RJ2_d,03_derived_indices/Merge_task&questionnaires/data_z_cleaned.csv and other data_z*/data_q_task files,SRET,,"Historical composite: source-memory d-prime difference (self minus friend) from the second judgment (RJ2), morality domain"
