SMT_d_ability_negative,SMT_d_ability_positive,SMT_d_moral_negative,SMT_d_moral_positive,SMT_rt_ability_negative,SMT_rt_ability_positive,SMT_rt_moral_negative,SMT_rt_moral_positive
-0.406464053,1.439446701,0.795384536,0.361000253,51.91023936,-53.72916667,2.978947368,17.03729003
1.54891051,0.285489169,-0.971922784,-0.499848888,-12.96546053,49.50604703,39.76842105,5.126315789
-0.934530554,1.566754145,-1.132896839,0.64192904,10.85952871,-94.51973684,24.71827957,10.87230011
0.256681951,0.246535974,0.752920305,0.306799567,-35.64428191,-47.20658888,22.34820407,0.342388229
-0.655780097,0.95331939,0.359813391,1.206646107,-15.82578357,8.841455045,24.15284715,-50.77048055
-0.418899283,0.954889715,-1.372199605,0.24225465,7.276595745,-2.115789474,19.31578947,19.08333333
-0.751165003,0.076422859,-1.041104108,1.269268987,-3.674395161,23.6889881,13.64300112,-59.82214912
1.33940153,0.565359606,-0.31760871,-1.665099337,-74.25079482,-3.57213754,45.83333333,43.4860721
0.044462271,0.234738833,0.119031627,1.328842513,-35.3872807,-1.307390817,23.09692982,-82.21609043
0.272822268,1.000234926,-0.356736204,-1.081776904,25.62365591,-60.87234043,45.98421053,-13.71557018
1.381215944,0.99212467,-0.624494908,-0.118161121,-4.147587719,-26.59375,-4.864583333,-27.14583333
-0.546214121,0.295301872,0.54275944,0.282922193,-9.114583333,-14.58925439,11.37234043,-113.8351974
-0.695389938,1.152301743,0.99339821,0.085946722,3.032387707,-4.221052632,-38.00116959,39.89542334
0.611570219,0.024666999,-0.265573847,1.99888493,-3.26108156,-34.16038483,-23.42586786,-42.09473684
1.098259372,0.339245869,0.401555918,-0.139050853,-15.32839912,-77.26008772,-14.39309564,-46.16584546
0.390432416,1.483878066,0.443580136,0.542258127,-41.70548953,-77.27028509,-26.35555556,-9.991492379
0.038888937,2.033230362,0.61981962,1.23948667,-11.83157895,-63.88197088,-52.91633772,-51.69148936
-0.29239381,1.018415756,-0.123476803,0.549374763,-52.64630185,-9.798614429,-32.72402746,24.46494871
0.351021482,1.233045842,-1.393258377,1.160641958,-14.31590146,-38.93174873,-7.621052632,-52.27083333
-0.228280458,-0.834842706,1.25677219,-0.449135006,9.657093822,11.5656215,-6.822351865,5.368421053
-0.208962437,1.886970366,0.667526277,0.042850953,-25.08914729,-97.50304735,-27.21285141,-9.223397224
-0.404738784,-0.39528382,-0.051182411,0.504672794,44.76192146,-26.92553191,-27.63968548,-13.75789474
-0.152323334,-0.29346653,0.578267301,0.8034467,12.65797101,-29.83510638,-56.74884366,12.85887796
-0.22018396,-0.035185329,-0.018543798,-0.049277572,-0.326315789,-19.2116578,-14.15248227,-36.02105263
1.065968556,0.919446595,0.2881248,0.821785908,-51.29024123,-42.28125,-75.09539474,-12.93311404
-0.917359067,0.706402697,0.478645155,0.721902743,22.20833333,10.92708333,-10.1875,-29.51041667
-0.390825722,0.122521137,-1.868542679,1.141651859,4.966485507,-68.80208333,17.48853321,-66.82516189
0.270686929,0.157902727,0.55996316,-0.911188062,57.10824373,9.960092539,6.862403554,47.15789474
-1.383772808,-0.749943028,-0.401617969,-0.583985222,11.20054945,14.14736842,27.05154278,13.66304348
-0.631614437,-0.344186936,0.361073516,0.406728424,17.55434783,-28.82246377,-1.938229238,-14.78354371
0.263202821,0.73651878,1.097882533,1.623473068,-37.97916667,-34.01041667,27.41666667,-97.49468085
-0.120637206,-0.066028232,-0.396596189,-0.254688538,48.54243421,16.96381579,11.80767544,-11.01787281
-0.688472306,1.043602313,1.472084847,-0.230847445,-9.463048246,-45.52631579,-88.43059211,26.33534946
-0.561223112,0.451904563,0.203689109,-0.740357363,62.41210846,-17.84206989,-6.510416667,19.09451754
-0.357126956,1.401882663,-1.163153113,-0.561166422,9.166666667,-71.4685307,18.70723684,-14.36458333
1.009668452,1.423844779,-0.90170336,0.840856185,-50.93026316,-78.22916667,76.97916667,-105.7083333
-0.130827002,-0.746181692,0.001516923,0.781400087,-33.5622807,36.82795699,5.115789474,-94.01282895
0.173083707,1.088407943,0.166484763,0.49158275,51.60767544,-26.3125,16.9268617,-50.50285088
-0.351369327,1.988296578,-0.886202404,1.135202334,-17.25584385,-130.84375,26.48421053,-45.45712719
1.567641537,-1.827306987,-1.019911331,1.644322536,-77.98732315,44.25032895,65.84210526,-43.59682018
0.073509153,-0.376568639,0.442616779,-1.777275796,-59.12125372,40.0040747,2.101692976,20.67993421
0.191523293,1.028846182,0.35027606,1.250373629,-12.86502193,-22.30986842,-20.43157895,-49.46875
0.664500066,-0.741927014,0.869498658,-0.569407301,-86.03381859,-34.27335526,-96.57927632,-11.51597222
-0.095876929,0.232644747,-0.615829349,-0.078601428,8.854166667,-34.04166667,13.03157895,-4.291666667
1.82418842,-1.354824895,0.344756689,0.886484751,-71.22849462,59.10869565,-40.34682018,-52.97916667
0.18070897,0.818607517,0.941694137,0.653840005,17.2683114,-0.678289474,-45.30526316,27.71875
0.058095248,0.130345155,-1.58092228,0.084273989,-52.9375,1.052631579,76.04166667,-48.47182018
1.23515502,0.884496678,1.752793925,-0.461300822,10.53125,-13.0625,-26.90526316,-17.96019737
0.083051904,0.194809916,0.064075532,0.946143937,7.537828947,-45.05723684,16.14583333,-48.0573854
-0.102282612,-1.404007453,-0.815652167,0.600321873,-32.84089835,91.20700483,-19.40145577,-27.49903288
-0.348530141,-0.934771331,-0.248338456,-0.044760495,35.2474804,-32.06315789,47.63225084,-21.65964912
0.554193105,0.493093006,-0.274711649,1.052829777,-88.37600453,-45.33278509,-26.52593085,-36.97916667
1.23292679,0.80984253,-0.214977923,1.714958581,-38.80645161,8.094736842,10.76595745,-42.15740105
0.172469358,0.931684514,0.364293065,0.92331119,3.587765957,-31.51041667,5.123574561,-3.072916667
-1.541166322,1.036940342,0.790838387,0.453737817,36.8106395,-39.72774123,-0.818421053,-25.96985816
0.327746199,0.498942459,-0.141069494,0.817189537,-67.26428976,-1.681469298,45.28368794,18.37077268
-0.379982702,1.335618378,1.032037266,1.814481962,17.47916667,-6.740679825,-34,-68.33333333
1.03538956,-0.529247408,0.026229668,-1.173719036,-142.9513013,-30.39660441,-42.00240275,45.91843972
-0.232644747,1.364331067,0.593480832,0.645075018,10.125,-41.64583333,-36.19671053,-53.47379386
1.754220302,-0.312919754,-0.198284877,-0.641400083,-26.02083333,37.9375,-9.208004386,2.583333333
0.780858804,0.904830557,-1.179936982,1.416881569,-21.58541667,-55.82291667,-1.136124457,-125.4346491
1.56587783,-0.348387862,-1.186152401,-0.76424283,-74.89583333,-52.625,15.92819149,7.989583333
1.097925443,0.639022592,-0.976417601,-0.373232474,-68.21276596,-1.404385965,55.09473684,-4.708333333
0.112304057,-0.565696041,-0.453184325,-0.496075221,-15.6875,23.04166667,25.99923246,21.89583333
-0.019987938,-0.624293103,-0.018995377,-0.197916955,6.354166667,-1.410416667,21.05208333,56.10372807
-0.169357861,0.778858868,-0.993132504,1.381351453,-41.23958333,-45.52083333,-53.75975177,-71.69791667
-0.234716607,0.315787425,0.879025948,1.48315987,-44.7534965,-21.80679117,-21.19646465,-83.21595796
1.279584381,1.04406479,-0.368902021,1.794359762,-52.29166667,-40.42828947,79.43157895,-150.0407609
0.76424283,1.054055503,0.18276284,1.086460484,-3.614583333,-26.69692982,-39.41666667,-25.97614782
0.502575649,0.109948433,-0.695506456,1.813032523,-24.14583333,41.26041667,69.47185284,-117.25
0.898291433,0.348151002,-0.286597128,-0.168333099,-37.03762598,-31.61436404,-45.72916667,27.875
-0.166988306,-0.311954506,0.182193875,-0.200031669,11.27686404,-27.31370614,-0.552083333,-28.97894737
0.166781376,-0.41075654,-0.274615902,0.755066635,13.12559301,-61.10526316,-52.41758242,-57.14713065
0.138960601,0.697340538,-0.925793906,2.878481393,18.13607456,-32.39583333,79.92631579,-153.6283602
-0.295903122,1.101105273,0.541355981,0.794178853,-15.70374653,-67.67479396,-83.02284946,-33.94846116
0.876711441,-0.305169736,0.328521675,0.772699517,-78.57938596,-56.89583333,-5.4375,19.5
0.197363054,0.476166927,-1.28901674,0.917297528,9.533333333,21.0212766,47.87763158,-27.38355193
-1.645249105,-1.194100805,-0.378404996,0.202822327,2.572587719,2.03125,-0.083333333,1.594188596
-0.98151622,-0.085467448,1.262580099,-1.372802749,28.85964912,-58.8125,-109.9361702,107.4606943
-0.61714647,1.14612897,-0.678180914,1.880264039,37.39638158,-59.28844394,52.40524194,-69.6
-0.446655179,1.387402255,-0.990399196,0.818076972,3.920175439,-86.58297872,22.04920213,-64.75162374
-0.403963888,0.15766193,0.931519472,0.231977114,12.99180729,-7.397655105,13.93536948,-94.03678161
-0.24365021,1.835684725,-3.308462894,0.338951078,-18.36325355,-32.48801792,37.13807624,-28.78590426
1.084241487,1.256518886,-0.57841936,1.865802043,4.26763559,-49.50526316,-66.28336496,-172.1452851
-0.122028356,-1.278360671,1.242770812,-0.463456842,22.6125,-10.14583333,-40.16666667,-22.09375
0.590280573,0.939522197,0.235289309,0.118474409,13.36458333,-24.33333333,23.63399123,17.71940789
-0.231601858,0.038274025,0.540923956,-0.469473658,-19.10526316,-35.96035834,-42.01453346,37.01872659
1.081832543,0.30039434,-0.172413136,1.78510971,-43.21875,2.926315789,-3.231578947,-79.7129386
-0.436795845,-0.193071761,0.609753284,1.222369076,5.809649123,-38.14583333,-21.02083333,-23.61458333
0.245469772,1.041875392,1.248770956,0.37145251,-10.3247807,-28.625,-41.66666667,-5.964095745
-1.052118355,1.188968819,-0.060188611,0.848953487,67.08409854,-80.16842105,-26.42105263,3.460349462
-0.705609625,1.245564501,1.083880976,1.260090398,81.76529255,-106.5,-18.22459954,-53.88541667
0.299673824,0.701641184,0.233515826,0.847334532,26.00201568,-85.23460145,3.808734602,-46.28004386
1.022173309,0.587920909,-1.927824954,0.903345697,-14.06657515,-4.174013158,-6.151910318,-30.30526316
-0.496277102,0.246414375,-0.790325475,1.541191701,12.58333333,-17.58508772,7.09375,-19.57291667
0.489515956,0.023639471,0.374859683,0.735358334,-23.89046053,-11.36990248,-33.37634409,-14.64583333
0.459701223,-0.999268069,1.119604252,-0.629926429,-6.936842105,2.354166667,-24.80208333,25.43826754
-1.162600247,-0.502713587,-0.18691094,1.247337253,-28.5625,-25.27083333,14.01041667,-47.60416667
-0.066028232,0.305169736,0.579326942,0.784817828,34.57236842,-78.42708333,53.47763158,-60.26041667
0.634308135,1.209926142,-0.971578562,0.703854877,-3.1875,-26.65625,33.12433511,-15.16842105
-0.919405032,-0.364546166,1.023077313,-0.083697017,10.32956327,13.89472518,-76.00131579,17.5441886
0.100994956,1.195055669,0.25110608,0.827002255,-0.291666667,-34.41809211,-20.44791667,-26.80208333
-0.096517444,0.848445894,-0.306272613,0.941419527,-67.98947368,-97.2786644,29.80645161,34.59232456
0.701656396,-0.54699184,0.570071555,-0.423903925,-88.21195652,29.00486701,-6.2,-32.69473684
1.15098231,1.430710799,-0.639410264,-0.898650568,-77.96077128,13.40625,22.5625,-51.69495614
-0.747660042,1.934868827,-0.878876759,-0.261039429,-57.13541667,-37.82594086,12.02947695,-3.231578947
-0.943153373,-0.035239862,-0.580595923,0.409940481,10.63884993,-23.44670407,38.74725275,-59.82541993
0.445457386,1.193038827,-0.777098967,0.392976648,6.452590194,-30.75951087,17.36696529,-71.36481227
-0.319718175,-0.250800034,-0.247676485,-0.033291252,11.29166667,16.375,12.1875,-8.12677305
-0.360143923,-0.579326942,0.788081575,0.610501218,-19.28640351,-19.33333333,-20.13475877,-103.7202851
-0.000230564,0.954278491,1.095913182,0.955232761,-10.47236842,-11.90625,13.36037234,-104.5325798
-0.61827522,0.177554762,-1.263021216,0.85924335,74.5483871,1.22052305,6.2,-97.83782895
0.15790058,0.367911143,0.03449823,1.457307878,-29.91666667,-26.05208333,11.65117581,-64.42439516
-0.321743258,-0.651145262,-0.978596698,-0.557364826,-19.31560284,107.6145833,25.71502193,57.32105263
0.590837817,1.434568973,0.08333132,0.421195258,-37.55856783,-96.82993421,13.65522764,-68.04166667
-0.535422522,0.06485957,0.062190697,0.21792902,-36.12631579,-27.41052632,-28.92631579,-17.63486842
-0.070623758,0.492445719,0.155203765,0.750343636,-25.125,-25.27083333,10.20833333,-19.47916667
-1.142881543,-0.871868714,1.443564151,-1.837833902,-17.1808114,-115.5104167,-109.9446272,75.625
-0.819844451,1.214347376,-1.165018926,1.090833069,118.5906568,-35.09685284,-63.97159027,-71.23157895
-0.252817633,1.121369786,-0.475584668,1.423844779,-17.23958333,-8.104166667,32.56648936,-66.4375
-0.152019383,-0.198417912,0.613685327,0.55375594,1.666666667,-23.825,28.06315789,-66.20833333
0.328521675,-0.013801861,-0.338256176,-0.867837118,-53.47916667,6.048026316,-5.1875,44.18971631
1.261097823,-0.789583061,0.218018243,0.778672571,-89.12192982,61.30427632,-6.197916667,-141.7395833
-0.192579064,0.628871574,-0.187016693,0.145099997,25.14583333,3.177083333,-34.9375,27.16666667
0.267601992,1.904931038,-2.024963042,1.54042764,53.79841539,-125.9833777,110.5160183,-94.09264184
-0.493948601,-0.232386787,1.768080071,-2.053001866,-45.84846491,-33.43256579,-12.11388889,134.3281798
1.238608199,1.381859659,-0.137728051,1.693054317,-104.1875,-50.38475877,39.6875,-37.55548246
0.698249069,-0.424216716,0.403814787,1.506579622,-30.06315789,-52.16627051,-43.72048055,-38.54826428
0.403406745,1.663355545,0.690577281,2.038887729,6.309100877,-77.98958333,0.384973404,-129.3725621
-2.311401638,-0.034800264,0.285394622,0.529049496,43.22585812,-14.24468085,19.43852184,4.503837719
-0.206361365,-0.062641869,-0.359794283,0.235337326,65.24893617,0.378947368,22.34027203,27.36702128
1.191836544,-1.822586719,0.990070352,0.071582437,-2.625,27.6875,-60.98958333,-1.126315789
0.316393838,1.165954622,0.318730472,-0.53046745,-17.98365062,-66.96476064,-100.3727884,-22.65106383
0.469625494,0.892128416,1.330246371,-1.159923392,39.37234043,-14.53280142,-58.98947368,80.11103723
2.700368464,1.455153081,-0.073585346,2.070818765,-121.345943,-49.73739035,84.24802632,-42.88541667
0.383771164,0.907848617,0.176367022,0.623543063,-36.96842105,-12.9375,-43.1872807,-0.684210526
0.76424283,1.138911,0.874047645,1.019281105,-55.38541667,-67.74379433,-31.18152296,-59.54166667
-0.250377796,-0.079009243,-0.24225465,-0.646973985,20.48223684,36.40142544,-32.46875,-37.11458333
0.996100332,0.749716933,0.261838199,1.107433407,-31.12960526,-40.29166667,-27.46097561,-41.99603175
-0.282922193,0.862249135,-0.502713587,-4.44E-16,47.66940789,-42.96842105,47.59375,27.90625
0.529410013,2.301452551,1.161024575,2.921254437,-69.15789474,-132.0383065,-20.92127193,-83.08355496
0.25735957,-0.081085445,-0.733825761,-0.905268085,-17.21052632,15.60416667,-34.31955645,2.591733871
1.343569772,-0.371058897,0.701113769,0.750771587,-45.49473684,15.43552632,6.242105263,-27.77659574
1.160641958,1.49278394,8.88E-16,1.843668164,-30.94791667,-49.38541667,-22.36458333,-73.02807018
0.740388251,1.296412839,-0.255215858,-0.100630848,-4.070807596,-57.53539707,15.31003584,-14.82417582
0.200915966,0.069403928,-0.036733652,0.179281379,-18.8296371,-40.55537281,-28.68118701,53.89473684
-0.350887741,-0.600293339,-0.32774639,1.158440032,42.22916667,20.83333333,22.40625,-7.50252193
-0.118312925,-0.69011504,0.283469979,-0.475854806,-25.30272895,18.89078947,-18.19708847,-5.221052632
0.769047563,0.998788808,-1.184284871,1.24010246,-37.57839912,-28.0625,-7.010416667,-4.322916667
-0.85206034,-0.566922224,0.454827129,0.414569547,19.40425532,-20.94623656,6.342420213,-3.262768817
-0.39915046,1.548057721,0.158526578,0.686159644,-22.02765957,-33.80208333,12.26041667,-49.35416667
0.404469543,1.356197736,0.228556381,-0.010724194,1.427083333,-85.84375,-42.28114035,-3.591337719
0.405111024,-0.067690938,0.259423209,1.337549332,12.74295416,32.68399123,-72.35644017,-47.71086226
-2.223889647,1.418884394,0.552359378,-0.87780575,36.11354983,-39.67581187,-36.5625,-1.785948094
1.593180549,0.647620404,0.37639733,1.37488433,-47.80874704,-24.38157895,-7.247191011,-49.98863636
1.165289494,-1.185895129,-0.757449898,0.821165897,-28.89583333,35.17708333,20.57291667,-55.59375
0.535206223,0.639914487,-0.651341041,0.231633755,-19.26333992,-39.32413793,28.61679001,8.977355072
-0.533233787,0.974238534,-0.993011318,0.19107621,-36.25065789,-66.34714912,40.36391844,-18.65935284
0.55286643,0.839535773,-1.107825506,0.80673865,-60.50482456,-30.95162374,17.14085145,-79.73737728
-0.44594376,0.721902743,0.095387964,0.516567517,35.57291667,-29.51041667,51.94791667,7.864583333
-0.093019756,0.682795642,0.53718423,0.957183413,-24.78947368,-38.875,-41.26507092,-44.76096491
-0.982934483,-0.83761031,-0.162747054,-0.126242822,-9.484782609,17.4516129,3.779336138,1.277777778
1.834529486,0.102825193,0.516690046,-0.010846638,-42.65957447,-52.9882151,-32.96443342,8.322580645
-0.656648363,1.004420851,-0.084358934,-0.060306515,-8.30730694,-68.92222222,-42.99942805,-8.327935223
0.423523121,-1.506691898,-0.804083149,-0.634762141,-45.56521739,58.70837589,-14.71868132,43.2459093
0.126059339,-0.677191944,-0.258935312,0.167633058,-18.04232923,17.54736842,-2.931515957,-37.12996727
0.881719563,-1.641501156,0.589002073,-0.781802307,-32.67368421,44.70786644,30.49199561,19.35734649
1.373729149,0.380796564,0.779730362,0.111427591,15.94212454,-85.6415141,-26.97712194,-12.85555556
-1.202365221,0.538144841,-0.677735728,0.357569478,-3.166666667,-29.03432018,28.90372807,21.42796986
-0.473502835,0.305169736,1.688929887,-0.203689109,8.364583333,-54.5,-47.92631579,-41.32291667
0.053776919,1.447697247,-0.596174401,-0.27946423,58.5436747,-115.0106076,12.5342027,-3.825598437
-0.535948697,0.170137047,-1.668629967,0.758390853,14.95833333,7.510416667,16.64210526,-59.93881579
-0.364395965,-0.377115882,-0.6685146,-0.653558369,-3.0625,-32.67368421,62.60181452,54.72247919
-0.151126417,0.927997211,-0.749212264,-0.569817881,-56,-0.822916667,29.35416667,41.20833333
0.778672571,0.067647043,0.123605723,2.025006116,-63.98958333,-30.52083333,-1.14747807,-38.72916667
-1.601511009,0.752120702,-0.633508445,0.570776326,15.08333333,12.125,16.38903509,-21.3125
-0.140513576,1.11680415,1.499881906,0.713218403,16.14583333,-85.51041667,-32.49944009,-46.52083333
1.440106117,0.338374673,-0.531293031,0.344512536,-62.0135195,-70.20833333,40.26162281,9.568421053
0.546214121,0.478682601,1.166909061,0.524206665,-50.16666667,-31.58931738,18.08510638,-57.36059397
-1.455121727,0.810066026,-0.569753589,-0.591242731,-29.94032849,-61.80322581,-45.35314728,35.77373813
0.571447152,-0.255323031,-0.43314576,0.578240421,-27.06107456,9.856359649,-1.094736842,-20.59561404
8.88E-16,0.427085401,-0.734115012,-0.05846461,39.57291667,7.822916667,-18.13541667,1.923355263
-0.961600385,-0.990070352,0.430002302,-0.568489991,63.625,-6.65625,-0.708333333,28.55460526
-0.663707868,1.83941734,-0.643066117,1.26106201,34.98530702,-107.5104167,33.76883865,-10.07368421
-0.99653722,0.07837604,-0.029210752,-0.61187309,-0.572916667,11.76535088,-42.375,11.9375
-0.566698978,0.813959762,0.142569664,0.627546153,69.97916667,-23.08333333,-3.693092105,-47.07291667
1.4830014,0.632048725,0.069788217,1.357743951,-10.4787234,-61.27570922,20.74301075,-56.68756999
0.298253424,0.567917509,-0.390968988,1.927284394,17.63706607,-43.35592044,4.276595745,-110.3076148
0.473502835,0.154043318,-0.571447152,0.884496678,-43.29166667,71.03125,49.56436404,-49.98958333
0.355766134,0.35384363,0.147009505,0.211022234,-1.771816638,-32.31715426,-3.464802632,-31.42105263
0.761652185,0.570360631,0,0.970483394,-19.89583333,-6.802083333,-45.5,-45.04846491
1.170533558,1.304293985,0.258938598,0.645569696,-27.16754386,-52.15789474,66.61458333,1.20120614
-0.564299392,1.451887896,-1.249272661,0.342147383,40.18478261,-51.02541993,113.7275882,35.38283753
1.851299442,1.202154418,0.241905193,0.74089089,-103.1532895,-5.09375,23.98432251,-70.67708333
2.685236178,-0.136248922,0.263420336,-0.220710586,-96.64485126,19.6818589,-31.69797944,-19.77466619
0.906945412,0.15918452,0.052446501,1.2318547,-63.43729003,-26.1974734,-29.27368421,-129.2801418
1.122212654,-1.11988711,-0.00090915,0.215173378,-18.41935484,-83.94218316,-67.72065648,-4.286338186
0.424380068,0.564897202,0.453881801,0.513437781,-54.3614805,-4.666666667,-36.25274123,-63.09989035
2.022284914,0.470188468,-0.185528914,-0.553277055,-119.0882092,-6.197916667,23.23453947,-9.072916667
-1.64235669,0.262126436,-1.389673092,1.166333198,89.6079344,40.73760965,-35.11458333,-122.9142544
0.427160309,0.130981685,1.367398565,0.901039752,-23.740311,37.20606407,-95.40858124,-17.43823529
-0.595620554,0.180958463,-0.772324645,-0.05110848,71.01512097,-31.12938596,30.79092945,-21.05120614
1.046622773,1.748392777,0.957187667,2.499728861,-22.94612217,-45.70201327,1.042105263,-122.3516447
0.653840005,-0.234175035,-1.331503959,1.640188891,-74.58333333,1.02127193,79.82291667,-64.14583333
-0.44594376,1.098017846,1.185564926,0.380586231,0.020833333,-53.23958333,-82.42708333,-21.35416667
1.061060019,1.656001141,0.404452002,2.554314898,-71.84210526,-76.97872807,27.4787234,-112.9921582
0.072757091,-0.830692212,0.244911185,-0.634985806,9.786304471,1.343894542,27.76803919,-10.07368421
-0.531639429,0.67887011,0.357126956,-0.68423476,-17.33333333,4.474671053,-3.6875,43.33333333
0.010724194,-0.315037599,1.068135127,0.175774277,-11.45614035,2.688048246,-87.88723404,9.359264184
1.272622809,0.322376418,-0.447531166,2.348069865,-14.11688596,-13.0625,-12.70635965,-92.51041667
-0.240608534,1.77488818,0.577642345,1.060963108,-22.92708333,-60.91666667,-40.67708333,-79.73958333
0.03839251,1.01589351,0.453051217,1.17222453,-44.47826087,-53.28174692,9.950615901,9.044078947
0.491900518,0.592284816,0.160481384,1.39203742,-14.23625887,1.888076241,-13.77736276,-68.63608156
-0.468923899,0.653840005,0.188592568,0.105824107,9.768969298,42.10416667,-13.74714912,-54.54166667
0.245272936,0.577668666,-0.619556767,1.108268911,2.288157895,-32.07291667,-14.17105263,-55.68421053
-1.418082835,0.546027824,-1.498773537,1.005427175,-55.94791667,-28.32291667,16.9375,-49.20833333
0.455160549,0.387602941,1.219132325,0.077861543,-5.301654846,-60.72043011,-10.16129032,-31.05806452
0.787594988,0.968394087,0.98236168,1.060963108,10.62379386,-74.9875,-23.95833333,20.71875
-0.997428774,-0.203689109,-0.80197551,1.428189648,19.57291667,2.916666667,70.42291667,-78.47916667
0.346147633,0.531126325,-0.899784137,-0.771576971,-16.17708333,-30.37236842,54.42597984,55.90625
-0.215972543,-0.622143637,1.271806294,0.016474247,26.76572104,3.947712418,18.69070549,12.22933931
0.606123516,-1.049498354,-2.113456403,0.618861566,-14.86382979,8.014375877,20.08464419,-13.51555708
0.685600455,0.149470548,1.024315497,1.576637694,-25.08765032,8.570609319,-5.946883469,-5.163537549
0.705475615,0.582021684,-0.567975548,1.508901961,-42.72916667,10.34375,19.95833333,-23.10416667
0.885965484,0.00033297,2.242879548,0.009867864,-57.67017544,-33.21260965,-47.44528509,-23.24100877
-1.335689982,0.458114539,-1.148013994,0.860892917,74.76567982,5.889755406,-32.33333333,-124.8645833
-1.199516329,0.67003948,-0.486314495,1.634144793,-8.65252193,-41.16666667,-11.31052632,-41
-0.256883019,1.042822256,0.250504051,-0.105599419,47.41538462,53.59759482,6.100732601,-49.61513487
-0.252621579,-1.119737635,0.125082716,-0.383771164,31.59105468,-4.568085106,-3.227956989,-0.9375
-0.043075771,0.147177299,1.966594292,1.309411444,47.79682018,-5.604166667,-48.38541667,-29.53125
0.44594376,0.865723456,-0.399304937,0.124832566,-16.32291667,-16.34375,26.75598404,-55.03125
0.258655896,-0.694602324,0.296404749,0.995449374,-57.40309898,-38.60780985,-3.733127431,-11.87656172
-0.8414193,0.653840005,-0.080257954,-0.352979859,-6.138962766,-17.5,1.09375,14.68085106
-0.199138821,-0.732616409,0.772893467,0.66090433,38.80208333,28.65712719,-12.46875,-70.10416667
-0.23794965,-0.060637426,-0.727631801,0.47407419,2.03125,-66.0625,13.36842105,-79
-0.45681542,0.282788601,0.863419257,0.055249489,-25.09199561,0.495175439,-25.61458333,-50.08333333
-0.034659926,1.768691849,-0.713311255,0.957145582,-1.583333333,-34.05274123,22.95789474,-62.19126773
0.469307475,0.248214404,-0.853484149,0.367646641,-0.065131579,-33.42642544,64.80208333,-20.47313596
1.6090544,0.939522197,0.697473462,-0.373554084,-22.13541667,-36.96875,-16.79846491,18.13541667
-2.062840175,-1.079029699,-0.733271209,0.070483237,61.59989035,12.54166667,-7.3125,-24.99462719
1.441586952,0.821084172,0.143323548,-0.004979071,28.49375312,-32.1839396,47.48647343,8.057110862
0.808725976,1.386123792,0.687908242,-0.940534544,-58.61458333,-49.75307018,-19.66834677,53.41052632
0.957906911,0.33622165,-0.134935167,1.150898597,-45.04725877,-30.24989035,-6.375,-18.64561404
0.613116413,0.090580948,-1.082040529,1.507324153,-3.65625,-17.15734649,16.80208333,-62.92708333
0.477139162,0.044951752,1.640459208,-0.027315927,-50.76217467,-18.36783626,-74.35645604,-23.50501836
0.102694153,1.084769628,-0.406616172,0.646726971,-30.79166667,-88.65789474,-1.428821879,30.85106383
0.864348665,-0.453859563,-1.12196314,0.912290432,-61.50526316,7.136842105,80.22105263,-71.27368421
-0.305169736,0.579326942,0.205490886,1.89824058,-14.23958333,-47.48958333,-42.08333333,-100.0520833
0.502713587,0.315037599,0.010724194,1.265755152,-87.17708333,-75.47631579,-55.35065789,-46.52686404
-0.51990685,0.538183838,-0.279546105,0.708504377,-25.11458333,-34.58333333,-6,-43.76041667
1.313507685,-0.446130636,-0.151330079,1.274166024,8.302083333,24.90625,2.699890351,-27.72708333
0.855485006,-0.485579031,0.360938946,0.29303963,-62.62859481,37.25215002,-23.03668478,-58.72774123
1.726489635,0.306310369,0.381451209,0.39658952,-31.22960993,-33.03157895,-46.73157895,-12.12609649
0.083291974,1.032015696,-0.191010803,0.435475344,-38.57171053,-29.01041667,-11.49122807,-31.21653369
1.468402338,-1.207203454,-1.348482264,-0.164619699,-65.94791667,32.11140351,24.08958567,27.625
-0.350297395,-0.776870794,-0.979177547,1.150370789,4.609210526,47.80208333,51.45230263,-28.125
0.328342117,2.035687723,-0.474777744,1.429487089,-31.98958333,-45.17708333,-1.652631579,-1.957894737
-1.013065573,0.443284876,-1.152235403,1.144096464,21.07368421,-5.583333333,63.51425439,-96.95712719
-0.715698775,-0.675203871,-0.653840005,1.040933544,41.63947368,-14.15625,-4.635416667,-17.68712206
-0.537574749,0.079308097,1.381756698,-0.317349603,47.13589568,-20.84375,-107.4321513,60.2843262
-0.119536308,0.584174692,0.923452831,0.681814775,-8.164613662,-4.84375,30.81008772,24.6875
-0.131299434,0.767569552,-0.274157207,0.22047893,-12.68421053,-62.90625,5.46875,-7.110416667
0.182927814,-0.456296153,-0.68252744,0.993745287,34.01041667,-41.72916667,-29.1433114,10.18903509
-0.955627331,-0.408755337,-3.21789129,-0.834708816,59.27083333,3.333333333,42.81052632,48.15690789
-0.578940748,-1.408306492,0.489101896,4.44E-16,21.94736842,-14.21337719,-24.7918883,-18.8125
0.676718165,1.354383889,0.429236329,2.210489233,-59.92708333,-63.20833333,20.30208333,-116.3234649
0.730147801,0.590026842,-0.788363876,2.067710477,-22.65153509,-44.62730263,69.7111437,-231.7664835
0.296214202,-0.254674036,-1.003052989,0.928952102,-74.12871854,29.74639671,25.44742626,-79.96774194
0.28561081,0.458915913,-0.628902394,2.174975726,-59.62903226,-28.68096545,-7.098143236,-188.8698529
-0.054458969,0.925735097,-1.169572077,0.448405337,6.615248227,-24.71471059,48.7002193,-32.42960526
-0.823862907,0.545857262,1.395238544,1.160871157,29.72664474,-50.20548246,-32.44357668,-69.32993421
1.19426283,0.137029647,-0.371835912,0.440278769,-66.81560284,-12.97412281,-4.052083333,16.87357456
1.410076182,1.521365348,-0.07435451,0.593380023,-34.70526316,12.93880119,47.73930571,-94.88729977
-0.866460849,2.214847461,-0.757425606,1.20294877,79.57446809,-99.35789474,-21.14583333,-40.32686404
1.003997387,-0.522843079,1.289369589,0.310278788,-34.82291667,60.62105263,-2.6264893,3.515735816
0.812833366,-1.459136459,0.646353557,0.421237315,-17.98868138,106.9277701,25.50910088,-0.882675439
0.658045709,0.309577442,-1.64045797,1.888604303,-65.50690789,4.563486842,57.01658659,-114.5024636
-0.372594273,1.215584171,-2.118928849,1.64623238,39.23655914,-32.62036613,37.78275476,-50.60966117
0.079858811,-0.866750236,0.595787727,0.53545372,-37.4893617,20.04792833,-57.0624571,-13.71184211
-0.112210446,1.010181896,-0.145552515,1.38027931,29.05376344,-24.85981087,18.35789474,-86.02083333
-0.489893044,-2.135511974,0.643335407,1.55824855,35.96715241,74.22795699,4.343723571,-70.99886814
-0.663978733,-0.732441433,-1.110048617,1.19647055,-37.47429078,33.77083333,-12.87291667,4.75
0.464311243,1.23515502,-0.569379764,0.855242031,-33.76106395,-38.19791667,48.77083333,-6.07872807
-0.310572024,0.324839026,0.150881726,0.988082279,4.739130435,-1.838409854,14.78494624,-59.21875
0.392593132,0.753261958,0.050726223,1.250550494,-20.57200448,-33.87455674,30.05307951,-84.26226204
0.470527664,0.1556228,-0.399311638,0.582774941,22.69791667,-34.75,15.79377476,7.779385965
0.630592306,0.058319064,0.592343679,0.665313659,-79.51410974,-4.042777156,-17.96179364,-78.85635965
0.824767695,-1.278296577,-0.483571205,-0.630357957,-68.28914474,41.87587719,13.35032895,24.31611842
-0.653840005,1.568495068,-0.808371861,0.773068873,56.52083333,-40.05010965,-23.22083333,-55.88541667
-0.440876875,-0.380471666,-1.554045528,-1.12896941,19.06787281,-3.78125,11.51220605,43.45606884
0.780477813,-0.559956857,1.36944357,-0.243865089,-69.88297872,0.924731183,-82.67126491,-27.67446532
-0.497618417,-1.6104299,0.834925701,0.512943501,41.70515118,111.8310307,-28.74901316,-33.43596491
-0.169357861,0.456296153,0.140402224,0.927997211,-40.49692982,4.125,-18.21940789,-29.30208333
-0.221355432,1.18982816,0.757449898,1.470328732,-11.15625,-123.0957237,-44.75,-97.22733516
-0.204168221,1.636070274,-0.303143466,0.911661927,-35.62852292,-128.3206522,46.18947368,-66.84576613
-0.740434948,0.969415473,0.242747348,0.722146848,16.15789474,-44.89305711,-14.07291667,-92.45712719
1.145547354,-0.328874222,0.330594352,1.521273692,-5.989583333,19.05164474,-1.370884658,-104.21875
0.581842744,-0.036144222,-0.632230594,-0.116638224,-28.32799552,-11.38453014,-12.11952462,-26.94791667
0.074079021,1.001825945,0.908077817,0.099595757,-52.52367879,-33.17687632,-55.46195175,15.6662234
0.350253707,-0.762254756,0.573564998,1.438417807,-63.4375,-40.03125,2.395833333,-19.52390351
2.100164155,-0.553908211,-0.532792615,-0.601789407,-54.03125,-19.20833333,9.109264184,-30.05208333
0.382405514,-0.360850172,-0.201923191,-0.312026571,15.76041667,-31.90625,2.270833333,-4.866008772
-0.815578646,0.45641926,-0.064279193,1.354813547,-10.9375,-3.875,5.037390351,-82.03048246
-0.488345102,-1.622102646,1.740226926,1.449511093,-43.71129386,74.92445175,-16.64361702,-10.39361702
0.394079472,0.48381937,0.026921795,-0.318653812,-34.31425439,-50.44791667,34.78324468,12.60328947
-0.275444239,0.523942692,0.103063674,0.137394451,-48.71875,-55.50427632,-85.32959819,4.065381206
0.182711693,1.178670023,0.465166867,0.621453491,15.32291667,-62.39583333,9,-20.39583333
-0.312878408,1.069412566,-0.563999281,1.36804139,20.01041667,-7.083333333,9.552083333,4.864583333
-0.208268045,0.416726871,0.316692527,-0.415705378,4.397807018,-60.39385965,18.51736111,68.7868981
1.18562613,0.314227248,0.309219531,1.903492872,-79.97916667,-0.78125,17.89583333,-80.67708333
0.441548139,2.984533793,-0.16661769,0.28672052,6.871420487,-125.533023,39.88552266,-26.72185284
0.470875932,-0.678061479,-0.649974735,-0.329252965,28.66819222,6.199036918,-12.27213963,26.54622426
-1.064040558,2.061728494,-0.554252555,0.865161286,40.27558791,-122.8333333,2.021052632,-101.6105263
0.057158647,0.318112194,0.005980097,0.725730487,-34.86569149,-11.78125,-2.300895857,-1.208333333
0.305465053,1.162443735,0.319695632,1.279994534,17.49519561,-52,-47.76041667,-70.83998227
0.468968557,0.089408092,-0.244854507,-0.702143487,-12.71019037,-2.140070922,27.47533894,51.03946465
0.45397937,-0.466070975,-0.688473925,0.211890396,9.904255319,26.44600281,14.85387663,24.94364035
0.074928758,-0.339060365,1.262539445,-0.566698978,-5.427083333,45.8125,-49.53782895,-42.64583333
2.163773115,0.367747351,0.431120704,2.10357692,-138.6422184,-3.684210526,18.16618357,-46.02932551
-0.392251237,1.868758067,0.261457833,1.141313161,18.46696529,-88.78723404,6.11881299,-48.56989247
0.292158459,0.773378009,-1.676822104,0.658710139,5.145833333,-26.37765957,49.45767544,-68.54660088
0.545835829,1.430710799,0.197543852,0.348670269,-16.82217245,-14.82291667,-23.84210526,-72.08333333
0.284662432,-0.732780086,1.937585638,-0.13211086,37.1344086,23.15087366,-108.8202688,-19.59574468
-0.274157207,0.776870794,-0.274157207,-0.010724194,-33.27686404,-66.90625,12.66666667,-30.00789474
0.732917147,0.714074463,-0.349130847,1.137591367,-5.542774823,-33.91061828,8.028025623,-7.211842105
-0.275412135,0.50968249,-0.805383664,1.947708345,-11.03235816,-25.69677419,-1.318421053,-60.75789474
-0.169357861,1.53247787,-0.032132382,0.668426958,-29.40690789,-41.97916667,48.34267735,7.681798246
0.593480832,0.689333886,-0.495042119,0,-61.84111842,-63.12631579,16.82400555,-30.70833333
0.834649973,0.679851153,-0.807640708,-0.009867864,-7.651864035,-47.43617021,23.86136618,-2.664144737
0.654972022,-0.089646986,0.54889456,0.170637116,-53.84840426,2.595744681,3.409343201,-71.46237402
0.244146173,0.183871386,-0.247153257,0.546601565,-58.06315789,-5.033991228,-28.80986842,-11.46633772
-0.3928304,2.049699842,1.318651331,0.753053135,0.118870377,-97.71258581,-7.221896383,-13.42505379
0.607161337,1.512324826,0.355844546,0.871057913,-37.86932367,-32.51394799,-52.41528014,-62.72710809
0.210464988,0.030217959,-0.540567553,0.238127163,20.03125,-31.3125,56.22580645,-64.37788121
0.128917417,-0.576999939,0.406373122,1.728483933,-99.46703297,52.33308824,118.7968113,-113.3607712
1.362365021,-0.935698712,0.182051406,2.417160844,-110.7906586,48.10462941,-39.00963046,-49.28125
0.295223477,0.920176263,2.124012983,2.345986116,-26.78125,11.02971491,-1.944627193,-84.88541667
-0.18951771,-0.301777539,-0.557783001,0.768320177,24.73924731,-3.421370968,91.02072368,-20.96875
-0.682795642,0.945017597,-0.474395801,0.531315676,-14.55208333,-61.25,-3.09375,-19.39583333
0.482581432,-0.343045703,-0.054055958,-0.598914585,0.227559607,-2.252688172,-6.182795699,14.14589666
1.063774279,-1.096484852,-0.056853057,0.124832566,-26.96074561,2.801864035,48.64210526,20.84210526
-0.195555778,0.956147725,-0.60428941,1.007386382,29.01041667,-68.8162374,-20.14694149,-62.37894737
0.688876952,0.998561155,0.935029168,1.076770953,26.47021277,-42.44791667,-29.44904815,-46.00950764
-1.267400926,1.521622196,0.073569023,-0.9491282,49.67575355,-55.52631579,38.42105263,48.00482456
-1.784619675,2.656952716,0.536694267,-0.02032696,75.15957447,-105.7263158,-46.02452957,-14.58702957
0.30814918,2.085757688,0.355307033,0.441279108,-20.6838635,-120.8974828,-18.91111111,-37.83301481
0.496784169,1.66513534,-0.842407422,1.317966445,-62.90890957,-92.53295195,10.34299743,-18.79731243
0.984053821,0.257611713,0.736705656,0.946973583,-33.26315789,-33.75822368,-26.58333333,-45.15734649
-0.962821285,-0.582448628,1.487306051,-0.141546395,9.095744681,12.04769698,-87.10542582,-68.17964002
0.532563331,-0.099417492,0.134120207,0.652912288,-27.27796053,13.67368421,-4.454824561,-67.38234649
0.29590023,0.899309776,0.496857466,0.19207195,-8.393617021,-66.02900336,-36.94199328,-7.223245614
0.379779989,0.779643594,-1.471408182,0.568629932,-122.6797149,-96.26315789,5.585106383,-50.52631579
-1.518000082,1.357666542,-0.866866018,-1.700778599,18.83400538,-187.8586623,-19.79661405,53.69272116
0.672984195,-0.261884274,-0.540912387,1.371617753,21.69777563,-10.40599887,-25.56989247,-28.31521739
0.473502835,1.34764712,0.511550311,1.333098246,-25.5,-46.22916667,-18.43984154,-45.99495968
0.031907535,0.827659991,-0.724970376,0.372728877,-26.33333333,-33.52083333,-6.921388578,15.76041667
0.647730968,-0.304836765,-0.201257327,-0.032590043,-27.23404255,-32.31578947,40.52309783,6.151973684
1.046667509,0.677268799,-1.149389674,0.379925223,-38.20866228,-5.19382151,21.80751507,-61.64523589
-0.492173239,0.477027218,0.284541654,0.519907017,41.40135577,34.21290323,-21.89824561,4.388787185
1.140922586,-0.20557846,0.225619237,-0.193468657,-51.52206047,21.27349291,-21.91861913,-40.71623168
0.95399379,0.152057541,-0.383644635,-0.772595393,-50.15877193,-0.004654255,5.584420041,67.64633867
-0.455432448,1.946281412,0.550274668,-0.541555693,-13.45197368,-46.97916667,-25.00657895,-13.78892544
-1.186828386,0.651915795,0.306745315,1.295992276,-0.194370567,-38.00938,-25.02754759,-16.94736842
0.329242458,-0.427967989,-0.369449161,0.118166446,8.989583333,23.5,-38.7754792,-14.52570922
0.954907956,-0.656243773,0.388911147,-0.523428187,-43.6344086,24.20833333,-49.27127193,8.69926429
0.315310657,1.549807668,0.661572969,0.593424155,-50.34710644,-66.67405914,-37.06315789,-19.90425532
-0.144346244,0.896094655,0.421075387,2.282151073,22.63157895,-6.53125,24.81914894,-104.1145833
0.943169439,-1.377179783,-1.421215366,-0.359507428,-31.9852858,97.99166667,29.53344298,60.5359543
-0.218480296,1.635255123,0.208916223,1.653886497,-11.89417091,-47.97602339,33.40659341,-49.21121454
1.300222361,0.136143942,-0.804027966,0.165069223,-19.84782609,0.633182035,26.98245614,-6.436506159
-0.753723145,0.784771966,-0.324964601,2.725045394,30.64375,-25.41666667,13.75268817,-138.2842105
-0.08273587,-1.032523225,0.217490231,-0.055800619,37.02116831,-7.790039615,-41.66249708,26.90359043
-0.280160101,-0.049430443,0.172740186,-0.317704832,11.27844588,8.333818589,3.29787234,-7.784946237
0.556229019,0.862416319,-0.197879156,1.180189633,-51.31578947,-77.07291667,48.28859649,16.65692204
-0.942331537,-1.299924223,0.282922193,0.313964032,73.50425532,80.04454787,-14.59451754,1.032715626
-0.143198198,1.557994272,0.849828917,0.62190917,-32.78646564,-49.33931738,-23.82152778,-92.14244121
0.373002299,-1.299404611,-0.060598661,-0.5538721,32.06797312,36.17726764,8.885635965,2.477741228
-0.583671811,-0.023159803,0.735771923,2.045751569,-20.32631579,29.01211092,2.33196065,-36.16077899
0.510573081,0.805469589,-1.296113237,0.571046993,-8.737359872,-107.6878325,23.88686302,-24.3302305
-0.557818266,-0.305169736,-0.095876929,-0.861516321,-33.26651736,-41.41666667,-55.27083333,-13.36458333
0.589194806,0.95900974,-0.502713587,0.653840005,-39.55515351,-52.33333333,66.36458333,-87.08333333
0.023453247,0.976627059,-0.59317811,0.535168739,1.863303592,-75.92244338,-4.338073908,-61.33064516
-0.112736652,0.821150278,0.473502835,-1.041002823,-25.28723404,-36.71019737,-10.375,-33.27083333
1.630232722,1.672012679,0.090894547,-0.528638697,-66.03295933,-35.57535461,19.55585739,-6.979663394
1.700978909,0.664704189,-0.116244023,1.596866762,-36.87666589,-82.84610984,-68.84580313,-81.79100177
0.985725484,-0.075777167,1.038160954,1.193124916,-1.177083333,-20.21019737,-12.45833333,-25.11458333
-0.758859792,0.651848119,0.680122909,0.334814074,-11.77430794,-39.04210526,-30.82978723,-49.7513444
0.86033245,1.456568507,-0.031597092,1.579499031,10.0536963,-42.69258312,17.38237986,-56.66030702
0.29046471,-0.734616476,0.034909035,-0.042547994,-8.93221788,47.85106383,3.642561739,4.72826087
-0.219888585,0.77770837,-0.009867864,0.22738902,1.333333333,-20.14561404,-2.193859649,-59.59574468
-0.429315938,-0.482622431,-0.187619645,0.658176935,-5.843306738,-32.72340426,0.312171128,-43.07526882
-0.779316588,0.001441623,-0.232150885,0.709348496,-21.48421053,48.31578947,28.35789474,-86.39338824
-0.440526424,1.008898717,-0.31638299,0.693643465,-6.417324561,-1.375,21.08399823,-24.67006579
2.046500361,-0.070837864,0.691690908,0.393639028,-79.01709111,35.43157895,-43.74015568,-44.88377193
-1.649899954,-0.182950167,-1.464786932,0,31.78125,90.76842105,-2.470833333,22.95833333
1.52501067,0.773897175,-0.7925265,1.465529346,-56.40625,-23.07291667,3.927083333,-49.48958333
0.64738691,0.904039672,0.40406244,1.013694521,-5.625452899,-32.41052632,44.92553191,-73.86032944
1.201128419,2.702396805,-0.008568153,1.617530021,-7.679299645,-47.92357456,-30.26535088,-33.04210526
-0.323902107,-0.113271117,-0.590581412,-0.355839854,19.87862319,19.57446809,-0.989361702,-35.69614362
0.719677219,0.786435936,0.378179082,1.86157859,-58.90025253,-88.76013438,24.37130311,-119.7272727
1.886848906,-1.401348952,0.636071663,-0.240937185,-83.51310484,14.88881579,39.18947368,-34.86812943
-0.893141109,0.815909276,1.230812747,1.14749203,-19.49360498,-72.89583333,-79.26950355,-21.75797872
-1.546901467,0.65748644,-0.761465933,1.263417121,-8.483881579,-53.18947368,-16.5125,-64.89583333
0.94438325,0.714619078,0.825795726,0.463634971,-32.64716312,-27.92641129,-13.44791667,-1.18629386
0.801658882,0.670642667,-0.436962581,1.421926189,-37.73377193,-44.35427278,44.94518964,-46.45543113
-0.53114017,-0.359442285,0.182927814,-0.85268253,1.191489362,11.56434635,-66.67368421,-22.71107456
0.096705231,1.241793373,0.852974524,1.130898732,3.53125,-34.74122807,-31.83333333,-27.84945175
-0.803247851,0.974891101,1.005560136,-0.166293143,30.04860204,-3.245567376,-47.25620567,17.22642777
-0.225465582,1.646838427,-0.14443889,0.72167509,6.104166667,-39.875,-6.883200355,-24.84375
-0.358969074,-0.139040712,0.485332933,0.299937951,-46.21584607,1.389473684,-19.61313698,-44.94199085
0.332602054,0.322376418,1.378657037,0.012083733,-56.2798627,-7.489583333,-94.77947695,-5.547061634
0.478782805,0.772522779,-0.072325372,1.421638727,6.705263158,-20.5766844,-6.468201754,-82.56030702
-0.658661112,0.278897221,-0.022750863,0.682581234,7.551839465,-29.58997991,0.620938215,-58.08270419
1.178702677,-0.858806016,0.153977533,-0.159581442,-38.87412281,43.85487122,-28.66711957,-28.85861359
-0.241852384,-1.031915825,0.364568263,0.783321518,14.23757782,35.40494912,-7.041666667,-14.96783626
1.187901762,0.695702821,0.507716087,1.436086197,-33.41666667,-59.03125,-68.61458333,-34.82291667
-0.287186344,1.092669309,-0.429804213,0.817856786,-42.74260753,-87.46586879,-13.32922732,-21.30027174
0.052562692,1.281279163,-0.821488529,0.596916937,-17.65625,-48.47916667,36.41052632,56.57291667
0.144252801,-0.380207311,-0.277400606,0.694939875,-9.04587766,-30.78897849,-27.65263158,-37.42486702
0.467436837,-0.425283624,-0.045106324,1.13168632,-36.18528369,-4.8125,35.17894737,-44.19791667
0.795251532,1.121970977,-0.033555291,1.343569772,26.52980365,-164.4735722,15.52631579,-84.55208333
-0.953617031,0.608193028,0.299176985,0.271325675,-4.770449173,-24.04210526,-5.33016412,-30.15869565
0.912388291,-0.370618536,0.229106475,-0.41128017,-4.855555556,-32.04925529,-63.58878719,50.41859389
-0.075577231,0.319982834,0.77143068,-0.761225863,51.94791667,-91.69703947,-15.63829787,-26.57894737
0.236847877,0.048454605,0.481196561,0.462499154,4.235855263,-41.86217105,2.866995614,-14.65197368
-0.477482439,-0.17747247,-0.933601285,-0.831235263,14.56521739,26.12631579,-0.334691568,-23.84375
1.593235507,-0.433777943,0.825392246,1.679392403,-39.61192376,-14.18092105,-55.3183114,-32.71557018
0.78991305,-0.020701313,-0.333693046,0.329308408,-15.08928571,5.763829787,-6.675739247,2.420841913
-0.645569931,1.214718458,1.012993937,1.03958726,-34.14580067,-137.8471445,-71.40543294,-77.26512097
0.126484277,1.762469056,0.052562692,0.639114491,-15.78234649,-55.47916667,-16.5,11.03223684
0.406398541,0.418694804,-0.464809376,2.080829578,-40.15625,0.567434211,68.91222534,-164.2451754
0.028452425,0.263695519,0.604107759,1.245955904,22.90625,-68.5625,-35,-73.13541667
-0.14149554,0.243762451,-0.667301728,1.131602464,-7.12063172,64.84393593,5.829385965,-94.06201373
0.446797671,1.21018659,-0.526382766,-0.867306513,-1.182180851,-24.52083333,-10.12467105,95.38211658
0.171289698,0.032561524,0.354999064,0.630202721,-13.52837529,35.48043926,31.59375,-32.73684211
-0.434894829,1.517672414,-0.14347053,0.786418589,12.15164474,-167.0856855,-24.71054965,-88.92418813
0.077991709,-0.598134157,-0.79226658,-0.872389588,-58.22358579,18.19057424,71.27105263,-18.8854067
-0.174939113,0.042089357,1.425313586,0.731983883,-23.12206047,64.27423246,-82.9064693,-31.32554825
-0.816626146,0.285264813,-1.265434583,0.099434902,25.95686422,-90.20652174,48.82203163,-71.36079545
0.125967467,1.191323772,-0.435210142,0.611714803,20.96842105,-68.19155702,52.58333333,5.912234043
0.178335025,-0.151182431,0.241683174,-0.472829603,15.82003396,-16.07200448,-9.750109649,-4.159574468
0.5380871,1.385742231,0.069835223,-0.049465584,-51.64190158,-59.19565217,-14.49945175,-5.163785461
0.264120648,-0.157674643,-0.407272124,0.204744702,0.38451087,-18.83333333,11.45652174,-2.095744681
-0.679640795,0.276851949,0.44435433,-0.518831609,-3.242105263,-5.885416667,34.60921053,16.39583333
-0.761225863,-0.966901837,0.991636396,-1.1448251,3.625767544,20.00405702,-18.10032895,42.38925439
-1.539292734,1.403569826,1.39929929,0.868623392,31.89572368,-17.86932633,-8.827063996,-28.91469534
1.350119723,1.706669782,0.590051136,0.622827476,-25.11951754,-48.44791667,-9.377850877,7.083333333
-0.016878907,-0.087875663,0.113319826,0.581596175,49.91672386,2.852295633,-26.53937198,-15.62445665
0.785537676,-1.298596435,0.529250003,-0.175103105,-11.97566497,16.05833333,-1.212765957,65.85127334
-0.279196454,0.10137822,-0.208268045,-0.671046687,-8.460349462,-73.58488475,-17.99901316,-29.41666667
-0.147451531,0.330909841,0.057529494,0.062808771,-9.579386868,-13.61052632,10.78331467,-3.463157895
0.979413941,0.415264201,-1.170586628,0.736914123,-1.770984335,-27.55515351,13.9012389,-102.7856976
0.083697017,1.20112583,-0.379982702,1.289970916,21.82510965,-71.49246454,32.625,-102.5167763
-0.128084425,-0.131137328,-1.712987191,1.348182949,23.33684211,-57.66866135,63.96469298,0.410027473
0.339886266,-0.572426254,1.875467771,0.225349776,6.393617021,41.18913413,-1.431578947,11.49748341
-0.989352683,1.649967128,-0.24225465,0.263202821,-13.66994907,-85.15822368,54.02083333,12.33333333
1.238335496,-1.308208485,-1.460446254,2.82910622,-108.2927033,111.8410642,-10.34831846,-63.89473684
1.285413184,-0.288959768,0.034263508,0.076070742,-64.27381534,19.09529675,20.42322654,-2.142690058
0.874116386,0.791164625,-0.18419956,1.83547029,-68.52631579,-53.20567376,-11.45263158,-48.6626773
0.057554268,0.214070515,0.104855853,0.694962092,16.00908688,-4.047207447,-14.64855688,-12.85973179
1.039198876,2.441062786,0.219671122,0.458886798,12.52083333,-78.78487319,-34.42265071,-104.1145833
1.229118777,0.78736092,0.203841809,0.634362501,-13.89583333,-80.20833333,-24.47807018,2.260416667
1.657851241,0.7820734,-0.318871585,0.331369359,-59.33186864,-48.32978723,3.331974638,-11.35776064
-0.571447152,-0.307157809,-0.099893372,-0.579326942,-10.68607456,-7.875,-22.33045213,-75.97160088
-0.393381068,1.623190408,1.514505658,0.041783949,-14.96875,3.802083333,-32.46875,48.76600877
-0.538477129,0.136998382,-0.563398012,-1.167782596,25.98947368,1.401535088,45.03015351,32.24663978
-0.499585609,1.551397083,-0.685899187,1.607758558,26.32774123,-99.81052632,30.82056452,-75.87748799
0.952338685,0.987062233,1.309400801,-0.371015002,-125.1817876,-37.48421053,-48.53250916,-44.96842105
0.664512577,0.185713339,0.668254913,1.444619872,-28.63684211,-35.42708333,-9.5625,-87.125
0.056721534,0,0.501995117,-0.00996244,-18.85039894,26.01052632,-22.88297872,21.58510638
0.264446144,0.846874632,1.357568986,-0.725073714,-2.875,5.260416667,-28.66666667,10.02138158
0.095646364,1.282522582,-1.123679961,-0.294424061,-53.83684211,-81.93506206,42.43958333,7.302207131
1.28450735,-0.727776816,0.495847568,-0.843351838,-147.6500687,-9.903135498,-83.41666667,-31.68481183
0.17438316,-0.482425252,-0.488705105,0.959459955,20.15602837,-20.47368421,37.12743561,-101.3921371
0.7783396,0.335387695,-8.88E-16,1.764270832,-90.43980263,-79.76041667,-28.69473684,-134.1458333
-0.296923712,-0.07085141,-0.229770582,1.218083876,-52.43344298,-62.70833333,1.625,-93.30241228
0.275958983,-0.111714789,0.898377148,-0.652812476,-18.96875,-13.89473684,-43.80645161,91.90425532
0.407162688,-0.385681208,-1.145930573,1.324272992,-12.12631579,0.086080586,68.12329749,-81.70526316
-0.865580668,-0.298700751,0.814894358,0.963668509,-9.547229366,-44.30526316,-39.06954087,-105.655991
1.136472366,-0.325158825,-0.237301177,-0.467093985,-55.35416667,-5.207225177,-49.24692982,-46.74736842
1.220126076,1.708713803,-0.46658961,1.277747991,-56.83200355,-61.36842105,-27.74703947,-69.69199561
0.80202451,0.272469093,0.47712775,-0.466891931,-41.61458333,-55.54967105,-89.88552266,-13.8125
-0.151126417,0.899309776,-0.770388088,0.288823644,-7.479166667,-52.77905702,18.72916667,-44.34736842
0.521740879,-0.138076501,0.493113633,-0.495847568,-76.31914894,54.57817982,-13.42532895,10.3125
-0.077156212,0,-0.625744881,0.900719832,-56.76798246,-0.010416667,35.7935307,-71.07774123
-0.126954814,-0.182798747,-0.170102789,0.026216639,-6.525183928,-47.50921053,-9.387390351,-7.4
-1.018287845,1.991626182,-2.587145597,-1.194129598,1.655913978,-97.37222844,68.0875,72.48835386
1.070573012,0.378839466,0.449430134,1.256518886,-80.51041667,-12.5625,-8.302083333,-47.375
0.523409144,-0.268747623,-0.520182985,0.417875765,-20.0433114,12.39804965,56.63223684,-43.3125
-0.837377771,0.911522862,0.045771232,0.425608543,36.97982456,-43.1733156,0.149832027,-2.873908175
-1.173105524,2.71032186,0.510646722,1.700696728,6.505263158,-88.98870614,-2.200877193,-28.19791667
-0.035637054,1.386460587,-1.227995824,0.321748574,14.4654304,-95.83969298,48.37110862,-56.75856663
0.020327743,-0.038976958,-0.522001145,1.140855086,11.30328947,-31.08333333,81.60190217,-43.41001773
0.811448641,1.467663876,0.402386141,1.222950681,39.39361702,2.404255319,-17.60305851,-43.23143116
0.949083451,-0.090719683,0.695836006,-0.21766308,-113.2172577,-77.38804945,-10.11797753,-79.8950514
1.296033141,1.610104079,0.965621731,1.225287157,-63.49335106,-90.77554825,-29.91836263,-63.66239035
0.282157906,1.824177323,0.284273092,1.627387571,-15.81434454,-95.84773936,-42.02367879,-156.3853547
1.445481114,0.707101202,0.856386485,1.259534731,-96.13085206,5.526973684,-31.54255319,-67.43655914
-0.290066799,1.721176527,0.567067923,0.151877042,-35.02798335,-50.96842105,-13.77894737,-44.63541667
-0.624629252,0.676184738,0.151126417,0.689819908,-31.09375,-62.40625,-1.020833333,-60.02083333
-1.636501588,0.151126417,0.298822984,0.108136023,11.66381579,1.40625,5.749342105,-45.74468085
0.886484751,0,0.752661422,1.840345057,-15.28125,-8.5625,-5.188386525,-48.53596491
0.769893399,2.298479221,1.822214927,1.043709106,-6.459139785,-173.6392667,-67.70833333,-84.6316886
