SRET_yes_ability_Negative,SRET_yes_ability_Positive,SRET_yes_morality_Negative,SRET_yes_morality_Positive,SRET_rt_ability_Negative,SRET_rt_ability_Positive,SRET_rt_morality_Negative,SRET_rt_morality_Positive,REC_ability_Negative,REC_ability_Positive,REC_morality_Negative,REC_morality_Positive,SOURCE_ability_Negative,SOURCE_ability_Positive,SOURCE_morality_Negative,SOURCE_morality_Positive
0.5,10,0,10,894.6,897.3,793.1,859.45,0.348152415,0.872036059,1.174316324,1.098573442,1.639125791,0.791638608,0.967421566,0.229884118
1.5,10,0,9,1689.5,1427.2,1031.1,1578.05,1.166552487,0.979390562,0.415430029,1.774040804,1.163266161,-0.282972031,1.534120544,1.414969509
0.5,9.5,0,9.5,1688.15,2267.3,1941.7,2740.55,0.702553255,0.54692323,0.853117957,0.870750592,0.607061815,-0.637278728,1.28606093,0.10821097
2.5,8.5,3,9.5,931.4,904.1,942.35,874.4,1.001754241,0.400279706,-0.086291372,-0.568319672,-0.363115064,-0.517179066,-1.169362706,0.948949292
4,8,0,9.5,1285.85,938.45,941.85,871.95,0.894823308,0.520005333,0.384077207,0.625823142,0.708504377,1.691431229,0,1.593218818
0.5,10,0,10,1558.75,1133.95,1268.3,1201.65,1.158682294,1.001038609,1.500906513,1.8924192,0.157310685,-0.331465727,-0.117148858,-1.124732251
0,9.5,0.5,9.5,1276.35,1197.85,1222.35,1403.9,0.89586919,1.331918088,1.214628053,0.782147092,1.37680986,0.754217242,-0.069011823,0.595748861
2.5,9,0.5,10,2193.85,1198.55,1168.6,1022,1.134253988,1.301188309,1.202544034,1.280719488,1.593218818,1.246861784,0,0.918729068
4.5,9,3,7.5,835.55,895.85,806,862.05,0.82839536,0.075462711,-0.309286949,-0.330858799,-0.355545464,0.472789121,1.254805398,0.087468655
1,10,1,10,2063.3,2390.65,2089.35,1777.7,0.686531608,0.829165735,0.940187987,0.911950046,-0.729835874,-0.589455798,0.085033952,-0.859630794
4.5,9,2,8,855.35,760.05,885.5,763.5,0.040745108,-0.160705415,0.51534396,-0.359760826,-0.385320466,-0.229884118,-0.366106357,-0.472789121
2.5,7,1,10,2466.25,2075.8,1848.5,2583.4,1.275461288,1.155768596,0.765394515,0.880634649,1.318649537,1.466128358,-0.684745721,0.478645155
1,9.5,0,10,5208.8,4432.25,6023.9,5353.5,1.609949404,1.573547264,1.549482897,2.13169584,3.058452611,3.11008742,3.127339362,3.289707254
1,9.5,0.5,10,1309.65,1345.2,1261.7,1053.15,0.983353143,1.232036994,1.049723093,1.303337373,0.761485212,0.841760219,-0.651112923,0.589455798
0.5,8.5,0.5,9.5,1038.25,1150.55,899.05,1080.45,0.982049248,0.495194694,0.814613841,0.526911735,1.071123171,-0.210428394,-0.489912958,0.67448975
0.5,9.5,0,10,771.45,765.1,760.2,705.65,0.676555495,0.99174634,0.298413097,0.384132896,-0.993038696,0.589455798,-0.175782958,-0.367739079
1,9,0,10,1057.5,1289.35,900.1,1229.7,0.132726753,0.279631826,0.485927519,0.511678013,-0.314129999,-0.185713339,0.313972118,-0.314621369
1,8.5,0,9.5,6367.2,6946.1,6655.3,4654.9,1.381838941,1.800729375,2.073251237,1.910327068,1.783873157,2.421267103,3.238072445,2.123576342
2,6.5,0.5,9.5,1228,1107.4,992.9,1082.5,0.464596251,0.970678593,0.319382073,1.232101703,0.667536613,1.3489795,1.923579949,1.220647716
1,10,0,10,7014.35,5464.9,5766.75,4468.85,2.175178431,1.909774489,1.606644887,1.268998549,2.681287016,3.238072445,3.058452611,2.123576342
0,9.5,0,10,684.4,760.45,761.3,763.65,1.334742149,1.35327994,1.215603099,0.330254533,0.25965912,-0.157310685,1.178911596,0.746766482
0.5,9.5,0,10,869.85,845.7,857.45,869.3,1.008389186,0.808258141,0.628029216,0.497273362,0.157310685,0.292931816,1.148800078,-0.206560264
3.5,9.5,1.5,10,5745.55,4368.95,6761,4380.9,2.437037198,1.806561301,1.893724484,1.697031688,3.335475257,2.532000186,3.127339362,2.325759152
6,7,4.5,8.5,908.4,850.25,871.05,775.45,-0.021184535,-0.578753737,1.316006455,-0.370612763,0.223349441,-0.385320466,0.770992558,-1.096803562
3,0,10,0,899.25,613.1,795.4,565.95,0.148802121,0.53852124,0.171432079,0.713496472,-0.25965912,-0.667536613,-0.685205419,1.421753856
2,10,0,10,1433.6,1164.5,1143.65,979.15,2.085988862,1.201349915,1.261798943,1.22120519,0.814587415,0,1.162094736,0.355545464
3,7.5,0,10,1665.2,1367.3,1252.85,1165.3,0.664197815,1.146722046,1.134940629,0.937946188,2.18678277,-0.208795672,0.977552822,0.589455798
1,9,0.5,10,6423.6,4101.75,3717.05,4410.25,2.437037198,1.980543176,2.002016893,1.888049506,3.335475257,2.133236952,1.934843132,3.238072445
0.5,7,0,10,1108.05,1175,866.9,1004.65,1.584520108,0.788963421,0.843172369,0.860598776,0.510981813,1.337314393,0.259082184,0.747858595
3,9.5,0,10,5142.9,3813.55,4594.6,3588.35,2.414867588,1.794072695,2.576163609,1.886018235,3.381243259,3.186437636,3.381243259,2.50154211
0.5,9.5,0,8.5,7469.9,7184.4,6778.35,6104.6,0.871062865,1.517588152,1.305192983,1.516993882,2.270140686,0.887146559,1.253252916,1.644853627
1,8.5,1,10,1060.6,970.35,860.45,895,1.067456474,0.755467772,0.388639789,0.398779884,0.874096878,-0.366106357,0.542631151,0.392273603
1.5,9,1.5,7.5,598.35,510.95,565.8,563.15,0.888928642,0.936576172,0.741471831,0.030012415,0,-0.854882768,1.468988744,-0.464061356
0.5,10,0,9.5,852,729.35,814.4,806.75,0.54022296,1.096417095,0.323303399,-0.43673099,-0.124905462,-0.904373868,0.874096878,-0.841760219
3.5,9,0.5,10,1156.25,997.3,1099.1,1032.85,0.541974675,1.086738104,0.706140362,0.94811601,-0.212656809,1.133179061,-0.174892072,1.059810217
0.5,10,0.5,10,766.9,656.4,697.65,676.5,0.771031419,1.094129287,0.530596568,0.695699803,-0.228009782,0.754217242,1.31603912,-0.904373868
3.5,8.5,0.5,9.5,921.8,839.7,812.9,764.6,1.271631691,0.842200287,0.844319469,0.83396508,1.172565733,1.071123171,1.002067002,0.122670054
1.5,9,0,9.5,916.2,834.2,869.0111111,898.6,0.883560022,1.044843506,0.000159047,0.495961937,0.117148858,0.831800435,1.678785167,0.488776411
0,10,0,10,825,779.6,718.6,744.25,0.807830414,0.391820787,0.459797134,1.0270409,0.651112923,0.095507951,1.534120544,0.510981813
0.5,6,0,7.5,1160.133333,1107.111111,984,1335.872222,0.299908905,-0.017343504,0.248858472,0.056112516,0.282216147,1.927069774,-0.01921411,-0.229884118
1,9,0,10,1132.7,783.8,917.2222222,835.45,1.112619817,0.98316552,1.081741915,0.462071875,-0.035624102,-0.155677963,-0.684745721,-0.524400513
1.5,10,0,9.5,700.0055556,636.2,595,582.8,0.877302772,0.683884246,0.561749325,0.575119898,1.009720032,0.948949292,-0.366106357,1.311002671
1,9,0,10,839.35,742.85,675.8,651.4,0.764891339,0.286538869,0.576717669,1.022249431,2.741657189,1.715280161,2.054689591,1.32668768
1.5,9.5,0,10,1027.05,804.65,822.65,715,1.062699595,0.317615383,0.498572397,0.449291988,1.117030677,0.363115064,0.307239651,1.272467025
2,8,0,9.5,921.9833333,1074.4,783.1,856.55,1.333927875,1.455925124,0.897676061,0.167406354,0.472789121,1.440210687,1.044457244,0.887146559
1.5,8.5,0,10,1009.955556,886.7,800.4,696.95,1.419122097,1.814407806,0.850232927,0.506035899,0.831800435,0.366106357,1.31603912,1.561636309
0.5,9.5,0.5,8.5,798.6,980,782.4,902.6,1.70706065,1.791492292,1.227951748,1.489296795,1.178911596,0.939492877,1.561636309,0.116666677
0,9.5,0,10,1049.872222,1218.95,1075.55,1042.2,0.966043476,0.939896328,0.77618112,0.846122006,1.352742033,0.615204584,0.879122705,0.667536613
1,8.5,0,9.5,959.3,898.3,902.1,873.25,1.56193964,1.715391347,1.656615231,1.444668866,1.625889187,1.402539746,2.319343377,2.681287016
4,9.5,0,10,1127.7,1076.8,1079.35,965.5,1.092710531,1.338153762,0.695068726,0.301506272,1.163266161,1.002067002,0,0.648782202
1.5,9.5,1.5,9.5,723.65,686.2,693.9,633.85,0.712881119,1.394092675,0.622990073,0.635201186,0.604930412,0.387194802,-0.080275007,0.210428394
1,9,0,9.5,796.9722222,773.3,708.35,701.7,0.145757752,-0.019634336,0.400159337,0.433321794,-0.073368845,-0.615204584,1.421753856,0.517974477
0.5,9,0,10,930.85,1022.111111,956.9888889,1046.15,0.283494277,0.872036059,0.295468236,0.054355046,-1.064354763,0.955562155,1.198890263,0.729835874
0.5,9.5,0,9,860.65,809.45,833.5,816.55,0.831539128,1.482758308,0.942027703,0.512420745,2.612275193,0,1.978539284,1.036433389
0,8.5,0,10,841.35,998.25,873.1,880.5,-0.416100313,0.836744158,0.549993932,0.508361221,0,0.625948868,0,1.157744965
0.5,8,0,10,990.85,951.05,756.95,894.75,0.609166922,0.298640996,1.052794633,0.382433109,-0.361943639,0.918729068,0.110733083,1.414969509
1,9,0.5,10,818.45,763.15,716.6,719.3,0.710052282,1.448194154,0.66746428,2.026702673,2.532000186,2.072866779,0.910772043,1.71092314
0,10,0,9.5,816.7,759.65,781.15,696.75,0.875113543,0.901178327,0.32217548,0.86320155,1.482124029,0.347127774,1.059810217,0.242905003
1,10,0,10,793.05,784.4,713.5,701.85,0.770740763,0.94998856,0.062297069,0.767272698,1.263945548,0.78626195,1.534120544,2.681287016
0.5,8.5,0,10,835.05,934.25,928.1,815.6,1.099117683,0.633303205,0.349125879,0.618129522,0.702673239,0.444605633,0.67448975,0
0.5,8,0,10,982.45,1107.65,941.65,959.7,0.731338666,0.593987088,0.170561731,0.905964252,-0.10821097,0.379027404,0.993129114,0.595748861
1,9.5,0,10,981.45,801.15,824,815.65,0.9098601,1.006042732,0.658310782,0.040213088,-0.085033952,0,1.456197977,1.133179061
0.5,9,0,9.5,1085.85,1078.9,933.95,1060.65,0.728528099,0.652590565,0.080968334,0.541040473,0.210428394,0,0.367089828,0.472789121
0.5,9.5,0.5,10,720.7,671.55,716.95,725.1,1.145793473,0.743047187,1.047758526,0.79698247,0.355545464,-0.512100265,1.482124029,0.904373868
0,9,0.5,9.5,953.1,860.9,947.05,824.3,-0.177983098,0.084290817,0.608592524,0.048040251,-0.282216147,1.718880165,0.854882768,-0.052332029
1,9.5,0.5,10,853.3,830.1,849.1,736.9,0.414770993,0.674253441,0.528881811,0.54561242,1.749100484,-0.157310685,-0.831800435,0.206560264
1,9.5,0,9.5,1053.95,979.5,988.6,886.55,1.289411028,0.315629595,0.26875354,0.251215338,1.016131879,0,0,-0.289169284
1,9,0,10,817.45,810.2222222,765.8,701.7,1.119957723,1.831599852,0.419377414,0.168858791,1.774293118,-1.096803562,1.508655474,0.970363877
3.5,8,0,8.5,792.35,599.8,617.55,639.15,1.486069989,1.085010024,0.734022889,0.609166922,0.810110881,0.854882768,-0.100679387,2.319343377
0,10,0,9.5,738.35,628.1,743.6,682.4,0.416304432,0.281542541,0.068739618,0.758327761,0.085033952,0.510981813,0.439526832,0.747858595
1,8.5,0.5,9.5,987.1666667,961.6,857.35,816.85,0.957397413,1.005045634,0.495476993,0.311820066,0.904373868,0,-0.104222771,0.472789121
1.5,9,0.5,9,872.85,772.2,753.5,734.2111111,0.670762108,0.288265777,0.085035807,0.485513063,-0.124905462,-0.746766482,0.085033952,-0.887146559
0.5,8.5,0,9,768.5375,870.2833333,676.85,803.7,0.579729466,0.31374088,0.688332173,0.869272245,0.425532251,0.031649338,0.884918144,1.036433389
2.5,9,0,10,789.85,764.05,684.55,615.85,0.889308085,0.323303778,0.735726927,0.83396508,-0.488776411,0.185713339,-0.366106357,0.488776411
1,9,0.5,10,1269.65,1297.35,1289.65,1120.05,0.004657686,0.19023083,0.867060616,0.104437898,-1.17784996,-0.810110881,0.589455798,1.593218818
0,10,0,10,783.8,821.15,680.1,682.15,1.475263552,1.661913207,1.763505535,1.313685688,1.133179061,0.185713339,0.622197248,-0.800151097
0.5,10,0,10,795.55,725.5,751.95,755,0.188678938,0.072379268,-0.21280256,0.098268464,0.971142215,1.096803562,-0.463794451,0.242905003
2,10,0.5,10,800,774.05,779.95,701.2,-0.107175764,-0.552161365,0.327551326,0.615530637,0.157310685,0.510981813,0.948949292,0.598450468
0,9,0,10,782.5,812.1,744.85,754,0.525590039,1.315982604,-0.020901158,0.820033184,0.976457382,1.259533161,-0.157310685,0.761485212
2.5,9.5,0.5,10,872.7,863.75,755.6,743.1,1.709481341,0.712489989,0.938743178,0.517854027,1.920505747,0.598450468,1.534120544,0.747858595
6.5,8,4.5,9,1130.116667,1041.9,1046.45,1070.35,1.114847547,1.122228944,1.160289801,1.3775058,1.382994127,2.432655359,1.382790424,0.071787753
0.5,10,0.5,10,1180.15,1023.85,930.4,937.3,1.02773025,0.552745131,0.064462901,0.35001624,-0.01921411,1.168014188,0.210428394,0.318639364
1.5,9.5,0.5,10,930.9,892.05,822.1,776.75,0.434238407,1.036993995,0.008485521,0.175040383,-0.488776411,0.89050687,0.10821097,0.362746046
2,8.5,0,10,1082.5,1002.65,924.1,827.2,1.449687167,1.64939042,1.242902165,1.330779252,1.771293312,2.280077427,2.384857426,1.162094736
1.5,10,0.5,10,768.45,749.6,700.8,758.85,0.01621793,0.163431672,0.741207913,0.194392389,-0.492644541,-0.548828403,-0.251322694,0
0.5,9.5,0,9.5,791,680.45,785.45,770.7,0.435390216,0.086122439,0.327923645,0.447580956,-0.124905462,-0.362538128,-0.699204805,-0.229884118
3.5,9,0.5,10,766,631.5,694.65,624.9,0.248484517,-0.137646744,0.185333851,-0.144102831,0.810110881,0.970363877,-0.918729068,0.942763035
2.5,6,0.5,6.5,939.75,1022.444444,875.6,951.05,1.561030362,1.237890689,0.983882123,0.614622248,0.392273603,0.967421566,0.887146559,-0.125661347
1.5,8.5,0,9.5,782.4,696.1,715.35,697.1666667,1.127081086,0.290517408,0.544001783,0.319217675,0.702673239,0.242905003,-0.1565548,1.217832509
1,9.5,0,10,836.25,741.3,712.85,680,0.983562363,0.731202375,0.551486959,0.724329145,0.542631151,0.800151097,2.384857426,0.615204584
2.5,8,0.5,9.5,978.4,982.2,963.6,930.75,1.079531661,0.653329009,0.763434326,0.05494952,1.096803562,0,0.904373868,1.220647716
0.5,9.5,0.5,10,1026,799.8,857.5,768.3,0.632306107,0.264780164,-0.141213644,0.685990436,0.873519942,1.379019709,0.201700629,0.242905003
3,9.5,0,9.5,1075.95,961.9,842.45,832.95,0.758280132,0.779719545,0.395692998,0.701048789,-0.377965768,1.770514974,1.002067002,0.512100265
1.5,10,1.5,9.5,891.5,810.45,890.55,899.35,0.542191609,0.563684728,0.935587122,0.10581735,0,0,0.464061356,1.198890263
6,8.5,1.5,9.5,631.2,578.6,673.35,594.6,0.849814275,0.249286198,0.401162109,0.048647426,0,-0.439526832,1.919441011,0.20218281
0.5,8.5,0.5,10,909.8,935.3,877.6,928.95,0.762473901,0.174758036,0.562092206,0.140620812,0.67448975,0.278348017,0.367089828,0.625797252
3,9.5,1,9.5,904.35,740.4,954.35,706.05,0.523197561,0.670762108,0.167601912,0.053313562,0.228009782,0.478645155,0.699204805,-0.124905462
6,9.5,4.5,9.5,1126.05,1042.75,1215.627778,956.8,-0.102381125,-0.11562477,0.241505521,0.184433979,-0.095507951,0.347127774,0.358710773,-0.282216147
3,8,0,9.5,1069.15,1087.55,896.55,921.4,1.070985814,0.715615922,1.195858763,0.724329145,2.392712222,1.421753856,0.904373868,3.335475257
0,9.5,0,9.5,801.35,766.95,734.6,758.85,0.186918018,0.122209748,0.219778953,0.047893669,-0.509422461,-1.147278871,0.125661347,-1.49571719
4.5,9.5,1.5,9.5,1161.05,873.3,968.4,807.7666667,0.779648044,0.280176067,0.051842681,0.812826741,-0.262360727,0.185713339,0.472999244,0.589455798
6.5,10,2.5,9.5,844.35,586.35,714.25,593.3,-0.354893436,0.239309481,0.166685732,-0.011207859,-0.104222771,0.258892294,0.201700629,-1.133179061
1,9.5,0,9,1042.35,1138.6,1001.05,1144.85,0.197597086,0.227359035,0.631259761,-0.215520224,-0.432145113,-0.031649338,0.087468655,0.589455798
1,8.5,0.5,9,1109.75,1124.55,993.05,986.15,0.368510442,-0.093501458,0.120052333,0.138527756,-0.031649338,0.956705897,0.670327033,-0.190572974
1.5,9.5,0,9.5,1193.75,1109.1,1076.55,1166.5,0.486683704,0.247593265,0.52125746,0.021454834,-0.509422461,0.589455798,0.665977261,1.525209801
1,9.5,0,10,1035.9,1011.8,1013.85,986.35,0.946397368,0.803018349,0.744130212,1.179945162,0.884918144,0.831800435,-0.684745721,0.563644269
1,8,0,10,859.75,926.25,838.35,844.75,0.748958107,0.319914671,-0.132923379,0.271769351,0.439526832,0.125661347,0.667536613,0.831800435
1,9,1,8.5,855.4,768.6,817.25,819.3,0.462187452,0.434662816,0.385914988,-0.174041304,2.350415693,1.280415019,1.281551566,0.887146559
1.5,9.5,0.5,9.5,806.4,725.75,833.85,786.5,0.350804539,0.231931175,0.098995064,-0.467903908,-0.103455945,0.242905003,0.210428394,0.512100265
0,10,0,9.5,701.95,731.95,747.7277778,731.45,0.20626101,0.492851933,0.356179327,0.30401852,-0.208795672,1.263945548,0.859630794,0.25965912
4.5,8,0.5,9.5,1197.4,1245.25,1099.2,1230.5,0.21140056,0.413541717,0.223090918,0.61467828,2.133236952,2.193607124,2.787425192,1.32668768
2,9,0.5,10,907.9666667,902.15,845.35,914.8,1.001759512,0.097512431,0.330687009,0.441487881,-0.282216147,-1.227112461,-0.879122705,-0.465642448
3,4.5,0,9,1015.85,1035.494444,770.4,793.3,0.974965321,0.378374928,0.401928641,0.788938133,1.254114247,-0.080275007,-0.529067758,0.229884118
2,5.5,0,9.5,906.85,872.55,731.45,782,1.082626499,0.808811213,0.238826602,0.634975513,1.104442407,1.816336691,1.37680986,2.208610295
1,10,0,10,788.85,712.35,673.15,623.85,0.575200436,0.857227716,0.759334244,0.380046284,0.282216147,1.157744965,-0.073368845,-0.25965912
0.5,9.5,0.5,9,703.7111111,615.25,620.25,702.5,0.483351564,0.998396185,1.145028682,0.510119273,1.382790424,0.331465727,0.110733083,0.871671945
1.5,9.5,0.5,9,773.45,815,767.75,782.05,1.412200308,0.667974114,1.20696124,0.419986286,0.488776411,-0.210428394,0.967421566,0.366106357
4.5,8.5,0,9.5,963.1,869.45,773.3,757.2,1.448279892,1.15061807,0.94304549,0.614887386,0.967421566,2.501667182,-0.085033952,0.407877494
0.5,7,0.5,10,845.1666667,858.35,786.2,738.7,1.214745983,1.783622057,0.892621526,0.910694466,2.123576342,1.51919228,0.576534751,1.078232209
0,9,0,9.5,889.9,796.15,942.85,787.55,0.703826139,0.711824559,0.823550134,0.387241612,-0.472789121,0,-0.488776411,-0.275069474
1,9,0.5,8,836.55,748.8,750.5444444,771.75,0.396462172,0.485652623,0.755721589,0.277541881,0.841760219,0.854882768,-0.228009782,0.210428394
3.5,9,0,9,954.0111111,940.9,818.5,879.35,1.905441598,1.232180675,1.511158294,1.415312426,0.910772043,1.044457244,-0.158294156,-0.106682764
1.5,9.5,0.5,10,921.5,847.4166667,803.8,764.95,1.163207097,0.460200267,1.004501393,0.851082651,0.873519942,0.67448975,0.275069474,-0.288574795
0,9.5,0,10,891.7,800.8,897.1,840.05,0.441934436,-0.017448739,0.400400265,-0.370154653,0.251322694,0.747858595,0,0.355545464
1,9,0.5,9.5,845.35,717.2,724.75,695.75,0.940226365,0.633321684,-0.059754272,0.250906077,0.624014441,0.103455945,-1.15034938,0.432145113
1.5,9.5,0,9,750.5,705.6,637.15,754.1,0.61246475,-0.141797174,-0.047935403,0.704034934,-0.100679387,0.155677963,-0.385320466,1.900226901
0.5,9.5,0,10,711.3,723.95,652.85,636.55,0.330689279,0.434737921,0.06063748,0.331419624,0.702673239,0.977742712,-0.977742712,0.517974477
1.5,9.5,0,9,879.3,750.1,795.7,828.65,0.580959265,0.416851844,-0.018587561,-0.291961854,1.569592683,0.945578242,0.288574795,0.747858595
1.5,9.5,0,9.5,743.65,708,655.55,709.6,0.634047379,1.053175513,0.8849088,-0.011207859,0.472789121,0.348944967,-0.275069474,1.036433389
2.5,9.5,0.5,8.5,1225.2,1164.9,1230.65,1250.9,1.287681677,0.843157899,1.30289766,0.696527658,2.630924106,1.178911596,2.072866779,1.715280161
1,9.5,0.5,10,919.75,881.3,826.05,760.6,0.356804106,0.667974114,0.465368411,0.653782031,1.168014188,-0.117148858,1.324515273,-0.282216147
1,8,0,9.5,819.1,789.9,737.6,745.35,1.380300324,1.646538868,0.585380104,0.349777558,1.466128358,0.407877494,-0.831800435,0.791638608
1,8.5,0,9.5,924.3,1062.35,1014,976.05,0.305469574,0.032487131,0.371321651,0.050438106,-1.382790424,-0.125661347,0.956705897,0.791638608
0.5,6,0,8,1014.138889,1163.416667,875.85,1063.7,0.86337732,0.188903229,0.552285017,-0.012271563,0.363115064,2.341077413,0.874096878,0.866919445
0.5,9.5,0,10,906.35,735.8,778.1,695.6,0.495067247,0.448428003,0.847428623,0.465380524,0.67448975,2.117770946,0.336089741,1.002067002
0,9,0.5,10,877.05,869.35,812.85,733.95,0.622976897,0.819190802,2.031071255,0.305218218,-0.523417041,-0.307239651,0.624014441,-1.036433389
1.5,9.5,0,10,884.95,844.6,791.1,796.75,1.957047023,0.990049079,0.473796446,1.206408542,0.971142215,0.060370173,-0.292931816,0.288574795
0.5,9.5,0,10,860.7,774.65,755.55,653.05,0.462448835,1.00696871,0.94645879,0.862115139,0,0.139080046,0,-0.05311771
1.5,10,1,10,788.7222222,757,808.9,656.2,1.175572494,1.577317914,1.133312176,1.393503184,0.444605633,1.305301163,0.385320466,0.190572974
4.5,8.5,2,9,1179.6,1032.95,1224,1074.35,0.21651851,0.608523325,0.7522908,-0.008115917,-0.095507951,1.016131879,0.915445209,0.754217242
2,10,0,10,838.35,718.15,672.4,626.4,0.365314077,1.245367581,0.972603318,0.287025345,0.464061356,1.168014188,-0.524400513,1.900226901
2,10,1.5,8.5,635.8,618.35,612.75,525,0.924604694,-0.320226772,0.492851933,-0.129535556,1.379019709,-0.622197248,0.085033952,0.971142215
1,10,0.5,9.5,702.2,645.95,719,576.4,1.02904077,1.050774074,-0.186488569,0.803031484,1.923579949,1.318649537,2.054689591,1.036433389
3,6.5,0.5,9,902.05,856.2,744.55,727.25,1.187423241,1.195563828,0.967706869,1.607779217,1.678785167,2.003854956,1.193744074,1.68625936
1,8,0.5,10,1190.2,1154.294444,1106.994444,1073.25,1.224224649,1.462807275,1.067924461,0.682652416,0.791638608,1.31603912,0.581210213,0.791638608
1.5,9.5,0,9.5,836.9,889.05,716.2,839.7777778,0.974481,1.041755323,0.619610751,0.147256512,0.651112923,0.157310685,0.564432294,1.040596107
0,10,0,10,747.95,777.35,678.65,739.8,0.710413525,0.351589618,0.549700349,0.056112516,0.190572974,1.059810217,0,-0.702673239
4,6.5,0.5,9.5,1101.7,1069.9,1022.4,1033.45,1.239068422,1.087542147,0.776609788,0.809685386,1.096803562,1.534120544,-0.385320466,0.036423217
6,10,4,9,642.4,599.7,719,614.05,-0.090618491,0.166830143,0.440730466,0.100657705,0,0.948949292,0.858109587,-0.685205419
1.5,9.5,1,9.5,990.35,912.2,986.35,951.15,0.183524263,0.292710492,0.569985142,0.522269426,0.887146559,0.385320466,1.333527923,-0.052332029
4,9.5,0,9.5,862.85,726.5,764.65,713.5111111,1.238859039,0.855294818,0.729247568,-0.239715093,-0.459768235,0.275069474,0.355545464,0.087468655
1,10,0.5,10,858.75,731.6,827.25,782.3,1.40852174,1.3976117,0.164578684,0.67873372,1.854568125,0.208795672,1.01688777,1.253252916
1,10,0.5,9,941.5,868.1,849.15,842.7,0.08314656,0.452649626,0.452779006,0.190337716,0.278348017,0.157310685,0.67448975,0.879122705
1.5,10,1.5,9,674.2,643.9,626.95,589.75,1.183745283,1.414781802,1.100216341,0.874481846,0.967421566,0.732212714,-0.035624102,0.282216147
0.5,9.5,0,10,1242.05,1097.9,1197.75,1116.55,1.409102822,0.968481493,1.023680293,0.561569691,1.096803562,0.699204805,-0.210428394,0.185713339
1,8.5,0,10,915.3,728.3,830.25,777.7,0.538603082,0.813754876,0.691515425,0.600098562,-0.20218281,0.282972031,0.601315209,-0.209657003
5,6,1,8.5,982.6,923.95,928.75,951.55,1.412292776,1.745382707,1.375855438,1.00903495,1.036433389,1.678785167,1.43886225,1.535669847
0.5,9.5,0,9.5,889.65,821.4,775.15,834.95,0.741344267,0.904630813,0.820172602,-0.024057097,-0.439526832,0.229884118,-0.407877494,0.904373868
2,9,2.5,8.5,815.45,647.45,699.3,743.4,0.607688075,0.348487048,-0.065081162,0.378626889,1.534120544,1.071123171,1.198890263,-0.157310685
1,8,0.5,10,879.9,901.65,923.55,841.15,1.674335745,1.073528376,1.651881381,1.070267682,-0.259082184,0.407877494,1.641911316,0.377965768
1,8.5,0.5,10,950.85,854.95,864.2888889,936.15,1.298517556,0.689560859,1.111527185,0.533044053,1.249637713,1.044457244,0.646087096,1.155890219
3,8,0.5,10,1134.85,938.2,924.7,916.55,0.32615445,0.513165734,1.33193889,1.129403098,1.456197977,2.073190173,1.040596107,1.476602357
3,7.5,1.5,8.5,1024.55,982.2,980.55,934.5,1.137815046,0.892154197,1.103874003,0.658271848,1.561636309,2.003854956,1.272467025,0.407877494
2.5,9,0,9.5,1271.644444,917.05,1095.238889,1087.4,0.917015936,0.860364054,-0.303940941,-0.024057097,1.32668768,0.866919445,1.927069774,1.222464909
2,10,0,10,1120.366667,1064.75,1131.95,1083.6,1.169990971,1.028346966,1.371473452,0.821069177,2.234309425,0.267238095,0.67448975,-0.210428394
4.5,7,0.5,8,952.5,948.3,943.7,906.15,1.277683389,1.057053315,0.775078253,1.129742395,1.71092314,1.421753856,0.791638608,1.508655474
3,10,0,10,1102.25,851.35,910.4,861.1,0.582894887,1.060621,0.695345607,1.13258671,-1.468988744,-0.625948868,-0.366106357,-0.681711197
2,9,0.5,9.5,1192.161111,1010.25,1062.85,897.5833333,1.399832714,0.986226246,0.476157538,0.33286565,1.00376302,1.467557471,-0.103104319,0.598450468
3.5,7,2,6.5,1066.722222,1034.638889,1030.05,1031.7875,0.38912684,0.203443303,0.196320731,0.056112516,1.770514974,1.51919228,0.407877494,0
5.5,9,1.5,10,1224.45,1040.2,1171.9,933.15,1.161009207,1.496912433,1.179941866,1.240010597,0.589455798,1.816282976,-0.080275007,1.440210687
1.5,10,0,10,1058.95,928.85,913.05,929.4,0.664057191,0.670762108,1.477851142,0.669297928,0.223349441,0.080275007,0.080275007,0.548828403
0.5,9.5,0,10,822.6611111,834.65,819,721.45,0.356834263,0.265036578,0.603367838,0.275624837,0,0.910772043,-0.124905462,0.615204584
1,9,0.5,9,1196.85,1043.55,1156.6,1053.6,0.720519541,0.138797623,0.832992905,0.504789566,0.665977261,0.379027404,1.465233793,0.495847568
2,5,0,7.5,703.4,815.95,573.1,803.75,0.901377113,0.411287704,0.785023594,0.739839474,0.887146559,-0.292931816,1.60019093,-0.94083328
1,9.5,0,9.5,775.65,782,686.75,707.1,0.578304383,0.407633865,0.263413255,0.198615364,0.069011823,0.896995032,0,0
2.5,10,0,9,782.6888889,688.7,673.85,679.7,1.364545096,0.83481772,0.200621562,0.149369942,0.754217242,0.615204584,1.068818305,2.075942096
1.5,7.5,1.5,10,747,751.7,690.5,601.45,0.261588232,0.815664238,0.226005522,0.687395997,0.366106357,0.819339915,-0.124905462,1.147278871
1,10,1.5,10,731.75,650.3,693.75,632.8,0.879302612,0.460200267,0.807106278,1.051177183,-0.289169284,0.446977592,0.444605633,-1.414969509
0,9.5,0,10,874.9,885.25,825.55,872.45,0.573464509,0.224691064,-0.214967776,0.48805108,0.125661347,-0.385320466,0.385320466,0.622197248
3.5,9.5,1,9,1004.8,1003.55,1025.95,956.25,0.056725712,-0.225854722,-0.031840078,-0.001138515,0.517974477,0.060370173,0,-0.593818067
1,9,0,10,858.9,700.0166667,689.7,621.65,1.328426755,0.811408865,1.118784722,0.711202212,1.318649537,-0.446977592,-0.103455945,0.625797252
3,9.5,0.5,10,778.25,726.0666667,650.5333333,692.55,0.131908432,0.547973512,1.092728434,0.974653275,0.807415775,1.124732251,-0.706072259,0.439526832
0.5,10,1,10,974.75,945.65,936.15,823.45,1.223568659,1.079187417,0.562343584,0.100314144,1.013176924,1.989634305,1.172565733,1.17784996
0,10,0,10,738.45,636.3,660.3,592.9,0.441934436,0.133625767,0.566502357,0.17167736,1.162094736,0.614437758,-0.103104319,0
3,5,0.5,7.5,900.4,954.95,683.45,924.5,1.130195132,1.458311718,1.442463042,1.441431617,2.432655359,3.127339362,1.355072753,1.71092314
0.5,9.5,0.5,10,723.05,755.55,688.6,720.55,-0.330858799,0.058703915,0.416851844,-0.126746525,0.873519942,0.866919445,0.472789121,0
2,10,0.5,10,703.65,644.75,676.6,693.25,0.470187867,0.532204472,0.856060658,0.470608993,-0.267238095,1.281551566,0.607061815,0.589455798
1.5,9,0.5,8,996.5,942.15,920.5,1056.95,0.366358568,-0.186722642,0.779955919,-0.14182684,0.67448975,0.614437758,1.3489795,0.104222771
1,8,0,10,878.35,818.85,799.9,784.7,1.03990325,1.28132492,1.145005211,1.452552462,0.676718165,1.561636309,0.67448975,1.583277215
0,8.5,0,9.5,817.05,878.5,815.8,802.65,0.774000993,0.646007638,0.66999918,0.436894987,1.561636309,-0.185713339,0.278348017,-0.080275007
1.5,10,0,10,892.4,769.6,768.15,770.65,1.243644259,0.624887613,0.582544083,0.493181971,0.432145113,0.917299955,0.125661347,0.282216147
5,7,2,9.5,971.25,888.05,880.85,851.15,0.982005806,0.866555808,0.184788881,0.17172343,2.030174093,0.754217242,2.022896955,2.081995229
2,9.5,0,10,960.1,782.65,829.8277778,817.15,0.241692086,0.114747354,0.418096236,0.134189255,0.625797252,1.169362706,0.564432294,0.060370173
1,9.5,1,10,1155.05,1113.95,1118.583333,1020.55,0.387625132,0.429144176,-0.006765939,0.307877576,0.524400513,0,0.495847568,0.252568979
1.5,9,0.5,9.5,1045.35,1007.05,869.45,846.4,0.379399167,1.107303869,0.481949174,0.313252646,0.267238095,2.270140686,-1.491822079,1.622544477
0.5,9,0,10,1047.638889,970.15,891.55,918.25,1.375813747,1.317412997,0.871216249,1.027009455,-0.035624102,1.37680986,0.355850386,0.634327923
0,9.5,0,9.5,839.75,838.2,775.05,806.2,0.640402663,0.505500065,0.515307746,1.225977354,-0.734828907,1.198890263,0.576534751,1.147278871
1.5,6,0,9.5,801.55,904.25,768,839.8,0.937618371,1.13115567,0.851883252,1.006433112,2.267708568,0.523417041,0.210428394,2.319343377
0,9,0,9.5,790.4,856.8222222,847.4,728.35,1.320618814,0.485658338,1.353455137,1.506269746,-0.548828403,0,0.873519942,0.945578242
0.5,9,1,9,581.3,549.65,523.85,520.1,0.571695286,0.697175883,-0.059317262,0.950834848,0.464061356,-0.157310685,1.534120544,0.791638608
0.5,6.5,0,9.5,1134.744444,1291.25,1071.55,1104.2,0.787297647,0.773811014,0.602001413,0.702994717,1.482124029,0.866919445,0.615204584,0
2,7,0.5,6.5,1188.25,1196.65,1067.3,1130,1.239111,1.039630306,1.078563916,0.96807534,1.569592683,1.305301163,1.32668768,1.920505747
8,6,4.5,6,983.15,1008.8,968.05,898.8,0.50123374,-0.35001624,0.200794791,0.148802121,-0.517974477,-1.253252916,1.101165832,0.510981813
1,9.5,0,9.5,540.85,535.1,549.8,528.35,0.648304553,1.051177183,0.153521216,0.719499828,0,0.67448975,0,-0.472789121
0.5,9.5,0,10,889.7,836.5,768.7,747.95,0.744280389,0.886327784,0.656970451,0.378626889,-1.124732251,0.377965768,0.282216147,0.944664747
1,8.5,2,10,911.6222222,776.55,879.3,857.65,0.592232522,0.223939771,0.130404266,0.156246396,0.297690761,1.124732251,1.593218818,0.446977592
5,7,2,8,989.25,998.5,963.75,1096.4,0.534744438,1.378508136,0.913426684,1.310100768,1.193744074,1.012807906,1.146594429,1.68625936
2,9.5,0,9.5,835.85,685.7,790.7,696.55,1.35976124,1.238411871,0.999010903,0.989255497,1.012807906,-0.685205419,0.302862197,-0.392273603
0,8.5,0,10,930.35,942.9666667,822.45,862.5,1.078739685,1.1886202,0.456318503,0.530614507,1.561636309,0,0.955562155,0.956705897
1.5,9.5,0,10,1048.3,984.1,887.9,806.4,0.405646224,0.592228082,0.65616877,0.0324066,-0.670327033,-0.125661347,0.478645155,0.589455798
5,4.5,5,5,820.1,809.2,773.7,732.05,0.174331215,-0.160516186,0.987626912,-0.37636341,0.677432061,0.593818067,-0.097402812,0.593818067
4.5,6,3,7,877.8,862.45,833.75,810.25,-0.099670892,0.075129279,-0.454449629,-0.122259715,0.459768235,0,0.755005268,0.615204584
0.5,9.5,0,10,1181.15,1172.9,1221.166667,1278.45,0.902464499,0.565267451,0.574731988,0.322064261,1.253252916,1.678785167,0.523417041,-0.667536613
1,6.5,0,9.5,972,986.4444444,817.15,838.4388889,1.510606398,0.804280894,0.203443303,0.807106278,1.828071997,2.003854956,2.030174093,1.147278871
0.5,8,0.5,9.5,940.45,901.55,771.45,753.05,0.429870648,0.677421253,0.474273527,-0.001138515,-0.031649338,0.702673239,-0.223349441,-0.702673239
3,8.5,0,10,658.6,643.8,562.75,661.6,1.608314907,1.430148406,1.067871578,0.703238971,1.816282976,1.770514974,-0.288574795,0.289169284
3.5,10,0.5,9.5,932.3,750.25,840.15,748.4,0.343446988,0.954143824,0.850779736,0.788938133,0.510981813,0.275069474,0.229884118,1.460737512
1.5,9,0,9,907.5,919.75,846.35,895.8111111,0.481715042,0.929141731,0.442147551,0.736198702,0.302862197,-0.201700629,0.488776411,-0.747858595
0,10,0,10,1033.3,965.25,1062.65,985.4,1.731685815,0.85895829,1.745135218,0.919136192,2.392712222,2.003854956,1.771293312,2.133236952
0,8.5,0,10,1017.3,918.35,1032.7,938.4,0.495924319,1.125626997,0.530593342,0.391485684,1.421753856,1.771293312,1.421753856,1.644853627
2,8,1,8.5,1031.2,1078.25,1044.2,1025.35,0.873367769,0.780719065,1.199693597,0.728010147,1.828071997,0.80661666,1.280415019,0.614437758
3,6.5,0.5,8,968.55,936.95,909.75,1003.3,1.172277087,1.479135663,0.481261619,1.424710914,1.381094406,2.057483877,-0.036423217,0.904373868
1,8,1,10,1219.3,1111.377778,1060.7,1029.5,1.096231237,1.651793822,0.952219975,1.167144985,0.529067758,1.593218818,1.307923108,1.280415019
2,8,1.5,9.5,1221,1185.1,1164.7,1115.45,1.256282048,0.132807293,0.309909132,0.196327521,1.036433389,0.155436349,0.67448975,1.096803562
1.5,9.5,0,10,773.2055556,720.4,658.85,680.85,0.548261016,1.263660354,0.521758843,0.163415514,-0.398370148,0.542631151,0.377965768,0.347127774
2,9.5,0.5,9,949.15,1000.35,845.7,967.35,0.838317044,0.560859198,0.153256078,0.28616206,0.366106357,0.392273603,0.425532251,0.667536613
8,1,0.5,5,982.9,995.8,1085.7,1110.3,-0.10316143,1.127081086,0.386616872,0.410716941,0,0.459768235,1.059810217,1.784291984
0.5,8.5,1.5,9.5,1025.6,908.7888889,935.1,873.5,0.631348451,1.160778708,0.036860355,0.429125512,0.495847568,-0.179619834,1.465233793,1.193744074
1,5.5,0.5,5.5,835.1458333,753.8571429,804.8333333,820.5833333,0.318520718,0.737985802,0.752211924,0.481827436,0.366106357,-0.313972118,1.831340149,0
0,8.5,1,10,1040.1,919.5,1096,925.45,1.148766181,1.445601805,1.045059109,0.976727369,1.32668768,2.787425192,0.945578242,2.727055019
1.5,7.5,0,9.5,777.35,691.45,690.7833333,667.6,1.127081086,0.977082231,-0.304591078,0.57243371,-0.977742712,-0.593818067,0.478645155,0.242905003
1.5,10,0,9.5,1197.2,1211.8,1214.75,1106.7,0.269836205,-0.023925922,-0.038629508,-0.14182684,0.308383393,0,0.103104319,0.060370173
8,4,3.5,6,1150.55,1150.9,1217.3,1188.277778,0.685070826,-0.205521393,-0.122115359,-0.245892236,0.873519942,0.125661347,1.51919228,0.755005268
0,10,0,9.5,904.25,795.55,877,818.7,1.297657162,1.707558642,1.460282571,1.283127472,2.681287016,1.71092314,2.392712222,1.978539284
3.5,8,0.5,9,988.75,888.15,813.15,849.9,0.923472458,1.533520797,0.936734036,1.099225737,0,1.253252916,0.887146559,0.488776411
1,7.5,0,8.5,786.8,785.85,689.75,737.15,1.112161412,0.183168381,0.739994378,0.104451527,-0.051634809,-0.097402812,0.059098274,0.097402812
1,8,0.5,7.5,814.15,777.6,720.75,732.35,1.58651295,1.376619248,1.107438214,0.835814818,0.548828403,0.229884118,0.874096878,0.598450468
0.5,8.5,0.5,8.5,787.9,809.55,782.45,856.7,0.537656047,0.35100785,0.10487379,-0.026305931,0.915445209,1.318649537,0.884918144,1.036433389
2.5,6.5,1.5,9.5,978.4,820.35,767.05,880.5,0.232150299,0.596484518,0.731202375,-0.142989835,0.097402812,0.624014441,-0.608420237,0.548050065
0.5,9.5,1,10,1038,940.4,1110.75,941.35,0.618255172,1.195858763,1.251615586,0.527504209,0,0.385320466,1.422348345,0
3,9.5,0.5,9.5,1098.2,1049.9,1061.6,959.3,1.384956751,1.189962453,1.400678893,0.537749234,1.124732251,0.432145113,-0.223349441,1.701633491
0.5,10,0,10,1099.6,975.2,1050.25,991.45,1.432026889,0.718754692,0.947854117,0.248974316,1.771293312,0.814587415,0.770640933,2.133236952
0.5,10,0.5,9.5,802.55,790.1,713.9,750.95,0.450876155,0.006303909,0.485576425,0.64622975,0.854882768,1.044457244,0.684745721,1.466128358
1.5,9.5,0.5,9.5,731.55,639.25,707.05,735.65,0.703773629,0.232082401,0.622990073,0.498572397,0.158294156,0.746766482,-0.488776411,-0.564432294
0.5,9.5,0,9.5,1247.15,1137.166667,1099.8,1178.7,-0.193200159,-0.313366118,0.830249751,0.090087091,0.242184366,1.156077216,0.556785429,0
4,5.5,0,9,999.2,910.95,849.7,912.6,0.392865743,0.69415478,0.002262222,0.840394792,1.281551566,0.948949292,0.67448975,0.910772043
5,10,3.5,10,775.4,677.7,860.9,625.3,0.368618444,0.352896375,0.525394089,-0.206976146,0.673595185,1.337314393,0.232644747,-0.510981813
1,8.5,0,9.5,678.05,701.4,573.95,673.9,1.139765713,1.345965953,0.241117358,0.475432972,0,0.524400513,0.884918144,0
1,9,0,10,783.85,712.9611111,659.1,811.3,1.100308333,1.353367651,1.187357296,0.836436106,2.2568724,1.659781891,2.976212945,1.456197977
0,9.5,0,9.5,729.85,877,731.35,768.05,0.736468569,0.924453438,0.820577804,0.185799744,0.967421566,0.346560738,0.488776411,1.408459197
0,7.5,0,8.5,906.4,963.15,880.2,899.9,1.136362768,0.771545357,0.966043476,0.594876615,0.800151097,0.858109587,1.625889187,1.49571719
1,6.5,0,8,913.2,1049.8,747.1,964.75,1.33130724,1.240010597,0.604337606,0.564737503,1.220647716,1.69062163,0.069011823,1.096803562
1.5,9,0,10,1051.15,962.25,971.5,872,0.500030577,0.68466694,0.457257381,0.158392638,0.229884118,0.667536613,-0.072573433,-0.282216147
0,9.5,0,10,835.5,971.3,879.3,814.35,0.874353651,1.046892107,0.701855287,0.789499732,0.363115064,-0.282216147,0.157310685,0.361943639
5.5,7.5,1.5,9,967.3,850.45,900.7,767.8,0.594078849,0.551149291,0.907150752,0.777561762,1.644853627,0.204135331,0.589455798,1.3633347
3.5,9.5,0.5,10,745.75,679.15,687.05,599.6,1.010538355,1.387680066,1.3976117,1.018849541,1.044457244,0.210428394,0.948949292,-0.377965768
4.5,8,2,9,813.05,788.6,790,718.1555556,0.812826741,0.608241038,0.853237827,1.266077306,0.747858595,0.615204584,0.25965912,0.242905003
0,9.5,0.5,10,648.7,618.45,607.15,589.95,0.864729728,0.150666601,0.239476218,-0.322049446,0.791638608,0.729835874,1.31603912,0.366106357
0.5,9,1,10,880.15,839.15,850.05,779.8,0.302745001,0.746312081,0.318520718,0.608876085,-0.576534751,-0.859630794,-0.884918144,0.646087096
1,9.5,0.5,10,629.05,597.4,608.85,599.1,0.246009098,0.095429604,0.110392955,0.068362109,-0.085033952,0.459768235,-0.275069474,0.517974477
4.5,9,0.5,10,832.45,687.25,850.95,696.95,1.206233461,1.375149798,1.806561301,1.78282075,2.234309425,1.402539746,1.193744074,1.059810217
4.5,3.5,6.5,4.5,1133.95,1007.25,1006.25,959.7,2.413707652,2.440300024,2.440300024,2.585444938,3.381243259,3.335475257,3.335475257,3.381243259
0,10,0.5,10,1106.75,1020.9,1001.85,997.3,1.3837051,1.570269859,1.558219629,1.468205119,0.770992558,1.104442407,1.096803562,0.392273603
2,10,1.5,10,887.15,754.1,771.2,706.8,0.5089333,0.674511998,0.306638374,-0.362248647,0.425532251,1.096803562,0,-0.229884118
1.5,9.5,0,10,720.55,634.45,714.1,633.3,-0.197308916,-0.146081034,-0.224167254,-0.041775737,0.361943639,-0.593818067,-0.723200063,0
1.5,9,0.5,9.5,981.4277778,934.65,958.25,834.1,1.168617949,0.900634087,0.565526835,0.73592574,1.564960283,1.771293312,0.446977592,0.407877494
2,9,0.5,10,888.15,827.25,825.4,675.15,0.586910807,0.383378764,0.753883605,0.533598024,0.853215019,0.104222771,1.467557471,0.977742712
5,1.5,3,5,1296.6875,1194.25,1266.527778,1290.816667,0.653055396,1.155258693,1.163207097,0.591963125,0.974776264,3.335475257,0.362538128,0.510981813
2,10,0,9.5,912.6,828.9,860.5,827.25,1.438921986,1.164881318,0.909661731,0.703718195,0.307239651,0.464061356,0.589455798,1.263945548
0.5,9,0,9.5,697.2,679.3,654.35,661.65,0.513521136,0.65689322,0.700128779,-0.137376341,0.598450468,0.459768235,0.819339915,-0.363115064
1.5,9,0.5,10,690.4,643.9,653.75,588.25,1.082447162,0.48763664,0.652576621,0.626900155,0.648782202,0.361943639,-0.967421566,0.547656978
2,10,0.5,10,662.05,619.85,620.5,609.05,0.512698321,0.52812524,0.873848078,0.311820066,-0.464061356,0.977742712,-0.648782202,0.702673239
2,10,0.5,10,678.7,596.75,595.35,546.15,0.550545991,1.135663332,1.001485982,0.510521869,-0.210428394,1.31603912,1.048801025,-0.367089828
1,7,0,8.5,1080.8,1046,917.6,1129.05,1.02321378,1.241425223,0.803542068,0.591743913,1.50922251,1.266317507,0.904373868,2.727055019
0.5,8.5,0.5,8.5,760.85,786.95,749.65,743.4,0.668915574,0.040138984,-0.299933109,0.249029068,1.318649537,0.510981813,0,1.318649537
4,6,1,8.5,957.65,953.8,887.3,1045.8,0.912098603,0.969226156,0.863570284,1.041622351,0.600855511,0.206560264,-0.20218281,0.385320466
2,6.5,0,7,1124.7,1031.4,1095.933333,976.3,0.454512801,1.234458228,0.96111949,1.134447927,1.49197996,1.593422521,1.157744965,1.097574953
1,8.5,0.5,9.5,870.95,851.8,646.55,714.05,1.7913176,1.434976004,0.84667333,0.369179639,1.759060174,2.319343377,0.524400513,1.068818305
3.5,5.5,0,7,984.4,1012.45,883.7,992.5,0.480419,0.83481772,0.343374153,0.212385564,1.466128358,1.147278871,0.595748861,1.337314393
1,5.5,1,7,673.15,630.65,606.8,649.2,0.42073092,0.035560921,0.830249751,0.259096178,0.110733083,1.225683442,0.1565548,-0.282216147
2,10,0,10,898.15,832,845.15,799.45,0.751029325,0.640408795,0.875921204,0.858147926,2.384857426,1.201845218,0.887146559,0.578087234
2.5,9,0,9,898.8,826.8,797.3,903,1.313673223,1.213063287,1.22935947,1.332128121,2.681287016,2.193607124,1.096803562,0.747858595
0,9.5,0.5,9,996.2,1080.35,1034,981.6,0.934862194,0.980946024,0.910952948,1.317894215,0.737537449,0.366106357,0.103455945,0.355545464
3,10,1,8.5,839.3444444,794.65,798.1111111,696.2888889,1.013924512,-0.189767215,0.728060801,0.410499598,0.308383393,0.244794782,-1.172565733,0.542631151
0.5,9,0,9.5,856.15,752.9,756.9,638.85,1.212111766,1.156540282,0.920052372,0.942027703,0.967421566,1.456197977,0.302862197,0.715117145
2.5,6.5,1,8.5,935.05,988.8,967.05,865.65,-0.349757661,0.339411254,0.008386219,-0.280502252,0.887146559,0.385320466,-0.289169284,-0.488776411
0,7,0,9.5,820.4,854.1,724.15,790.25,1.039657635,1.146458902,1.34581986,1.243630829,0.718660529,2.030174093,2.681287016,0.806549272
0,9.5,0,9,850.75,984.2,708.8,955.55,0.556615076,0.345763204,0.356259865,0.359551258,0.308383393,0.292931816,-2.325759152,1.217832509
1.5,10,0,10,731.35,768.85,721.4888889,657.15,1.369764418,1.195858763,0.607320975,0.495842156,1.32668768,0.622197248,0.746766482,0.219562971
1,8,1.5,9.5,863.1777778,708.2708333,869.5555556,791.15,-0.181221459,-0.197922112,-0.021704748,0.122209748,-0.387194802,0.510981813,-0.685205419,0.904373868
0.5,10,2,10,1123.061111,919.15,1015.85,971.95,0.817393963,1.34825973,0.81760587,0.829962641,-0.131202185,0.082239666,0.607061815,-0.918729068
4,8.5,2,8.5,863.25,764.65,697.5,796.5111111,0.030646733,0.12728696,0.324330071,0.29426898,0.125661347,0.589455798,0.085033952,-0.125661347
2,10,0.5,10,758.35,599.2,660.75,618.65,0.660573902,0.737496731,0.429616831,0.287028007,1.198890263,-0.366106357,1.465233793,1.466128358
1,10,0,9.5,824.15,814.35,715.35,700.85,1.830746129,1.168675538,0.957334029,1.828602517,0.38314677,-0.701179132,1.07109326,0.336745582
0.5,7,0.5,7.5,988.6,1153.3,856.35,1148.05,0.457404221,0.596956876,-0.144584642,1.488691982,-0.67448975,0.125250662,0.67448975,-0.69505404
1,8,0,9.5,1058.4,969.3,941.85,965.5,0.496257414,0.799748973,0.155214149,0.674316229,-0.125661347,-0.073368845,0.956705897,0.806549272
3,10,0.5,9.5,775.75,702.45,729.6,648.35,1.581121795,1.586338733,0.594047993,0.937612604,0.157310685,0.791638608,1.198890263,-0.175782958
1,9.5,0.5,9.5,1265.1,1235.6,1223.2,1196.95,1.011556971,0.846256363,0.657591592,0.739742417,0.841760219,1.168014188,1.466128358,1.816336691
3,9,2,9.5,906.5277778,830.55,850.35,753.25,1.544786497,1.668754667,0.820981484,0.727842878,0.210428394,1.097574953,0.799884192,-0.791638608
1,9.5,0,9.5,1035.1,975.35,926.45,1012.8,0.746997394,0.850337879,0.642817129,1.11869928,1.040596107,1.163266161,-0.331465727,2.629652208
3.5,8,0,8,1009.8,809.85,853.3,828.2,0.457257381,-0.365516254,0.89301572,1.207432045,0.630099806,-1.168014188,0.472789121,0.422313812
1,9,2.5,9.5,799.25,771.15,829.3,722.3,0.513775701,1.146722046,1.018966377,0.328548423,1.044457244,0.488776411,0,1.622544477
0,9,0,10,970.55,923.75,875.45,873.95,0.431944585,0.562765919,0.811678535,0.25589685,0.463794451,0.598450468,0,0.548828403
2.5,6.5,0,8.5,843.55,867.9,858.35,844.3,1.169882082,0.435774767,1.079397035,0.878766922,1.768314594,1.198890263,0,1.207898352
4,3.5,0.5,8.5,1007.2,939.35,795.95,879.35,1.248786501,2.21250547,1.092647529,1.196860641,0.622197248,1.222464909,0.116666677,2.193607124
1,7.5,0,9,1335.8,1275.05,1236.8,1242.4,1.416482524,1.170429509,0.882400597,0.53852124,0.387194802,1.36263748,-0.157310685,0.204135331
2,6.5,0.5,7.5,1035.4,939.9,920,991.75,0.696261287,0.812826741,0.616341475,0.693863675,1.440210687,0.229884118,0.229884118,-0.125661347
1.5,10,1,9.5,787.75,670.5,745.5,682.4,0.639432132,1.03861012,0.3070467,-0.279429182,-0.754217242,-2.341077413,-0.910772043,-0.282216147
2.5,8.5,0.5,9.5,1019.4,854.5,801.25,825.3666667,0.834317504,0.996949639,0.881840711,1.136161898,0.601315209,0.228009782,-0.185713339,1.044457244
1,7,0.5,8.5,1069.25,995.5,1056.85,998.6,0.1614503,0.776756418,0.632306107,0.382433109,0.563644269,-0.282216147,-0.362538128,1.305301163
2.5,9,0.5,9.5,1134.15,998.25,998.55,980.0777778,1.320877584,1.24538812,1.639370973,2.096861908,0.961565532,2.392712222,0.622197248,0.819339915
3,7,0.5,8,1077,1036.45,1011.1,1000,0.711101446,0.858949554,0.633119901,1.217767692,1.828071997,1.169362706,0.717794026,1.251904397
1,10,0,9.5,917.65,760,801.95,835,0.847393557,0.710229242,0.044201197,0.235916133,0.314129999,-0.708504377,0,0.791638608
0.5,8.5,0,8.5,952.4,937.05,865.35,891.1,-0.115160474,0.1614503,-0.027915366,0.363334824,0,0.711483096,0.275069474,-0.275069474
2,9,0.5,9.5,820.9,976.95,834.1,841.65,0.812826741,0.231354622,0.500714408,-0.436541761,0.229884118,1.193744074,1.183017646,-0.204135331
3.5,7,0.5,10,1001.7,892.35,897.05,854.6,1.241193123,2.107672154,0.22209409,0.657600111,2.133630038,0.819339915,1.941987988,1.382994127
4,7.5,2,9,1029.15,923,989.45,948.8,1.110604347,1.064547219,1.311086267,0.429109606,1.593218818,0.5821011,0.67448975,1.435908133
2.5,7.5,0,8.5,901.85,834.2,796.5,715.0777778,1.162400601,0.434010335,0.912039748,0.18076561,1.414969509,0.956705897,0.754217242,1.078232209
3,6,5,5,1250.1,1047.2,1141.15,1146.45,0.286148826,-0.214940602,-0.527712939,0.150109567,0,0.361943639,-0.677432061,0
0.5,9.5,0.5,9.5,1291.35,1241.2,1195.85,1122.45,0.769300508,0.121954914,0.325850941,0.547716775,1.411547072,1.382994127,0.464061356,0.977552822
0.5,10,0.5,10,800.35,741.15,752.65,710.05,1.632391741,0.391958023,1.34825973,1.20902552,0.732212714,1.956041316,0.581210213,0.676718165
0,10,0,10,662.35,650.7,535.7,544.55,0.598635572,0.564737503,0.058703915,0.017165279,0.219562971,0.942763035,-0.593818067,-0.593818067
1,10,0,9.5,762.95,798.45,771.9,760.7166667,1.163207097,0.3906948,1.014389558,0.972838307,0.125661347,0.800151097,0.478645155,1.816282976
1.5,9.5,0,10,1058.5,965.05,968.75,915.2,0.014491834,-0.338322277,-0.001383609,0.012153803,1.096803562,1.49571719,-0.01598729,0.201700629
1.5,9,0.5,10,810.2,762.5,757,752.8,0.923265598,0.368317434,0.597181482,0.748511959,-1.569592683,-0.512100265,-0.974776264,0.087468655
0.5,9,0.5,8,1134.2,1118.85,933.1,881.1277778,0.383019909,0.283315982,0.136356688,0.481783703,-0.362538128,-0.800151097,-0.052332029,0.282216147
1.5,10,0,10,1056.1,988.35,913.0277778,960.4,0.410873092,-0.37636341,0.00496333,-0.011207859,0.598450468,0,-0.282216147,-0.125661347
1.5,10,0,10,789.05,859.35,774.15,759.3,1.035600367,-0.245850545,1.330158221,0.498688324,0.859630794,-0.723200063,0.970363877,0.593818067
2,6,1.5,9.5,1308.6,1128.35,1038.666667,1026.55,0.724951364,0.406882572,0.757226661,1.084472447,1.465233793,2.081995229,1.169362706,1.421753856
1,8.5,0,8.5,847,748.5,704.0666667,713.05,0.915823267,0.870173151,0.294972715,1.122248675,-0.05311771,0.955562155,-1.17784996,1.465233793
4,10,1,8.5,860.8,697.8,773.85,673.2055556,0.480070229,1.171280024,0.861568011,1.050158575,1.744548939,1.956041316,0.831800435,0.955562155
2,9,0,8,810.3,780.65,794,890.05,1.132397481,0.42147591,0.520810574,0.590077334,-0.157310685,1.163266161,-0.524400513,-0.100679387
1,7,0,9,912.1,1063.55,857.85,887.25,1.195003652,1.677939622,0.426349489,1.278990913,0.67448975,0.103455945,0.962912202,1.040596107
1.5,7,0.5,9.5,938.25,1026.4,945.8,901.9,1.464041581,1.056846712,1.091434599,0.592536193,0.814587415,1.644853627,1.157744965,1.222464909
2,9.5,0,10,854.4611111,688.85,713.5,755.85,1.027871101,0.781692762,0.721767617,0.245752005,0,0,-0.292931816,0.737537449
0.5,9,1,9.5,871.65,803.95,812.6,821.85,1.465559859,0.691188443,2.073251237,1.039380729,0.604930412,1.60019093,0.667536613,1.74744994
2.5,9,1.5,8.5,980.7,843.6,814.9,761.8666667,1.498419947,1.258730679,1.516147703,-0.432184912,1.569592683,0.251322694,1.625889187,0.800151097
0.5,10,0,10,855.3,773.4,780.6,761.1,0.906730325,0.25507523,0.947854117,0.582276362,0.103104319,0.755005268,-0.754217242,0.087468655
3,9.5,0,7.5,655.45,637.65,573.8,635.5,0.84169095,1.035514281,0.330879311,0.330879311,0,0.917299955,0.810110881,0.432145113
4,7,0.5,8,1008.35,996.75,918.25,978.65,1.283692475,1.633895918,0.878960217,1.327962537,1.635005154,1.307231956,2.432655359,0.282972031
2.5,9,0.5,9,912.55,865.95,946.05,815.65,0.580989316,0.151140152,-0.093501458,0.221305585,0.615204584,-0.104222771,-0.103104319,-0.282216147
4.5,5.5,6,4.5,1250.2125,1192.55,1163.2,1066.788889,0.56289825,1.047100507,0.499654909,0.208112253,0.318639364,0.607061815,0.182927814,0.292931816
0.5,9.5,0,10,865.9,790.65,772.4,765.1,0.427399004,0.912772364,0.732656465,0.430725624,1.50922251,-0.242905003,1.172064506,0.517974477
1,6.5,0,7.5,902.15,1052.65,861.55,941.3,0.960842765,1.692588264,1.160755909,1.789517897,2.022896955,1.534120544,0,1.784291984
2,9,0,10,927.15,827.6,783.15,790.95,1.588863802,0.63691133,0.482018671,0.865690817,2.058521057,0.734828907,-0.967421566,-0.069011823
0,10,0,10,840.1,678.3,844.2,712.2,0.041024254,0.261014508,0.730368756,-0.320226772,-0.100679387,-0.289169284,0.858109587,-0.104222771
1,10,0,9.5,833.95,669.1,792.95,645.1944444,1.471738697,1.055722224,0.519143403,0.339074664,0.1565548,0.385320466,-1.3633347,0.190572974
1.5,8,0,9.5,909.7111111,945,809.85,891.4,0.455389653,0.396280837,0.45891089,0.180028832,0.087468655,-0.052332029,0.407877494,0.747858595
1,9,0,10,1261.05,1130.8,1185,1074.35,0.20698841,0.275170695,0.648524406,0.356319506,0.124905462,0.845360223,0.945578242,1.460737512
1,8.5,0.5,9.5,1284.65,1069.9,1080.15,1074.85,-0.186866222,0.385059806,0.180051678,-0.047829788,-0.361943639,-0.242905003,0.589455798,1.222464909
3,6,1.5,8.5,841.9,931.4,986.9,932.15,-0.149908483,-0.268000016,0.107729225,-0.020565764,-0.210428394,-0.24044501,-0.385320466,0.355545464
4.5,5.5,0.5,8.5,1007,1026.55,948.8,1010.9,1.378633648,1.005414368,1.438534054,0.787659175,1.927069774,2.384857426,0.746766482,2.057483877
0.5,10,0,9,970.8,887.2,909.35,930.9,0.499187781,0.949707495,0.542089529,0.69496889,-0.150089237,-0.915445209,0,1.647657922
3,5.5,0,8,1070.5,1027,857.05,981.65,0.608372179,-0.022409888,0.35100785,0.732620251,0.103104319,0,-0.125661347,0.67448975
0,9.5,0,10,756,806.35,706.3,770.7,0.694286878,0.359940862,0.964141198,0.610366179,0.625948868,0,0,-1.071123171
0,9.5,0,9.5,973.85,957.05,1023.944444,1011.55,1.16691311,0.932920572,0.832219193,1.127928803,1.307923108,1.465233793,-0.205761149,0.755005268
1,9.5,0,10,904.7,719.95,773.7,774.15,1.271631691,1.091779102,0.373703875,0.802524893,1.852759908,0.100679387,-1.32369215,-0.210428394
0.5,10,0,9,972.3,951.95,863.55,889.2,0.28484712,0.249374939,0.231842188,-0.228131906,1.456197977,-0.251322694,0.589455798,0.407877494
1.5,6.5,0,8,952.05,893.9,869.4,1037.45,0.696617703,0.447580956,0.32086202,-0.533665545,-0.125661347,0,-0.104222771,0.67448975
1,8.5,0,10,875.45,840.25,768.5,784.95,1.045467648,0.031645258,0.359760826,0.746393795,0,-0.67448975,0,0.993129114
3.5,6.5,0,9,963.5,873.9,839.4,868.8,1.014177818,1.269183494,1.268391575,0.823632181,-0.01598729,-0.718660529,0.331465727,0.24044501
1,9.5,0.5,8.5,848.3,752.35,922.1888889,764.05,1.057204082,0.441796751,0.70441228,0.076628039,-0.331465727,0.67448975,1.622544477,0.117148858
1,8.5,0,7.5,834.35,764.55,700,908.55,1.533715712,1.957002376,1.578662183,1.032729919,0.67448975,0.229884118,-0.792775154,0.746766482
4,9,0.5,9.5,900.9,824,811.95,854.7,0.573729899,0.064813701,0.650770317,0.392793295,0.670327033,0.831800435,-0.67448975,0.282972031
2.5,3.5,0,8.5,981.15,945.5888889,888.25,1016.85,0.929141731,1.544011872,0.725125495,0.632306107,2.36511138,0.085033952,0.510981813,0.615204584
0.5,8.5,0,9.5,1259.65,1068.3,1076.75,963.65,0.817251005,0.848952752,0.904923224,0.546478238,0.242184366,1.207898352,0.646973985,0.289169284
1.5,9,0.5,9,800.95,683.05,641.35,739.2,0.611704134,1.187423241,0.635227475,0.997667446,0.313972118,-1.900226901,0.501826093,-1.51919228
1,9.5,0,10,885.4,797.75,739.3,841.6,0.712819215,0.344196864,0.97576665,0.85139188,0.915445209,0.210428394,0.729835874,-0.887146559
2.5,10,1.5,10,867.05,871.55,814.45,787.6,0.335614853,0.26261699,0.7847098,0.153256078,0.967421566,0.212656809,-0.648782202,1.465233793
1.5,10,0,9.5,885.75,781.4,860.15,847.75,0.418692243,-0.357484835,0.506534659,0.196327521,0,0.355545464,-0.242905003,0.702673239
0.5,9.5,0,9.5,901.7,830.1833333,767.7,683,0.804607231,0.602001413,0.506681241,0.018138128,0,0.355545464,0.052332029,0.873519942
4,8,0.5,10,955.35,888.55,944.9,878,0.71877998,0.545878791,1.711191241,0.947245636,-0.377965768,1.169362706,1.539497203,0.080275007
5,8.5,0,9,899.15,808.75,863.55,797.6,0.655700322,0.289328724,0.871580514,0.333245463,0.646087096,1.718880165,0.308383393,1.561636309
2.5,10,0,9.5,759.6,766.7,735.35,608.7,1.362689108,1.241069821,0.367564801,1.219699046,1.021522725,1.104442407,1.253252916,0.971142215
5,7.5,0.5,9,1149.75,1006.35,965.85,1110.65,2.034355855,1.513197797,1.546371697,1.636732036,2.133630038,2.436492235,0.681711197,1.561636309
2.5,9.5,0.5,9.5,1013.2,863.85,863.85,889.3,0.41840212,0.057698445,0.608105125,0.771403865,1.263945548,0.35957168,0.831800435,-0.242905003
0.5,9,0,10,924.5,933.7,947.4,836.15,1.097945963,0.774162335,0.343065968,0.418429449,0.699204805,0.800151097,0.67448975,0.488776411
3,8,0,7.5,1028.7,1038.95,895.7,1046.961111,0.389176669,0.727958262,0.553909098,0.231855364,0.439526832,0.432145113,0.117148858,0.307239651
1,9,0.5,9,998.6,966.5,961.15,990.8,0.292893837,-0.027915366,-0.024057097,-0.366358568,0.624014441,0,0.104222771,0.355545464
2,8.5,0,9,786.3,954.2,711.7,858.9,1.145793473,1.409128768,0.764441712,1.220407999,1.482124029,1.874737745,1.096803562,0.702673239
1,10,0,10,699,650.05,648.25,637.85,0.991123225,0.929141731,0.599200822,1.24283823,1.816336691,2.392712222,0.761485212,1.32668768
1.5,8.5,0,10,953.85,908.7,758.15,837.8,0.818653155,0.348573541,0.095478428,-0.237631035,1.147278871,0.564432294,0.667536613,0.282216147
2.5,10,1.5,9,931,750.75,817.1,831.85,1.181224813,1.435695194,0.247050229,1.126777335,0.20218281,-0.677432061,0.488776411,-0.292931816
1,9.5,0.5,10,892.45,749.45,765.05,699,0.320777453,0.316058543,0.406882572,0.586379742,0.208795672,1.157744965,1.750529503,1.644853627
3,10,0.5,10,985.65,783.9,812.8,712.1,0.894339366,-0.37636341,0.541959746,0.152917218,1.465233793,0.624014441,0,-0.711483096
0.5,6.5,0,9,1012.944444,1261.215278,945.2,1121.65,0.563684728,0.577411754,0.37636341,1.254786068,0,-0.366106357,0,0.747858595
1.5,9,0.5,9,1235.05,1290.9,1190.8,1247.05,1.109019113,0.706108762,0.865001325,0.371321251,1.178911596,0.800151097,0.692095768,0.282216147
1,9,0.5,9,1007.65,1031.55,857.3,836.8,1.169321987,0.629618803,0.663368589,0.560210236,0.051634809,0.730697205,0.157310685,0.394405007
4.5,9.5,1,7.5,949.5,908.35,925.8,996.4,1.245718087,1.123918998,0.401500533,0.12961576,-0.547656978,0.761485212,1.956041316,0.478645155
2,10,0,9.5,826.8,704.7,763.45,686.2,0.358982293,0.748539444,0.327140317,0.801219762,-0.524400513,-0.318639364,0.807415775,0.509422461
1.5,9,0,10,1041.95,950.25,885.4,841.8,0.644546575,0.960140458,0.33754037,0.559525015,1.15034938,2.270140686,-0.318639364,0.89050687
0.5,8.5,0,8.5,619.1,602.6,603.35,641.2,0.136083726,0.733584915,0.640168582,-0.019837983,-0.308383393,0.20218281,-0.136222239,0.292931816
1,8.5,0.5,9.5,818.7,780.15,689.8611111,752.55,0.449291988,0.894012818,0.305668581,0.712489989,0.542631151,0,0.052332029,-0.615204584
1.5,10,0,9.5,821.85,755.25,812.5,723.0222222,-0.068053541,0.554366224,0.130669403,-0.107852264,0.117148858,-0.229884118,1.10077798,0.362538128
1,8.5,0,10,1011.95,948.3,917.35,886.1,1.415351592,1.423985252,1.408463636,1.031023827,1.954010204,1.934843132,1.900226901,0.591355519
1,9.5,1.5,10,777.75,730.85,825.25,820.3,0.573464509,0.448017859,0.696617703,0.093392033,0.806549272,-0.422313812,0.385320466,0.292931816
2,10,0,9.5,1012.2,804.25,954.45,887.2,0.781853619,0.203599682,0.475305524,0.470500741,-0.088755246,0.564432294,-0.420856788,-0.087468655
1,10,0,9.5,1026,895.85,862.6,890.7,0.711797351,0.745211922,0.385914988,0.306545819,-0.206560264,0.439526832,0.94083328,1.272467025
1,9.5,0.5,9.5,1345.4,1216.977778,1261.35,1242.85,1.050158575,0.582471248,0.622182649,0.736922838,1.381094406,1.749100484,0.791638608,1.641911316
0.5,8,0,10,1013.55,1018.844444,899.1,1007.2,0.867237284,0.22472271,0.180683718,-0.332383993,0.201700629,0.459768235,-0.348944967,0.125661347
1,10,0,10,770.8055556,819.45,762.75,833.25,0.528231585,1.069155605,0.934510258,0.551567094,-0.318639364,1.360777775,-0.967421566,-0.355850386
1.5,9.5,0,9.5,777.65,712.55,630.2,633.5,0.333952293,0.034142699,0.513586352,-0.400049411,0.185713339,-1.061331423,-0.131202185,-0.080275007
0.5,9,0,10,570.2,582.25,514.9,523.9,0.411724053,0.183839514,0.352054576,-0.228536947,0.967421566,-0.406318141,0.67448975,-0.556785429
1.5,9.5,0.5,9.5,814.45,784.9,804.35,723.45,0.63942381,0.993727336,0.309152067,0.172466148,-1.744548939,-1.49197996,-1.040596107,-0.790744042
1.5,9.5,0.5,10,894.4,817.45,790.35,767.15,1.138127343,1.169882082,1.255310851,0.863176282,0.80661666,1.059810217,0,1.583277215
0.5,9.5,1,10,1003.644444,904.6,899.55,838.75,0.55782008,-0.095341857,-0.155450229,0.0684038,0.444605633,-0.385320466,-0.1565548,-0.866919445
1,8.5,0.5,9.5,783.45,786.7,668.1,732.2,1.072131566,0.387818684,0.373836493,0.353877641,0,0.127985025,0.843039877,0.601315209
0.5,9.5,1,10,885.25,750.15,756.55,715.75,0.772483759,0.58190978,1.12139454,0.656752561,-0.085033952,-1.691431229,1.01688777,0.510981813
0,9.5,1,10,954.45,922.25,992.75,989.65,1.959920853,1.910387684,2.223987143,1.541173681,3.335475257,2.267708568,2.133236952,3.335475257
0,9.5,0,10,736.7,734.7,679.25,655.45,0.852775585,0.761222769,0.721136917,-0.251530066,-0.347127774,0.275069474,0.157310685,0.665977261
1.5,9.5,0.5,9,796,709.35,789.5,797.3,1.156874084,0.540169682,0.807663042,1.055032222,1.045344133,1.28606093,0.67448975,0.523417041
1,10,0.5,9.5,927.95,747.8,779.1,765.4,0.871351113,0.400518511,0.732183174,0.172428169,1.68625936,1.117030677,0.439526832,0.873519942
0.5,9.5,1,9,725.1,724.35,683.9,743.35,1.046971894,0.786857282,1.119906042,0.876573198,0.318639364,1.382994127,1.805952078,0.67448975
2.5,8,0,9,932.95,850.2,765.95,885.9,1.582469118,1.918040866,1.529111516,1.17684438,0.646973985,0.746766482,0.742481937,0.212656809
2,5.5,1,9,999.2833333,997.65,1004.494444,1012.45,0.409037487,0.319065753,0.834510785,0.133478042,0.661572969,-1.10077798,0.681711197,-0.854882768
0.5,9.5,1.5,10,971.25,1090.7,924.4,886.7,1.112905258,-0.126654851,0.470608993,0.176395503,0.01921411,0,0.282216147,-0.564432294
1,8.5,0,8,1101.4,1086.3,1082.45,1097.05,0.919346473,0.337620574,0.112254189,0.212958745,0.25965912,1.641911316,1.263945548,2.003854956
0.5,10,0,10,1181.1,1088.85,941.05,1035.7,-0.063657557,1.368368865,0.271529138,0.900056515,0.887146559,-0.747858595,-0.267238095,0.566698978
2,9,0.5,10,1132.55,1000.1,1056.6,970.1,0.454419885,0.343885278,0.770135984,0.410716941,0.072573433,-1.556877364,-1.222464909,0.125661347
1,8.5,1.5,9,937.45,996.3,812.2,785.2444444,0.629561857,1.039380729,0.807445139,1.461376082,0.791638608,-0.223349441,1.157744965,1.193744074
0,10,1,9.5,667.75,611.4,586.05,573.5555556,1.035600367,0.513775701,0.383931869,0.823428476,-0.103455945,0,0.01921411,-0.297690761
0.5,8.5,0,9,1080.45,1102.65,1008.7,933.9,0.835069682,0.319649534,0.749375828,0.314524245,0.355545464,0.01921411,1.249637713,1.266317507
1,7.5,0.5,8.5,878.55,864.1,611.7,807.35,0.661683164,0.938178521,0.254970054,1.036228443,1.805952078,1.172565733,0,0.625797252
1.5,10,0,9.5,968.65,706.4,744.35,632.25,0.573350523,0.850529675,-0.092915905,0.319208276,0.35957168,-0.630099806,0.302862197,-0.440312512
0.5,9,0,9.5,1105.65,1063.6,1110.4,1084.4,1.646172433,1.841639364,2.20692339,1.628087762,2.727055019,3.238072445,2.163410751,3.238072445
0,7.5,1,9.5,724.1,715.0722222,633.95,653.1,1.271631691,0.304852885,0.517502691,0.173814303,1.281551566,1.193744074,-0.67448975,2.123576342
1,10,0.5,10,985.5,908.65,875.75,880.6,1.521215585,1.333115047,1.910327068,1.523055984,1.68625936,3.283840448,2.081995229,1.68625936
3.5,8,0.5,8.5,994.05,899.3,1003.6,928.25,1.493847602,1.318859023,0.735656333,1.184250507,1.644853627,1.854568125,2.2568724,3.11008742
2,1.5,0,2.5,1041.4,1174.8,898.65,1080.05,1.125626997,0.947353236,0.779914366,0.266048369,-0.104222771,0.831800435,0.746766482,1.249637713
1,9.5,0,9.5,706.25,657.3444444,595.9,611.35,0.208128712,0.662542597,0.881149146,0.533194916,0.155677963,-0.488776411,-0.282972031,-0.229884118
2,6.5,0,8,1055.861111,1020.1,857.5,957,0.250271183,0.778850596,0.328561599,1.005045634,1.030074742,1.036433389,0.206560264,1.844662157
0.5,9.5,0,10,858.9,941.95,782.4,765.7,0.643839203,0.824172871,1.013657032,0.095796039,-0.581210213,0.103104319,-1.124240881,1.823102936
4,9.5,0.5,10,862.65,689.15,689.7,720.8,0.726917299,0.46082332,0.912850323,0.041370125,0.667536613,0.604930412,0.512100265,0.542631151
1,7,0.5,7.5,993.85,1015.05,995.5,1020.6,0.134925397,0.320193774,0.436628615,0.769654088,-0.308383393,1.466128358,-0.157310685,0.315478436
3.5,7.5,0.5,8.5,938.7,904.35,820.6,802,1.896083692,1.435695194,1.064259681,1.341591688,0.667536613,-0.100679387,0,0.871671945
3.5,4,2,8,1087.75,1060.15,1071.25,1098.6,1.179945162,1.333115047,0.617279863,0.380919521,2.133236952,0.971142215,1.333527923,1.422348345
4,4,0.5,6,936.5,938.15,905.9,922.1,0.789657505,1.550950256,0.603181049,0.203878785,0.958286989,0.910772043,1.959325175,0.366106357
0,9.5,0,10,1014.6,1006.1,893.85,840.65,0.580693686,0.883802462,0.659028293,0.599322015,1.305301163,0.472789121,2.139723543,0.945578242
1.5,9,0,10,763.2,683.3,704.95,763.85,0.957675042,0.348152415,0.953930811,0.23551379,-0.793538329,1.465233793,-0.151126417,0.068886752
0,9,0.5,8,714.4,708.1888889,665.55,682.75,0.234224413,0.102906538,0.980659898,0.154957019,-0.157310685,0.819339915,-0.308383393,-0.841760219
2.5,8,0.5,10,1060.75,908.35,892.5611111,795.45,1.158133431,1.241069821,1.435296164,0.413973544,1.15034938,1.476602357,1.036433389,1.466128358
2.5,9.5,1,9.5,1238.45,1128.55,1170,1124.6,0.049231624,0.052316431,-0.101637392,-0.146081034,2.193607124,0.624014441,0.104222771,0.348944967
2.5,6.5,0.5,8.5,971.55,972.3,913.6,900.55,1.214260952,1.561284754,0.611447004,1.109915807,2.917114671,1.263945548,1.49197996,1.69511791
2.5,8.5,1,8.5,948.45,804.8,835.6,781.95,0.289504806,0.921218631,0.528918024,-0.00143104,0.699204805,-0.157310685,0.05311771,1.465233793
0.5,8.5,0.5,9.5,789.35,745.9,867.7,791.9,1.147091857,0.110488576,0.276297456,0.476205372,-0.407877494,0.366106357,-0.757151053,-0.20218281
2.5,9,1,9,679.85,641.2,638.95,593.6,0.829984614,0.945255549,1.467433893,1.028934243,-0.406318141,0.831800435,-0.175782958,-0.052332029
2.5,9.5,0,10,763.2,656.35,646.3,633.8,0.835022522,1.294654178,0.520360065,1.19801395,-0.110733083,0.097402812,-0.110733083,0.045768003
2,9.5,0,10,1163.094444,995.35,945.25,1033.8,0.972393968,0.375525153,0.395818574,0.022402854,0.977742712,0.800151097,-1.096803562,1.172064506
4.5,8,1,8,911.5,893.6,805.4,876.2,0.245125935,0.675729504,1.281196307,1.278184227,-0.346560738,1.764004662,2.057483877,2.066007939
2.5,10,0,9,865.8,703.9,797.2,733.65,1.640516024,1.002642773,0.466507184,0.506828194,-0.229884118,-0.667536613,-0.242905003,0.67448975
4.5,5.5,0,7.5,904.15,831.75,818.85,851.55,0.896611514,0.056314238,0.599576877,0.811537365,2.010959984,-0.125661347,1.647657922,0.282216147
1,9.5,0,10,1037.7,877.8611111,835.1,785.55,1.202964353,1.123828081,1.15793734,0.603367838,0.718660529,0.595748861,1.421753856,1.750529503
1,9.5,0.5,10,805.95,669.65,755.6,748.95,0.865985217,0.855310575,0.478295317,0.391820787,1.163266161,1.989634305,-0.095507951,1.691431229
6,9,1,9.5,1016.6,869.6,982.7666667,776.5,0.498572397,0.454654607,-0.000487514,0.287747068,-0.871671945,1.169362706,0.548828403,-0.392273603
2.5,5.5,0,8,1207.7,1078.1,1069.55,1065.45,0.877070439,1.418347472,1.330129543,0.721686917,0.770992558,1.012807906,0.228009782,0.589455798
0,8.5,0.5,9,981.8,940.35,787.85,797.7,-0.012303144,0.303525461,0.67950013,0.396127975,0.967421566,1.124732251,1.307660065,0.887146559
1.5,9.5,0.5,9,1073.4,961.85,957.25,1140.45,-0.166446584,-0.019634336,-0.207355432,-0.365703682,-0.711483096,0.598450468,0.819339915,0.155436349
1,9,0.5,10,1208.25,1125,1080.15,1043.55,1.115128342,0.031054096,1.104275722,0.306672308,-0.366106357,1.016131879,-0.182927814,1.096803562
2.5,8.5,0,10,1014.45,1012.7,960.85,984.85,0.373538636,0.192829398,0.477524744,-0.407556005,0.242905003,-0.103104319,-0.242905003,-0.212656809
5,6,2,8,959.4,995.65,971.75,951,0.74348811,0.937361241,0.615327953,0.269626287,0.746766482,1.263945548,0.267238095,1.163266161
0,8.5,0.5,10,723.1,770.85,706.2,792.15,0.904156598,0.406882572,0.952219975,0.994423262,1.124732251,0.746766482,0.208795672,1.422348345
0.5,10,0.5,9,593.45,548.3,547.85,475.45,1.127290192,0.640168582,0.417659388,0.277489568,0.125661347,0.229884118,0.314621369,0.204135331
1,7.5,0,9,820.95,953.25,763.05,789.7,1.123134276,1.031651482,0.782158253,0.429898111,1.701633491,0.94083328,0.967421566,0.790744042
1.5,10,0,10,984,861.55,960.2,899.85,0.788054169,0.070416508,0.352054576,0.306926699,0.967421566,0.472789121,NA,0
2,10,0.5,8.5,691.65,645.15,614.6,598.5111111,0.472812662,0.707952952,0.284457561,-0.18361812,0.510981813,0.814587415,0.512100265,2.003854956
0.5,9,0.5,9.5,657.05,618.4,626.2,570.5,0.466165797,0.470316714,0.2963307,0.63995084,-0.383771164,0,0.252568979,-0.059098274
2.5,9.5,0.5,9,819.55,647.4,730.5888889,678.35,1.657677655,0.444876588,0.322216477,0.364083954,0.747858595,0.14928683,-0.307239651,0.715117145
2.5,6,1,7,893.7777778,846.9,666.75,819,0.843172369,0.322076868,0.437944151,-0.184631041,0.315478436,0.918729068,-0.791638608,-0.625797252
0.5,4.5,1.5,5.5,789.95,790,699.65,687.05,0.895293836,1.002439462,0.770358665,0.928125931,1.476602357,0.614437758,0.871671945,1.934843132
4,6,1,9,960.7777778,965,941.0833333,832.65,1.421285196,1.019117833,0.407936214,1.642763323,1.163266161,0.871671945,0.807415775,0.866919445
0.5,8,0.5,10,690.65,655.5,619.55,562.4,0.974715674,1.363737804,1.428780291,1.011738131,0.576534751,0.65006186,0.699204805,1.249637713
1,8,0,10,716.8,771.3,673.45,662.8,0.680782695,0.30198254,0.269369157,0.820372484,1.337314393,0.459768235,0.542631151,1.096803562
2.5,9,0.5,10,939.2,845.4,789.5,852.5,1.130195132,0.927558182,0.724141134,0.589371601,1.74744994,1.534120544,2.208610295,1.411547072
1,9,0,10,970.5,865.25,723.25,676.65,0.913989803,0.517627884,1.028934243,0.407633865,-0.087468655,0,0.723200063,0.201700629
0.5,8,0,10,710.6,706.05,674.95,666,0.46593794,0.650152365,0.82283228,0.422376833,0.415572561,0.715117145,1.408405483,0.67448975
2.5,10,1.5,10,634.15,560.45,557.0555556,523.8,0.108732952,0.172685299,-0.148707732,0.283351327,1.147278871,0.125661347,0.873519942,0.242905003
0,9,0.5,10,713,615.15,699.9,599.45,0.592175998,0.555132765,1.006256138,1.002439462,1.280415019,1.048801025,1.561636309,0.879122705
1,9,0,10,705.3,674.75,664.25,678.35,0.948028951,1.05367623,0.199925648,0.209694509,0.810110881,0,-0.497812227,0.548828403
1,9.5,0,10,1008.644444,898.45,847.4,802.25,1.294845413,1.599076358,0.862115139,0.569479573,0.524400513,0,0.212656809,0.841760219
2.5,9.5,0.5,10,911.6055556,851.7,952.05,777.25,1.300715345,1.580518172,1.154159828,0.962825568,0.492644541,1.113964952,0.488776411,1.665210274
0.5,10,0,9.5,841.2,766.9,789.3,725.75,0.881149146,0.894798315,0.212539318,0.511184792,0.282972031,1.036433389,0.122670054,1.093082913
4,7.5,1,8,1014.3,1000.3,913.05,930.6,1.443876567,1.180367389,0.20328289,0.622244937,2.480365377,-0.095507951,1.382994127,2.123576342
2,8.5,0.5,9.5,917.3,925.55,911.55,889.85,1.072397582,1.073664443,0.634812613,-0.219924404,1.062244919,0,1.059810217,0.031649338
1.5,9,1.5,9,770.6,751.9,781.15,696.55,-0.035641459,0.357446445,0.569473696,0.02260425,0.131202185,0.073368845,0.648782202,-0.385320466
0.5,9,0,9,788.35,773.15,776.2,645.4,0.952285203,0.85945166,0.721780515,0.64525365,0.754217242,-0.080275007,0.110733083,0.472789121
1.5,9,1.5,8,780.55,728.25,727,661.1,0.346328221,0.6054779,0.360943501,0.235382438,1.32668768,0.904373868,0.67448975,0.060370173
1,9.5,0,9.5,906.75,829.35,892.2,853.05,1.61496969,1.033009037,0.65923247,1.073638013,0.362538128,0.229884118,-0.315478436,0.737537449
1.5,7,0,9.5,801.7,876.9277778,700.55,817.35,0.614600275,0.400189476,0.125031996,0.722110611,1.382790424,1.259533161,-0.208795672,0.866919445
1.5,9.5,0.5,9,934.05,851.45,808.15,840.05,0.141135308,0.993273155,0.640811584,0.243548525,0.754217242,0.874096878,0.770640933,-0.103104319
2,8,0,9.5,947.7,934.55,1008.35,880.1,0.109793506,0.544680832,0.31904886,-0.007230254,0.604930412,-0.517974477,0.841760219,0.459768235
1.5,10,0,9.5,921.8,936.55,892.7,884,1.044507877,2.006467864,0.53977658,0.76725973,2.037495939,1.934843132,1.666872032,1.774293118
4.5,6,0.5,8,953.5333333,993.7944444,1012.964286,1005.25,0.989365885,0.449586778,0.631760804,0.856542405,1.104442407,1.678785167,1.90739464,0.676718165
0,9.5,1,8,968.15,978.05,922.25,962.65,0.608523325,0.266734971,0.540437572,0.230426487,-0.858109587,0.446977592,0.1565548,0.747858595
0.5,10,0,9.5,742.6555556,592.95,686.1,561.95,0.289054282,0.223939771,0.38286932,-0.302457739,-1.01688777,0.297690761,0.607061815,0.377965768
2,9.5,1,8.5,962,764.75,907.4,922.45,0.27728475,1.247662449,0.609166922,0.609166922,0.956705897,1.564960283,0,-0.608420237
1,8,0,9.5,1101.1,1102.7,1054.572222,1057.1,0.710587138,0.923909306,0.466163844,0.152976975,0.258892294,0.564432294,0.967421566,0.223349441
3,3.5,1,6.5,1265.75,1371.85,1240.8,1318.4,0.761294185,0.958934916,0.153256078,1.284947327,0.751426823,1.675662187,1.157744965,0.315478436
2,9.5,0,10,720.9611111,718.15,666.4,633.4,0.551564152,0.458010525,0.569577607,0.457291012,-0.746766482,-0.072573433,-1.37592297,0.125661347
3,8,2,8.5,1013.55,1030,1102.85,939.0777778,0.655330898,-0.274041257,0.358320079,0.207075749,-0.5821011,0.463794451,-0.614437758,0.977742712
2,7.5,0,9.5,792.95,816.9,652.6,680.3,1.802669448,0.781902524,1.069319382,0.563540543,2.438480224,3.289707254,0.944664747,1.874737745
3.5,7.5,1.5,8,1244.4,1287.2,1247.35,1215,0.638954705,1.240533091,1.606503431,0.544258913,0.501826093,2.787425192,0.904373868,1.641911316
1.5,9,0.5,9.5,795.65,734.3,705.15,693.85,1.071287259,1.236269859,1.241682353,1.371343817,1.311002671,1.556877364,0.488776411,0.085033952
4.5,4.5,0,6.5,1076.8,1073.55,931.7,1035.45,1.063079379,1.667307068,0.69572136,1.058097411,0.879122705,2.081995229,-0.939920986,1.476602357
