ID,ID_status,ParticipantID,phase_batch,record_type,att_D1,att_D2,att_D3,att_D10,att_task,last_session,exclusion_stage,exclusion_stage_zh,evidence_basis,primary_reason,criterion_code,condition_or_domain,observed_value,threshold,n_trials,recomputed_value,author_value,evidence_status,secondary_notes,paper_flow_bucket,in_released_503,note,source_ref,js_trap1,js_trap1_unscorable_reason,js_trap2,js_trap3,js_honeypot,js_practice_gate_d2,js_practice_gate_d3
,literal_NA,,,literal_NA_record,0,0,0,0,无任务数据,无问卷记录,unidentifiable_record,无法对应被试的记录,not_applicable,记录无法对应被试（无有效标识）,unidentifiable_record,"","","",,,"",source_record,"",非流程记录,0,"",01_raw/*.csv,"","","","","","",""
"",missing,201,15,missing_id_record,0,0,1,0,ALT2,Day3,unidentifiable_record,无法对应被试的记录,not_applicable,空 ID 记录（无法对应被试）,missing_id,"","","",3577,,"",author_record,"",非流程记录,0,空 ID 记录共 3577 行（ALT2 正式试次 768 行）；疑为测试数据，待定,removed_subjects_legacy_content.csv（旧表中的空 ID 记录行）,"",correct_answer_missing_in_batch_raw,pass,na,ok,na,na
phase_002_subj_10,regular,,2,task_only_record,0,0,0,0,IAT+ALT1+SRET,无问卷记录,task_only_record,仅任务数据记录（无问卷）,not_applicable,仅存于任务文件，无任何问卷记录,no_questionnaire_record,"","","",,,"",source_record,"",非流程记录,0,"",01_raw/*.csv,"","","","","","",""
phase_002_subj_11,regular,,2,task_only_record,0,0,0,0,IAT+ALT1+SRET,无问卷记录,task_only_record,仅任务数据记录（无问卷）,not_applicable,仅存于任务文件，无任何问卷记录,no_questionnaire_record,"","","",,,"",source_record,"",非流程记录,0,"",01_raw/*.csv,"","","","","","",""
phase_002_subj_12,regular,,2,task_only_record,0,0,0,0,IAT+ALT1+SRET,无问卷记录,task_only_record,仅任务数据记录（无问卷）,not_applicable,仅存于任务文件，无任何问卷记录,no_questionnaire_record,"","","",,,"",source_record,"",非流程记录,0,"",01_raw/*.csv,"","","","","","",""
phase_002_subj_13,regular,,2,task_only_record,0,0,0,0,IAT+ALT1+SRET,无问卷记录,task_only_record,仅任务数据记录（无问卷）,not_applicable,仅存于任务文件，无任何问卷记录,no_questionnaire_record,"","","",,,"",source_record,"",非流程记录,0,"",01_raw/*.csv,"","","","","","",""
phase_002_subj_14,regular,,2,task_only_record,0,0,0,0,IAT+ALT1+SRET,无问卷记录,task_only_record,仅任务数据记录（无问卷）,not_applicable,仅存于任务文件，无任何问卷记录,no_questionnaire_record,"","","",,,"",source_record,"",非流程记录,0,"",01_raw/*.csv,"","","","","","",""
phase_002_subj_15,regular,,2,task_only_record,0,0,0,0,IAT+ALT1+SRET,无问卷记录,task_only_record,仅任务数据记录（无问卷）,not_applicable,仅存于任务文件，无任何问卷记录,no_questionnaire_record,"","","",,,"",source_record,"",非流程记录,0,"",01_raw/*.csv,"","","","","","",""
phase_002_subj_2,regular,,2,task_only_record,0,0,0,0,IAT+ALT1+SRET,无问卷记录,task_only_record,仅任务数据记录（无问卷）,not_applicable,仅存于任务文件，无任何问卷记录,no_questionnaire_record,"","","",,,"",source_record,"",非流程记录,0,"",01_raw/*.csv,"","","","","","",""
phase_002_subj_4,regular,,2,task_only_record,0,0,0,0,IAT+ALT1+SRET,无问卷记录,task_only_record,仅任务数据记录（无问卷）,not_applicable,仅存于任务文件，无任何问卷记录,no_questionnaire_record,"","","",,,"",source_record,"",非流程记录,0,"",01_raw/*.csv,"","","","","","",""
phase_002_subj_5,regular,,2,task_only_record,0,0,0,0,IAT+ALT1+SRET,无问卷记录,task_only_record,仅任务数据记录（无问卷）,not_applicable,仅存于任务文件，无任何问卷记录,no_questionnaire_record,"","","",,,"",source_record,"",非流程记录,0,"",01_raw/*.csv,"","","","","","",""
phase_002_subj_6,regular,,2,task_only_record,0,0,0,0,IAT+ALT1+SRET,无问卷记录,task_only_record,仅任务数据记录（无问卷）,not_applicable,仅存于任务文件，无任何问卷记录,no_questionnaire_record,"","","",,,"",source_record,"",非流程记录,0,"",01_raw/*.csv,"","","","","","",""
phase_002_subj_7,regular,,2,task_only_record,0,0,0,0,IAT+ALT1+SRET,无问卷记录,task_only_record,仅任务数据记录（无问卷）,not_applicable,仅存于任务文件，无任何问卷记录,no_questionnaire_record,"","","",,,"",source_record,"",非流程记录,0,"",01_raw/*.csv,"","","","","","",""
phase_002_subj_8,regular,,2,task_only_record,0,0,0,0,IAT+ALT1+SRET,无问卷记录,task_only_record,仅任务数据记录（无问卷）,not_applicable,仅存于任务文件，无任何问卷记录,no_questionnaire_record,"","","",,,"",source_record,"",非流程记录,0,"",01_raw/*.csv,"","","","","","",""
phase_002_subj_9,regular,,2,task_only_record,0,0,0,0,IAT+ALT1+SRET,无问卷记录,task_only_record,仅任务数据记录（无问卷）,not_applicable,仅存于任务文件，无任何问卷记录,no_questionnaire_record,"","","",,,"",source_record,"",非流程记录,0,"",01_raw/*.csv,"","","","","","",""
phase_003_subj_1,regular,49,3,unique_subject,1,1,1,1,IAT+ALT1+SRET+ALT2,Day10,excluded_by_task_criterion_reapplied,最终数据质量核查排除（事后重施任务质量判据）,author_recorded,最终数据质量核查排除（事后重施任务质量判据：行为质量不达标）,quality_below_threshold,再认正确率,0.456,"",,,0.456,author_record,亦在第 3 次测试质量筛选中未达标（未阻止其完成第 4 次测试）；完成全部测试后仍因任务质量判据被排除；同一批判据下另有 28 人未被排除（论文 Limitation 自陈判据未在最终样本上统一施测）,527→503 最终核查（触发任务质量判据）,0,若以同一判据统一处理，该个案应保留、仅其相应任务数据不纳入分析（样本量将为 522）,removed_subjects_legacy_content.csv 行 14,"",correct_answer_missing_in_batch_raw,"","",ok,na,na
phase_003_subj_12,regular,584,3,unique_subject,1,1,1,1,IAT+ALT1+SRET+ALT2,Day10,excluded_by_task_criterion_reapplied,最终数据质量核查排除（事后重施任务质量判据）,author_recorded,最终数据质量核查排除（事后重施任务质量判据：行为质量不达标）,quality_below_threshold,再认正确率,0.519,"",,,0.519,author_record,亦在第 3 次测试质量筛选中未达标（未阻止其完成第 4 次测试）；完成全部测试后仍因任务质量判据被排除；同一批判据下另有 28 人未被排除（论文 Limitation 自陈判据未在最终样本上统一施测）,527→503 最终核查（触发任务质量判据）,0,若以同一判据统一处理，该个案应保留、仅其相应任务数据不纳入分析（样本量将为 522）,removed_subjects_legacy_content.csv 行 15,"",correct_answer_missing_in_batch_raw,"","",ok,na,na
phase_003_subj_14,regular,681,3,unique_subject,1,1,0,0,IAT+ALT1,Day2,absent_after_day2_without_flag,第 2 次测试后未参加（无质量标记）,not_applicable,未参加第 3 次测试,no_show,"","","",,,"",attendance_record,"",668→589 失访,0,day2_cleaned 中该 ID 有 2 行（双跑/重复提交），按规则去重计数,01_raw/*.csv,"",correct_answer_missing_in_batch_raw,"","","",na,""
phase_003_subj_15,regular,693,3,unique_subject,1,1,1,1,IAT+ALT1+SRET+ALT2,Day10,excluded_by_task_criterion_reapplied,最终数据质量核查排除（事后重施任务质量判据）,author_recorded,最终数据质量核查排除（事后重施任务质量判据：行为质量不达标）,quality_below_threshold,再认正确率,0.531,"",,,0.531,author_record,亦在第 3 次测试质量筛选中未达标（未阻止其完成第 4 次测试）；完成全部测试后仍因任务质量判据被排除；同一批判据下另有 28 人未被排除（论文 Limitation 自陈判据未在最终样本上统一施测）,527→503 最终核查（触发任务质量判据）,0,若以同一判据统一处理，该个案应保留、仅其相应任务数据不纳入分析（样本量将为 522）,removed_subjects_legacy_content.csv 行 16,"",correct_answer_missing_in_batch_raw,"","",ok,na,na
phase_003_subj_5,regular,178,3,unique_subject,1,1,0,0,IAT+ALT1,Day2,absent_after_day2_with_flag,第 2 次测试后未参加（携带质量标记）,recomputed_flag_only,第 2 次测试未达标（ALT1 条件正确率<0.60）且其后未参加第 3 次测试,ALT1_accuracy,pentagon_nonmatch,0.5625,>=0.60,48,0.5625,"",recomputed_from_raw,"",668→589 未参加（携带标记）,0,本行仅记录两项可核实事实：该个案触发了本次测试的任务质量判据，且未参加下一次测试；判据与实际到场之间是否存在其他判定环节，发布数据未记录，本库不作归因,analysis/analysis.Rmd:447-507,"",correct_answer_missing_in_batch_raw,"","","",na,""
phase_003_subj_7,regular,251,3,unique_subject,1,0,0,0,无任务数据,Day1,absent_after_day1,第 1 次测试后未参加,not_applicable,未参加第 2 次测试,no_show,"","","",,,"",attendance_record,"",771→668 未参加第 2 次,0,"",01_raw/*.csv,"","","","","","",""
phase_004_subj_12,regular,455,4,unique_subject,1,1,1,1,IAT+ALT1+SRET+ALT2,Day10,excluded_by_task_criterion_reapplied,最终数据质量核查排除（事后重施任务质量判据）,author_recorded,最终数据质量核查排除（事后重施任务质量判据：行为质量不达标）,quality_below_threshold,再认正确率,0.519,"",,,0.519,author_record,亦在第 3 次测试质量筛选中未达标（未阻止其完成第 4 次测试）；完成全部测试后仍因任务质量判据被排除；同一批判据下另有 28 人未被排除（论文 Limitation 自陈判据未在最终样本上统一施测）,527→503 最终核查（触发任务质量判据）,0,若以同一判据统一处理，该个案应保留、仅其相应任务数据不纳入分析（样本量将为 522）,removed_subjects_legacy_content.csv 行 17,"",correct_answer_missing_in_batch_raw,"","",ok,na,na
phase_004_subj_14,regular,467,4,unique_subject,1,0,0,0,无任务数据,Day1,absent_after_day1,第 1 次测试后未参加,not_applicable,未参加第 2 次测试,no_show,"","","",,,"",attendance_record,"",771→668 未参加第 2 次,0,"",01_raw/*.csv,"","","","","","",""
phase_004_subj_17,regular,570,4,unique_subject,1,1,1,1,IAT+ALT1+SRET+ALT2,Day10,excluded_by_task_criterion_reapplied,最终数据质量核查排除（事后重施任务质量判据）,author_recorded,最终数据质量核查排除（事后重施任务质量判据：行为质量不达标）,quality_below_threshold,再认正确率; 来源判断RT<200ms比例,0.512; 0.331,"",,,0.512; 0.331,author_record,亦在第 3 次测试质量筛选中未达标（未阻止其完成第 4 次测试）；完成全部测试后仍因任务质量判据被排除；同一批判据下另有 28 人未被排除（论文 Limitation 自陈判据未在最终样本上统一施测）,527→503 最终核查（触发任务质量判据）,0,若以同一判据统一处理，该个案应保留、仅其相应任务数据不纳入分析（样本量将为 522）,removed_subjects_legacy_content.csv 行 18,"",correct_answer_missing_in_batch_raw,"","",ok,na,na
phase_004_subj_19,regular,670,4,unique_subject,1,1,1,1,IAT+ALT1+SRET+ALT2,Day10,excluded_by_task_criterion_reapplied,最终数据质量核查排除（事后重施任务质量判据）,author_recorded,最终数据质量核查排除（事后重施任务质量判据：行为质量不达标）,quality_below_threshold,再认正确率,0.5,"",,,0.5,author_record,亦在第 3 次测试质量筛选中未达标（未阻止其完成第 4 次测试）；完成全部测试后仍因任务质量判据被排除；同一批判据下另有 28 人未被排除（论文 Limitation 自陈判据未在最终样本上统一施测）,527→503 最终核查（触发任务质量判据）,0,若以同一判据统一处理，该个案应保留、仅其相应任务数据不纳入分析（样本量将为 522）,removed_subjects_legacy_content.csv 行 19,"",correct_answer_missing_in_batch_raw,"","",ok,na,na
phase_004_subj_20,regular,686,4,unique_subject,1,0,0,0,无任务数据,Day1,absent_after_day1,第 1 次测试后未参加,not_applicable,未参加第 2 次测试,no_show,"","","",,,"",attendance_record,"",771→668 未参加第 2 次,0,"",01_raw/*.csv,"","","","","","",""
phase_004_subj_4,regular,225,4,unique_subject,1,1,1,1,IAT+ALT1+SRET+ALT2,Day10,excluded_by_task_criterion_reapplied,最终数据质量核查排除（事后重施任务质量判据）,author_recorded,最终数据质量核查排除（事后重施任务质量判据：行为质量不达标）,quality_below_threshold,再认正确率,0.506,"",,,0.506,author_record,亦在第 3 次测试质量筛选中未达标（未阻止其完成第 4 次测试）；完成全部测试后仍因任务质量判据被排除；同一批判据下另有 28 人未被排除（论文 Limitation 自陈判据未在最终样本上统一施测）,527→503 最终核查（触发任务质量判据）,0,若以同一判据统一处理，该个案应保留、仅其相应任务数据不纳入分析（样本量将为 522）,removed_subjects_legacy_content.csv 行 20,"",correct_answer_missing_in_batch_raw,"","",ok,na,na
phase_004_subj_6,regular,287,4,unique_subject,1,1,1,1,IAT+ALT1+SRET+ALT2,Day10,excluded_by_task_criterion_reapplied,最终数据质量核查排除（事后重施任务质量判据）,author_recorded,最终数据质量核查排除（事后重施任务质量判据：行为质量不达标）,quality_below_threshold,再认正确率,0.5,"",,,0.5,author_record,亦在第 3 次测试质量筛选中未达标（未阻止其完成第 4 次测试）；完成全部测试后仍因任务质量判据被排除；同一批判据下另有 28 人未被排除（论文 Limitation 自陈判据未在最终样本上统一施测）,527→503 最终核查（触发任务质量判据）,0,若以同一判据统一处理，该个案应保留、仅其相应任务数据不纳入分析（样本量将为 522）,removed_subjects_legacy_content.csv 行 21,"",correct_answer_missing_in_batch_raw,"","",ok,na,na
phase_004_subj_7,regular,355,4,unique_subject,1,1,1,1,IAT+ALT1+SRET+ALT2,Day10,excluded_by_task_criterion_reapplied,最终数据质量核查排除（事后重施任务质量判据）,author_recorded,最终数据质量核查排除（事后重施任务质量判据：行为质量不达标）,quality_below_threshold,再认正确率,0.512,"",,,0.512,author_record,亦在第 3 次测试质量筛选中未达标（未阻止其完成第 4 次测试）；完成全部测试后仍因任务质量判据被排除；同一批判据下另有 28 人未被排除（论文 Limitation 自陈判据未在最终样本上统一施测）,527→503 最终核查（触发任务质量判据）,0,若以同一判据统一处理，该个案应保留、仅其相应任务数据不纳入分析（样本量将为 522）,removed_subjects_legacy_content.csv 行 22,"",correct_answer_missing_in_batch_raw,"","",ok,na,na
phase_004_subj_9,regular,416,4,unique_subject,1,1,1,1,IAT+ALT1+SRET+ALT2,Day10,excluded_by_task_criterion_reapplied,最终数据质量核查排除（事后重施任务质量判据）,author_recorded,最终数据质量核查排除（事后重施任务质量判据：行为质量不达标）,quality_below_threshold,再认正确率,0.544,"",,,0.544,author_record,亦在第 3 次测试质量筛选中未达标（未阻止其完成第 4 次测试）；完成全部测试后仍因任务质量判据被排除；同一批判据下另有 28 人未被排除（论文 Limitation 自陈判据未在最终样本上统一施测）,527→503 最终核查（触发任务质量判据）,0,若以同一判据统一处理，该个案应保留、仅其相应任务数据不纳入分析（样本量将为 522）,removed_subjects_legacy_content.csv 行 23,"",correct_answer_missing_in_batch_raw,"","",ok,na,na
phase_005_subj_11,regular,503,5,unique_subject,1,0,0,0,无任务数据,Day1,absent_after_day1,第 1 次测试后未参加,not_applicable,未参加第 2 次测试,no_show,"","","",,,"",attendance_record,"",771→668 未参加第 2 次,0,"",01_raw/*.csv,"","","","","","",""
phase_005_subj_14,regular,577,5,unique_subject,1,1,1,1,IAT+ALT1+SRET+ALT2,Day10,excluded_by_task_criterion_reapplied,最终数据质量核查排除（事后重施任务质量判据）,author_recorded,最终数据质量核查排除（事后重施任务质量判据：行为质量不达标）,quality_below_threshold,再认正确率,0.537,"",,,0.537,author_record,亦在第 3 次测试质量筛选中未达标（未阻止其完成第 4 次测试）；完成全部测试后仍因任务质量判据被排除；同一批判据下另有 28 人未被排除（论文 Limitation 自陈判据未在最终样本上统一施测）,527→503 最终核查（触发任务质量判据）,0,若以同一判据统一处理，该个案应保留、仅其相应任务数据不纳入分析（样本量将为 522）,removed_subjects_legacy_content.csv 行 24,"",correct_answer_missing_in_batch_raw,"","",ok,na,na
phase_005_subj_15,regular,636,5,unique_subject,1,0,0,0,无任务数据,Day1,absent_after_day1,第 1 次测试后未参加,not_applicable,未参加第 2 次测试,no_show,"","","",,,"",attendance_record,"",771→668 未参加第 2 次,0,"",01_raw/*.csv,"","","","","","",""
phase_005_subj_17,regular,666,5,unique_subject,1,1,1,1,IAT+ALT1+SRET+ALT2,Day10,excluded_for_other_reasons,最终数据质量核查排除（数据缺失或其他原因）,author_recorded,最终数据质量核查排除（原因在匿名数据中不可考）,reason_unavailable,"","","",,,"",author_record,"",527→503 最终核查（其他原因）,0,通过全部可核查标准；匿名化数据中原因不可考,removed_subjects_legacy_content.csv 行 84,"",correct_answer_missing_in_batch_raw,"","",ok,na,na
phase_005_subj_20,regular,698,5,unique_subject,1,1,1,1,IAT+ALT1+SRET+ALT2,Day10,excluded_by_task_criterion_reapplied,最终数据质量核查排除（事后重施任务质量判据）,author_recorded,最终数据质量核查排除（事后重施任务质量判据：行为质量不达标）,quality_below_threshold,再认正确率,0.512,"",,,0.512,author_record,亦在第 3 次测试质量筛选中未达标（未阻止其完成第 4 次测试）；完成全部测试后仍因任务质量判据被排除；同一批判据下另有 28 人未被排除（论文 Limitation 自陈判据未在最终样本上统一施测）,527→503 最终核查（触发任务质量判据）,0,若以同一判据统一处理，该个案应保留、仅其相应任务数据不纳入分析（样本量将为 522）,removed_subjects_legacy_content.csv 行 25,"",correct_answer_missing_in_batch_raw,"","",ok,na,na
phase_005_subj_6,regular,208,5,unique_subject,1,1,1,1,IAT+ALT1+SRET+ALT2,Day10,excluded_by_task_criterion_reapplied,最终数据质量核查排除（事后重施任务质量判据）,author_recorded,最终数据质量核查排除（事后重施任务质量判据：行为质量不达标）,quality_below_threshold,弱我 (匹配); 坏我 (匹配),0.167; 0.188,"",,,0.167; 0.188,author_record,亦在第 3 次测试质量筛选中未达标（未阻止其完成第 4 次测试）；完成全部测试后仍因任务质量判据被排除；同一批判据下另有 28 人未被排除（论文 Limitation 自陈判据未在最终样本上统一施测）,527→503 最终核查（触发任务质量判据）,0,若以同一判据统一处理，该个案应保留、仅其相应任务数据不纳入分析（样本量将为 522）,removed_subjects_legacy_content.csv 行 2,"",correct_answer_missing_in_batch_raw,"","",ok,na,na
phase_005_subj_8,regular,271,5,unique_subject,1,1,1,1,IAT+ALT1+SRET+ALT2,Day10,excluded_by_task_criterion_reapplied,最终数据质量核查排除（事后重施任务质量判据）,author_recorded,最终数据质量核查排除（事后重施任务质量判据：行为质量不达标）,quality_below_threshold,能力,0.594,"",,,0.594,author_record,亦在第 3 次测试质量筛选中未达标（未阻止其完成第 4 次测试）；完成全部测试后仍因任务质量判据被排除；同一批判据下另有 28 人未被排除（论文 Limitation 自陈判据未在最终样本上统一施测）,527→503 最终核查（触发任务质量判据）,0,若以同一判据统一处理，该个案应保留、仅其相应任务数据不纳入分析（样本量将为 522）,removed_subjects_legacy_content.csv 行 3,"",correct_answer_missing_in_batch_raw,"","",ok,na,na
phase_006_subj_11,regular,358,6,unique_subject,1,1,1,0,IAT+ALT1+SRET+ALT2,Day3,absent_after_day3_with_flag,第 3 次测试后未参加（携带质量标记）,author_recorded,第 3 次测试未达标（SRET 再认正确率<0.55）且其后未参加第 4 次测试,SRET_recognition,整体再认,0.5312,>=0.55,160,0.5312,0.531; 0.303,recomputed_from_raw,"",589→527 未参加（携带标记）,0,本行仅记录两项可核实事实：该个案触发了本次测试的任务质量判据，且未参加下一次测试；判据与实际到场之间是否存在其他判定环节，发布数据未记录，本库不作归因,analysis/analysis.Rmd:543-799,"",correct_answer_missing_in_batch_raw,pass,"","",na,na
phase_006_subj_12,regular,364,6,unique_subject,1,1,1,0,IAT+ALT1+SRET+ALT2,Day3,absent_after_day3_with_flag,第 3 次测试后未参加（携带质量标记）,author_recorded,第 3 次测试未达标（SRET 再认正确率<0.55）且其后未参加第 4 次测试,SRET_recognition,整体再认,0.5188,>=0.55,160,0.5188,0.519; 0.419,recomputed_from_raw,"",589→527 未参加（携带标记）,0,本行仅记录两项可核实事实：该个案触发了本次测试的任务质量判据，且未参加下一次测试；判据与实际到场之间是否存在其他判定环节，发布数据未记录，本库不作归因,analysis/analysis.Rmd:543-799,"",correct_answer_missing_in_batch_raw,pass,"","",na,na
phase_006_subj_13,regular,422,6,unique_subject,1,1,1,0,IAT+ALT1+SRET+ALT2,Day3,absent_after_day3_with_flag,第 3 次测试后未参加（携带质量标记）,author_recorded,第 3 次测试未达标（SRET 再认正确率<0.55）且其后未参加第 4 次测试,SRET_recognition,整体再认,0.5,>=0.55,160,0.5,0.5,recomputed_from_raw,"",589→527 未参加（携带标记）,0,本行仅记录两项可核实事实：该个案触发了本次测试的任务质量判据，且未参加下一次测试；判据与实际到场之间是否存在其他判定环节，发布数据未记录，本库不作归因,analysis/analysis.Rmd:543-799,"",correct_answer_missing_in_batch_raw,pass,"","",na,na
phase_006_subj_14,regular,425,6,unique_subject,1,1,1,0,IAT+ALT1+SRET+ALT2,Day3,absent_after_day3_with_flag,第 3 次测试后未参加（携带质量标记）,author_recorded,第 3 次测试未达标（SRET 再认正确率<0.55）且其后未参加第 4 次测试,SRET_recognition,整体再认,0.5125,>=0.55,160,0.5125,0.512,recomputed_from_raw,"",589→527 未参加（携带标记）,0,本行仅记录两项可核实事实：该个案触发了本次测试的任务质量判据，且未参加下一次测试；判据与实际到场之间是否存在其他判定环节，发布数据未记录，本库不作归因,analysis/analysis.Rmd:543-799,"",correct_answer_missing_in_batch_raw,pass,"","",na,na
phase_006_subj_15,regular,436,6,unique_subject,1,1,1,0,IAT+ALT1+SRET+ALT2,Day3,absent_after_day3_with_flag,第 3 次测试后未参加（携带质量标记）,author_recorded,第 3 次测试未达标（SRET 再认正确率<0.55）且其后未参加第 4 次测试,SRET_recognition,整体再认,0.4938,>=0.55,160,0.4938,0.494,recomputed_from_raw,"",589→527 未参加（携带标记）,0,本行仅记录两项可核实事实：该个案触发了本次测试的任务质量判据，且未参加下一次测试；判据与实际到场之间是否存在其他判定环节，发布数据未记录，本库不作归因,analysis/analysis.Rmd:543-799,"",correct_answer_missing_in_batch_raw,pass,"","",na,na
phase_006_subj_16,regular,440,6,unique_subject,1,1,1,0,IAT+ALT1+SRET+ALT2,Day3,absent_after_day3_with_flag,第 3 次测试后未参加（携带质量标记）,author_recorded,第 3 次测试未达标（SRET 再认正确率<0.55）且其后未参加第 4 次测试,SRET_recognition,整体再认,0.5312,>=0.55,160,0.5312,0.531,recomputed_from_raw,"",589→527 未参加（携带标记）,0,本行仅记录两项可核实事实：该个案触发了本次测试的任务质量判据，且未参加下一次测试；判据与实际到场之间是否存在其他判定环节，发布数据未记录，本库不作归因,analysis/analysis.Rmd:543-799,"",correct_answer_missing_in_batch_raw,pass,"","",na,na
phase_006_subj_18,regular,447,6,unique_subject,1,1,1,0,IAT+ALT1+SRET+ALT2,Day3,absent_after_day3_with_flag,第 3 次测试后未参加（携带质量标记）,author_recorded,第 3 次测试未达标（SRET 再认正确率<0.55）且其后未参加第 4 次测试,SRET_recognition,整体再认,0.5188,>=0.55,160,0.5188,0.519; 0.374,recomputed_from_raw,"",589→527 未参加（携带标记）,0,本行仅记录两项可核实事实：该个案触发了本次测试的任务质量判据，且未参加下一次测试；判据与实际到场之间是否存在其他判定环节，发布数据未记录，本库不作归因,analysis/analysis.Rmd:543-799,"",correct_answer_missing_in_batch_raw,pass,"","",na,na
phase_006_subj_20,regular,479,6,unique_subject,1,1,1,0,IAT+ALT1+SRET+ALT2,Day3,absent_after_day3_with_flag,第 3 次测试后未参加（携带质量标记）,author_recorded,第 3 次测试未达标（SRET 再认正确率<0.55）且其后未参加第 4 次测试,SRET_recognition,整体再认,0.525,>=0.55,160,0.525,0.525,recomputed_from_raw,"",589→527 未参加（携带标记）,0,本行仅记录两项可核实事实：该个案触发了本次测试的任务质量判据，且未参加下一次测试；判据与实际到场之间是否存在其他判定环节，发布数据未记录，本库不作归因,analysis/analysis.Rmd:543-799,"",correct_answer_missing_in_batch_raw,pass,"","",na,na
phase_006_subj_21,regular,496,6,unique_subject,1,1,1,1,IAT+ALT1+SRET+ALT2,Day10,excluded_by_task_criterion_reapplied,最终数据质量核查排除（事后重施任务质量判据）,author_recorded,最终数据质量核查排除（事后重施任务质量判据：行为质量不达标）,quality_below_threshold,道德,0.576,"",,,0.576,author_record,亦在第 3 次测试质量筛选中未达标（未阻止其完成第 4 次测试）；完成全部测试后仍因任务质量判据被排除；同一批判据下另有 28 人未被排除（论文 Limitation 自陈判据未在最终样本上统一施测）,527→503 最终核查（触发任务质量判据）,0,若以同一判据统一处理，该个案应保留、仅其相应任务数据不纳入分析（样本量将为 522）,removed_subjects_legacy_content.csv 行 4,"",correct_answer_missing_in_batch_raw,pass,na,ok,na,na
phase_006_subj_3,regular,93,6,unique_subject,1,1,0,0,IAT+ALT1,Day2,absent_after_day2_with_flag,第 2 次测试后未参加（携带质量标记）,recomputed_flag_only,第 2 次测试未达标（ALT1 条件正确率<0.60）且其后未参加第 3 次测试,ALT1_accuracy,pentagon_match,0.4792,>=0.60,48,0.4792,"",recomputed_from_raw,"",668→589 未参加（携带标记）,0,本行仅记录两项可核实事实：该个案触发了本次测试的任务质量判据，且未参加下一次测试；判据与实际到场之间是否存在其他判定环节，发布数据未记录，本库不作归因,analysis/analysis.Rmd:447-507,"",correct_answer_missing_in_batch_raw,"","","",na,""
phase_006_subj_6,regular,274,6,unique_subject,1,1,0,0,IAT+ALT1,Day2,absent_after_day2_with_flag,第 2 次测试后未参加（携带质量标记）,recomputed_flag_only,第 2 次测试未达标（ALT1 条件正确率<0.60）且其后未参加第 3 次测试,ALT1_accuracy,ellipse_match,0.5833,>=0.60,48,0.5833,"",recomputed_from_raw,"",668→589 未参加（携带标记）,0,本行仅记录两项可核实事实：该个案触发了本次测试的任务质量判据，且未参加下一次测试；判据与实际到场之间是否存在其他判定环节，发布数据未记录，本库不作归因,analysis/analysis.Rmd:447-507,"",correct_answer_missing_in_batch_raw,"","","",na,""
phase_006_subj_9,regular,320,6,unique_subject,1,1,1,1,IAT+ALT1+SRET+ALT2,Day10,excluded_by_task_criterion_reapplied,最终数据质量核查排除（事后重施任务质量判据）,author_recorded,最终数据质量核查排除（事后重施任务质量判据：行为质量不达标）,quality_below_threshold,道德,0.596,"",,,0.596,author_record,亦在第 3 次测试质量筛选中未达标（未阻止其完成第 4 次测试）；完成全部测试后仍因任务质量判据被排除；同一批判据下另有 28 人未被排除（论文 Limitation 自陈判据未在最终样本上统一施测）,527→503 最终核查（触发任务质量判据）,0,若以同一判据统一处理，该个案应保留、仅其相应任务数据不纳入分析（样本量将为 522）,removed_subjects_legacy_content.csv 行 5,"",correct_answer_missing_in_batch_raw,pass,na,ok,na,na
phase_007_subj_14,regular,456,7,unique_subject,1,1,0,0,IAT+ALT1,Day2,absent_after_day2_with_flag,第 2 次测试后未参加（携带质量标记）,recomputed_flag_only,第 2 次测试未达标（ALT1 条件正确率<0.60）且其后未参加第 3 次测试,ALT1_accuracy,trapezoid_match,0.5,>=0.60,48,0.5,"",recomputed_from_raw,"",668→589 未参加（携带标记）,0,本行仅记录两项可核实事实：该个案触发了本次测试的任务质量判据，且未参加下一次测试；判据与实际到场之间是否存在其他判定环节，发布数据未记录，本库不作归因,analysis/analysis.Rmd:447-507,fail,"","","","",na,""
phase_007_subj_15,regular,490,7,unique_subject,1,0,0,0,无任务数据,Day1,absent_after_day1,第 1 次测试后未参加,not_applicable,未参加第 2 次测试,no_show,"","","",,,"",attendance_record,"",771→668 未参加第 2 次,0,"",01_raw/*.csv,"","","","","","",""
phase_007_subj_2,regular,71,7,unique_subject,1,0,0,0,无任务数据,Day1,absent_after_day1,第 1 次测试后未参加,not_applicable,未参加第 2 次测试,no_show,"","","",,,"",attendance_record,"",771→668 未参加第 2 次,0,"",01_raw/*.csv,"","","","","","",""
phase_007_subj_20,regular,639,7,unique_subject,1,0,0,0,无任务数据,Day1,absent_after_day1,第 1 次测试后未参加,not_applicable,未参加第 2 次测试,no_show,"","","",,,"",attendance_record,"",771→668 未参加第 2 次,0,"",01_raw/*.csv,"","","","","","",""
phase_007_subj_7,regular,173,7,unique_subject,1,0,0,0,无任务数据,Day1,age_ineligible,年龄不符合纳入标准,paper_documented,年龄不符合纳入标准（71 岁）,age_ineligible,年龄（第 1 次测试筛查）,71,18-59,,71,"",screening_record,"",777→771 年龄核查,0,"",analysis/analysis.Rmd:327-339,"","","","","","",""
phase_007_subj_9,regular,251,7,unique_subject,1,1,0,0,IAT+ALT1,Day2,absent_after_day2_with_flag,第 2 次测试后未参加（携带质量标记）,recomputed_flag_only,第 2 次测试未达标（ALT1 条件正确率<0.60）且其后未参加第 3 次测试,ALT1_accuracy,trapezoid_match,0.4792,>=0.60,48,0.4792,"",recomputed_from_raw,"",668→589 未参加（携带标记）,0,本行仅记录两项可核实事实：该个案触发了本次测试的任务质量判据，且未参加下一次测试；判据与实际到场之间是否存在其他判定环节，发布数据未记录，本库不作归因,analysis/analysis.Rmd:447-507,fail,"","","","",na,""
phase_008_subj_3,regular,154,8,unique_subject,1,1,0,0,IAT+ALT1,Day2,absent_after_day2_with_flag,第 2 次测试后未参加（携带质量标记）,recomputed_flag_only,第 2 次测试未达标（ALT1 条件正确率<0.60）且其后未参加第 3 次测试,ALT1_accuracy,trapezoid_match,0.4792,>=0.60,48,0.4792,"",recomputed_from_raw,"",668→589 未参加（携带标记）,0,本行仅记录两项可核实事实：该个案触发了本次测试的任务质量判据，且未参加下一次测试；判据与实际到场之间是否存在其他判定环节，发布数据未记录，本库不作归因,analysis/analysis.Rmd:447-507,fail,"","","","",na,""
phase_008_subj_4,regular,176,8,unique_subject,1,1,1,1,IAT+ALT1+SRET+ALT2,Day10,excluded_for_other_reasons,最终数据质量核查排除（数据缺失或其他原因）,author_recorded,最终数据质量核查排除（原因在匿名数据中不可考）,reason_unavailable,"","","",,,"",author_record,"",527→503 最终核查（其他原因）,0,通过全部可核查标准；匿名化数据中原因不可考,removed_subjects_legacy_content.csv 行 85,"",correct_answer_missing_in_batch_raw,pass,na,ok,na,na
phase_008_subj_5,regular,203,8,unique_subject,1,1,1,0,IAT+ALT1+SRET+ALT2,Day3,absent_after_day3_with_flag,第 3 次测试后未参加（携带质量标记）,author_recorded,第 3 次测试未达标（SRET 再认正确率<0.55）且其后未参加第 4 次测试,SRET_recognition,整体再认,0.5062,>=0.55,160,0.5062,0.506,recomputed_from_raw,"",589→527 未参加（携带标记）,0,本行仅记录两项可核实事实：该个案触发了本次测试的任务质量判据，且未参加下一次测试；判据与实际到场之间是否存在其他判定环节，发布数据未记录，本库不作归因,analysis/analysis.Rmd:543-799,"",correct_answer_missing_in_batch_raw,pass,"","",na,na
phase_008_subj_6,regular,240,8,unique_subject,1,1,1,1,IAT+ALT1+SRET+ALT2,Day10,excluded_for_other_reasons,最终数据质量核查排除（数据缺失或其他原因）,author_recorded,最终数据质量核查排除（原因在匿名数据中不可考）,reason_unavailable,"","","",,,"",author_record,"",527→503 最终核查（其他原因）,0,通过全部可核查标准；匿名化数据中原因不可考,removed_subjects_legacy_content.csv 行 86,"",correct_answer_missing_in_batch_raw,pass,na,ok,na,na
phase_008_subj_7,regular,253,8,unique_subject,1,1,1,1,IAT+ALT1+SRET+ALT2,Day10,excluded_for_other_reasons,最终数据质量核查排除（数据缺失或其他原因）,author_recorded,最终数据质量核查排除（原因在匿名数据中不可考）,reason_unavailable,"","","",,,"",author_record,"",527→503 最终核查（其他原因）,0,通过全部可核查标准；匿名化数据中原因不可考,removed_subjects_legacy_content.csv 行 87,"",correct_answer_missing_in_batch_raw,pass,na,ok,na,na
phase_008_subj_9,regular,284,8,unique_subject,1,0,0,0,无任务数据,Day1,absent_after_day1,第 1 次测试后未参加,not_applicable,未参加第 2 次测试,no_show,"","","",,,"",attendance_record,"",771→668 未参加第 2 次,0,"",01_raw/*.csv,"","","","","","",""
phase_009_subj_17,regular,442,9,unique_subject,1,1,0,0,IAT+ALT1,Day2,absent_after_day2_without_flag,第 2 次测试后未参加（无质量标记）,not_applicable,未参加第 3 次测试,no_show,"","","",,,"",attendance_record,"",668→589 失访,0,"",01_raw/*.csv,"","","","","","",""
phase_009_subj_2,regular,15,9,unique_subject,1,1,1,0,IAT+ALT1+SRET+ALT2,Day3,absent_after_day3_with_flag,第 3 次测试后未参加（携带质量标记）,author_recorded,第 3 次测试未达标（SRET 再认正确率<0.55）且其后未参加第 4 次测试,SRET_recognition,整体再认,0.5062,>=0.55,160,0.5062,0.506; 0.476,recomputed_from_raw,"",589→527 未参加（携带标记）,0,本行仅记录两项可核实事实：该个案触发了本次测试的任务质量判据，且未参加下一次测试；判据与实际到场之间是否存在其他判定环节，发布数据未记录，本库不作归因,analysis/analysis.Rmd:543-799,"","",pass,"","","",na
phase_009_subj_3,regular,24,9,unique_subject,1,1,1,0,IAT+ALT1+SRET+ALT2,Day3,absent_after_day3_with_flag,第 3 次测试后未参加（携带质量标记）,author_recorded,第 3 次测试未达标（SRET 再认正确率<0.55）且其后未参加第 4 次测试,SRET_recognition,整体再认,0.5062,>=0.55,160,0.5062,0.506,recomputed_from_raw,"",589→527 未参加（携带标记）,0,本行仅记录两项可核实事实：该个案触发了本次测试的任务质量判据，且未参加下一次测试；判据与实际到场之间是否存在其他判定环节，发布数据未记录，本库不作归因,analysis/analysis.Rmd:543-799,"","",pass,"","","",na
phase_009_subj_4,regular,65,9,unique_subject,1,1,1,0,IAT+ALT1+SRET+ALT2,Day3,absent_after_day3_with_flag,第 3 次测试后未参加（携带质量标记）,author_recorded,第 3 次测试未达标（SRET 再认正确率<0.55）且其后未参加第 4 次测试,SRET_recognition,整体再认,0.5312,>=0.55,160,0.5312,0.531,recomputed_from_raw,"",589→527 未参加（携带标记）,0,本行仅记录两项可核实事实：该个案触发了本次测试的任务质量判据，且未参加下一次测试；判据与实际到场之间是否存在其他判定环节，发布数据未记录，本库不作归因,analysis/analysis.Rmd:543-799,"","",pass,"","","",na
phase_010_subj_10,regular,395,10,unique_subject,1,1,1,1,IAT+ALT1+SRET+ALT2,Day10,excluded_by_task_criterion_reapplied,最终数据质量核查排除（事后重施任务质量判据）,author_recorded,最终数据质量核查排除（事后重施任务质量判据：行为质量不达标）,quality_below_threshold,再认正确率,0.519,"",,,0.519,author_record,亦在第 3 次测试质量筛选中未达标（未阻止其完成第 4 次测试）；完成全部测试后仍因任务质量判据被排除；同一批判据下另有 28 人未被排除（论文 Limitation 自陈判据未在最终样本上统一施测）,527→503 最终核查（触发任务质量判据）,0,若以同一判据统一处理，该个案应保留、仅其相应任务数据不纳入分析（样本量将为 522）,removed_subjects_legacy_content.csv 行 38,fail,"",pass,na,ok,na,na
phase_010_subj_14,regular,466,10,unique_subject,1,1,1,0,IAT+ALT1+SRET+ALT2,Day3,absent_after_day3_with_flag,第 3 次测试后未参加（携带质量标记）,author_recorded,第 3 次测试未达标（SRET 再认正确率<0.55）且其后未参加第 4 次测试,SRET_recognition,整体再认,0.4812,>=0.55,160,0.4812,0.481,recomputed_from_raw,"",589→527 未参加（携带标记）,0,本行仅记录两项可核实事实：该个案触发了本次测试的任务质量判据，且未参加下一次测试；判据与实际到场之间是否存在其他判定环节，发布数据未记录，本库不作归因,analysis/analysis.Rmd:543-799,"",correct_answer_missing_in_batch_raw,pass,"","",na,na
phase_010_subj_15,regular,482,10,unique_subject,1,1,1,0,IAT+ALT1+SRET+ALT2,Day3,absent_after_day3_with_flag,第 3 次测试后未参加（携带质量标记）,author_recorded,第 3 次测试未达标（SRET 再认正确率<0.55）且其后未参加第 4 次测试,SRET_recognition,整体再认,0.5312,>=0.55,160,0.5312,0.531,recomputed_from_raw,"",589→527 未参加（携带标记）,0,本行仅记录两项可核实事实：该个案触发了本次测试的任务质量判据，且未参加下一次测试；判据与实际到场之间是否存在其他判定环节，发布数据未记录，本库不作归因,analysis/analysis.Rmd:543-799,fail,"",pass,"","",na,na
phase_010_subj_17,regular,538,10,unique_subject,1,1,1,1,IAT+ALT1+SRET+ALT2,Day10,excluded_by_task_criterion_reapplied,最终数据质量核查排除（事后重施任务质量判据）,author_recorded,最终数据质量核查排除（事后重施任务质量判据：行为质量不达标）,quality_below_threshold,来源判断RT<200ms比例,0.769,"",,,0.769,author_record,亦在第 3 次测试质量筛选中未达标（未阻止其完成第 4 次测试）；完成全部测试后仍因任务质量判据被排除；同一批判据下另有 28 人未被排除（论文 Limitation 自陈判据未在最终样本上统一施测）,527→503 最终核查（触发任务质量判据）,0,若以同一判据统一处理，该个案应保留、仅其相应任务数据不纳入分析（样本量将为 522）,removed_subjects_legacy_content.csv 行 41,fail,"",pass,na,ok,na,na
phase_010_subj_18,regular,576,10,unique_subject,1,1,1,1,IAT+ALT1+SRET+ALT2,Day10,excluded_by_task_criterion_reapplied,最终数据质量核查排除（事后重施任务质量判据）,author_recorded,最终数据质量核查排除（事后重施任务质量判据：行为质量不达标）,quality_below_threshold,再认正确率,0.512,"",,,0.512,author_record,亦在第 3 次测试质量筛选中未达标（未阻止其完成第 4 次测试）；完成全部测试后仍因任务质量判据被排除；同一批判据下另有 28 人未被排除（论文 Limitation 自陈判据未在最终样本上统一施测）,527→503 最终核查（触发任务质量判据）,0,若以同一判据统一处理，该个案应保留、仅其相应任务数据不纳入分析（样本量将为 522）,removed_subjects_legacy_content.csv 行 42,fail,"",pass,na,ok,na,na
phase_010_subj_23,regular,658,10,unique_subject,1,1,1,0,IAT+ALT1+SRET+ALT2,Day3,absent_after_day3_with_flag,第 3 次测试后未参加（携带质量标记）,author_recorded,第 3 次测试未达标（SRET 再认正确率<0.55）且其后未参加第 4 次测试,SRET_recognition,整体再认,0.5312,>=0.55,160,0.5312,0.531,recomputed_from_raw,"",589→527 未参加（携带标记）,0,本行仅记录两项可核实事实：该个案触发了本次测试的任务质量判据，且未参加下一次测试；判据与实际到场之间是否存在其他判定环节，发布数据未记录，本库不作归因,analysis/analysis.Rmd:543-799,fail,"",pass,"","",na,na
phase_010_subj_25,regular,700,10,unique_subject,1,1,1,0,IAT+ALT1+SRET+ALT2,Day3,absent_after_day3_with_flag,第 3 次测试后未参加（携带质量标记）,author_recorded,第 3 次测试未达标（SRET 再认正确率<0.55）且其后未参加第 4 次测试,SRET_recognition,整体再认,0.4375,>=0.55,160,0.4375,0.438,recomputed_from_raw,"",589→527 未参加（携带标记）,0,本行仅记录两项可核实事实：该个案触发了本次测试的任务质量判据，且未参加下一次测试；判据与实际到场之间是否存在其他判定环节，发布数据未记录，本库不作归因,analysis/analysis.Rmd:543-799,fail,"",pass,"","",na,na
phase_010_subj_4,regular,178,10,unique_subject,1,0,0,0,无任务数据,Day1,absent_after_day1,第 1 次测试后未参加,not_applicable,未参加第 2 次测试,no_show,"","","",,,"",attendance_record,"",771→668 未参加第 2 次,0,"",01_raw/*.csv,"","","","","","",""
phase_010_subj_5,regular,215,10,unique_subject,1,1,0,0,IAT+ALT1,Day2,absent_after_day2_with_flag,第 2 次测试后未参加（携带质量标记）,recomputed_flag_only,第 2 次测试未达标（ALT1 条件正确率<0.60）且其后未参加第 3 次测试,ALT1_accuracy,triangle_nonmatch,0.5833,>=0.60,48,0.5833,"",recomputed_from_raw,"",668→589 未参加（携带标记）,0,本行仅记录两项可核实事实：该个案触发了本次测试的任务质量判据，且未参加下一次测试；判据与实际到场之间是否存在其他判定环节，发布数据未记录，本库不作归因,analysis/analysis.Rmd:447-507,"",correct_answer_missing_in_batch_raw,"","","",na,""
phase_010_subj_8,regular,265,10,unique_subject,1,1,0,0,IAT+ALT1,Day2,absent_after_day2_with_flag,第 2 次测试后未参加（携带质量标记）,recomputed_flag_only,第 2 次测试未达标（ALT1 条件正确率<0.60）且其后未参加第 3 次测试,ALT1_accuracy,diamond_nonmatch,0.4792,>=0.60,48,0.4792,"",recomputed_from_raw,"",668→589 未参加（携带标记）,0,本行仅记录两项可核实事实：该个案触发了本次测试的任务质量判据，且未参加下一次测试；判据与实际到场之间是否存在其他判定环节，发布数据未记录，本库不作归因,analysis/analysis.Rmd:447-507,fail,"","","","",na,""
phase_011_subj_11,regular,359,11,unique_subject,1,0,0,0,无任务数据,Day1,absent_after_day1,第 1 次测试后未参加,not_applicable,未参加第 2 次测试,no_show,"","","",,,"",attendance_record,"",771→668 未参加第 2 次,0,"",01_raw/*.csv,"","","","","","",""
phase_011_subj_12,regular,375,11,unique_subject,1,1,0,0,IAT+ALT1,Day2,absent_after_day2_without_flag,第 2 次测试后未参加（无质量标记）,not_applicable,未参加第 3 次测试,no_show,"","","",,,"",attendance_record,"",668→589 失访,0,"",01_raw/*.csv,fail,"","","","",na,""
phase_011_subj_15,regular,444,11,unique_subject,1,1,0,0,IAT+ALT1,Day2,absent_after_day2_with_flag,第 2 次测试后未参加（携带质量标记）,recomputed_flag_only,第 2 次测试未达标（ALT1 条件正确率<0.60）且其后未参加第 3 次测试,ALT1_accuracy,hexagon_nonmatch,0.5625,>=0.60,48,0.5625,"",recomputed_from_raw,"",668→589 未参加（携带标记）,0,本行仅记录两项可核实事实：该个案触发了本次测试的任务质量判据，且未参加下一次测试；判据与实际到场之间是否存在其他判定环节，发布数据未记录，本库不作归因,analysis/analysis.Rmd:447-507,fail,"","","","",na,""
phase_011_subj_21,regular,562,11,unique_subject,1,0,0,0,无任务数据,Day1,absent_after_day1,第 1 次测试后未参加,not_applicable,未参加第 2 次测试,no_show,"","","",,,"",attendance_record,"",771→668 未参加第 2 次,0,"",01_raw/*.csv,"","","","","","",""
phase_012_subj_1,regular,49,12,unique_subject,1,0,0,0,无任务数据,Day1,absent_after_day1,第 1 次测试后未参加,not_applicable,未参加第 2 次测试,no_show,"","","",,,"",attendance_record,"",771→668 未参加第 2 次,0,"",01_raw/*.csv,"","","","","","",""
phase_012_subj_18,regular,551,12,unique_subject,1,1,0,0,IAT+ALT1,Day2,absent_after_day2_with_flag,第 2 次测试后未参加（携带质量标记）,recomputed_flag_only,第 2 次测试未达标（ALT1 条件正确率<0.60）且其后未参加第 3 次测试,ALT1_accuracy,pentagon_nonmatch,0.5417,>=0.60,48,0.5417,"",recomputed_from_raw,"",668→589 未参加（携带标记）,0,本行仅记录两项可核实事实：该个案触发了本次测试的任务质量判据，且未参加下一次测试；判据与实际到场之间是否存在其他判定环节，发布数据未记录，本库不作归因,analysis/analysis.Rmd:447-507,fail,"","","","",na,""
phase_012_subj_19,regular,625,12,unique_subject,1,1,1,0,IAT+ALT1+SRET+ALT2,Day3,absent_after_day3_with_flag,第 3 次测试后未参加（携带质量标记）,author_recorded,第 3 次测试未达标（SRET 再认正确率<0.55）且其后未参加第 4 次测试,SRET_recognition,整体再认,0.5375,>=0.55,160,0.5375,0.537,recomputed_from_raw,"",589→527 未参加（携带标记）,0,本行仅记录两项可核实事实：该个案触发了本次测试的任务质量判据，且未参加下一次测试；判据与实际到场之间是否存在其他判定环节，发布数据未记录，本库不作归因,analysis/analysis.Rmd:543-799,"",correct_answer_missing_in_batch_raw,pass,"","",na,na
phase_012_subj_9,regular,345,12,unique_subject,1,1,0,0,IAT+ALT1,Day2,absent_after_day2_without_flag,第 2 次测试后未参加（无质量标记）,not_applicable,未参加第 3 次测试,no_show,"","","",,,"",attendance_record,"",668→589 失访,0,"",01_raw/*.csv,fail,"","","","",na,""
phase_013_subj_1,regular,76,13,unique_subject,1,1,1,0,IAT+ALT1+SRET+ALT2,Day3,absent_after_day3_with_flag,第 3 次测试后未参加（携带质量标记）,author_recorded,第 3 次测试未达标（SRET 再认正确率<0.55）且其后未参加第 4 次测试,SRET_recognition,整体再认,0.5438,>=0.55,160,0.5438,0.544,recomputed_from_raw,"",589→527 未参加（携带标记）,0,本行仅记录两项可核实事实：该个案触发了本次测试的任务质量判据，且未参加下一次测试；判据与实际到场之间是否存在其他判定环节，发布数据未记录，本库不作归因,analysis/analysis.Rmd:543-799,fail,"",pass,"","",na,na
phase_013_subj_12,regular,330,13,unique_subject,1,1,1,0,IAT+ALT1+SRET+ALT2,Day3,absent_after_day3_with_flag,第 3 次测试后未参加（携带质量标记）,author_recorded,第 3 次测试未达标（SRET 来源判断快反应占比>0.30）且其后未参加第 4 次测试,SRET_source_RT,来源判断 rt<200ms 占比,0.5606,<=0.30,132,0.5606,0.561,recomputed_from_raw,"",589→527 未参加（携带标记）,0,本行仅记录两项可核实事实：该个案触发了本次测试的任务质量判据，且未参加下一次测试；判据与实际到场之间是否存在其他判定环节，发布数据未记录，本库不作归因,analysis/analysis.Rmd:543-799,"",correct_answer_missing_in_batch_raw,pass,"","",na,na
phase_013_subj_14,regular,357,13,unique_subject,1,1,1,0,IAT+ALT1+SRET+ALT2,Day3,absent_after_day3_with_flag,第 3 次测试后未参加（携带质量标记）,author_recorded,第 3 次测试未达标（SRET 来源判断快反应占比>0.30）且其后未参加第 4 次测试,SRET_source_RT,来源判断 rt<200ms 占比,0.5323,<=0.30,124,0.5323,0.532,recomputed_from_raw,"",589→527 未参加（携带标记）,0,本行仅记录两项可核实事实：该个案触发了本次测试的任务质量判据，且未参加下一次测试；判据与实际到场之间是否存在其他判定环节，发布数据未记录，本库不作归因,analysis/analysis.Rmd:543-799,fail,"",pass,"","",na,na
phase_013_subj_15,regular,358,13,unique_subject,1,1,1,0,IAT+ALT1+SRET+ALT2,Day3,absent_after_day3_with_flag,第 3 次测试后未参加（携带质量标记）,author_recorded,第 3 次测试未达标（SRET 再认正确率<0.55）且其后未参加第 4 次测试,SRET_recognition,整体再认,0.5312,>=0.55,160,0.5312,0.531,recomputed_from_raw,"",589→527 未参加（携带标记）,0,本行仅记录两项可核实事实：该个案触发了本次测试的任务质量判据，且未参加下一次测试；判据与实际到场之间是否存在其他判定环节，发布数据未记录，本库不作归因,analysis/analysis.Rmd:543-799,fail,"",pass,"","",na,na
phase_013_subj_16,regular,393,13,unique_subject,1,0,0,0,无任务数据,Day1,absent_after_day1,第 1 次测试后未参加,not_applicable,未参加第 2 次测试,no_show,"","","",,,"",attendance_record,"",771→668 未参加第 2 次,0,"",01_raw/*.csv,"","","","","","",""
phase_013_subj_20,regular,433,13,unique_subject,1,1,0,0,IAT+ALT1,Day2,absent_after_day2_without_flag,第 2 次测试后未参加（无质量标记）,not_applicable,未参加第 3 次测试,no_show,"","","",,,"",attendance_record,"",668→589 失访,0,"",01_raw/*.csv,fail,"","","","",na,""
phase_013_subj_24,regular,453,13,unique_subject,1,1,0,0,IAT+ALT1,Day2,absent_after_day2_with_flag,第 2 次测试后未参加（携带质量标记）,recomputed_flag_only,第 2 次测试未达标（ALT1 条件正确率<0.60）且其后未参加第 3 次测试,ALT1_accuracy,pentagon_match,0.5,>=0.60,48,0.5,"",recomputed_from_raw,"",668→589 未参加（携带标记）,0,本行仅记录两项可核实事实：该个案触发了本次测试的任务质量判据，且未参加下一次测试；判据与实际到场之间是否存在其他判定环节，发布数据未记录，本库不作归因,analysis/analysis.Rmd:447-507,fail,"","","","",na,""
phase_013_subj_3,regular,96,13,unique_subject,1,0,0,0,无任务数据,Day1,absent_after_day1,第 1 次测试后未参加,not_applicable,未参加第 2 次测试,no_show,"","","",,,"",attendance_record,"",771→668 未参加第 2 次,0,"",01_raw/*.csv,"","","","","","",""
phase_014_subj_1,regular,51,14,unique_subject,1,0,0,0,无任务数据,Day1,absent_after_day1,第 1 次测试后未参加,not_applicable,未参加第 2 次测试,no_show,"","","",,,"",attendance_record,"",771→668 未参加第 2 次,0,"",01_raw/*.csv,"","","","","","",""
phase_014_subj_14,regular,171,14,unique_subject,1,1,0,0,IAT+ALT1,Day2,absent_after_day2_with_flag,第 2 次测试后未参加（携带质量标记）,recomputed_flag_only,第 2 次测试未达标（ALT1 条件正确率<0.60）且其后未参加第 3 次测试,ALT1_accuracy,diamond_match,0.375,>=0.60,48,0.375,"",recomputed_from_raw,"",668→589 未参加（携带标记）,0,本行仅记录两项可核实事实：该个案触发了本次测试的任务质量判据，且未参加下一次测试；判据与实际到场之间是否存在其他判定环节，发布数据未记录，本库不作归因,analysis/analysis.Rmd:447-507,fail,"","","","",na,""
phase_014_subj_15,regular,193,14,unique_subject,1,1,1,0,IAT+ALT1+SRET+ALT2,Day3,absent_after_day3_with_flag,第 3 次测试后未参加（携带质量标记）,author_recorded,第 3 次测试未达标（SRET 再认正确率<0.55）且其后未参加第 4 次测试,SRET_recognition,整体再认,0.4938,>=0.55,160,0.4938,0.494; 0.813,recomputed_from_raw,"",589→527 未参加（携带标记）,0,本行仅记录两项可核实事实：该个案触发了本次测试的任务质量判据，且未参加下一次测试；判据与实际到场之间是否存在其他判定环节，发布数据未记录，本库不作归因,analysis/analysis.Rmd:543-799,"",correct_answer_missing_in_batch_raw,pass,"","",na,na
phase_014_subj_2,regular,51,14,unique_subject,1,1,0,0,IAT+ALT1,Day2,absent_after_day2_without_flag,第 2 次测试后未参加（无质量标记）,not_applicable,未参加第 3 次测试,no_show,"","","",,,"",attendance_record,"",668→589 失访,0,"",01_raw/*.csv,fail,"","","","",na,""
phase_014_subj_20,regular,254,14,unique_subject,1,0,0,0,无任务数据,Day1,absent_after_day1,第 1 次测试后未参加,not_applicable,未参加第 2 次测试,no_show,"","","",,,"",attendance_record,"",771→668 未参加第 2 次,0,"",01_raw/*.csv,"","","","","","",""
phase_014_subj_22,regular,280,14,unique_subject,1,1,0,0,IAT+ALT1,Day2,absent_after_day2_without_flag,第 2 次测试后未参加（无质量标记）,not_applicable,未参加第 3 次测试,no_show,"","","",,,"",attendance_record,"",668→589 失访,0,"",01_raw/*.csv,"",correct_answer_missing_in_batch_raw,"","","",na,""
phase_014_subj_24,regular,294,14,unique_subject,1,1,1,0,IAT+ALT1+SRET+ALT2,Day3,absent_after_day3_with_flag,第 3 次测试后未参加（携带质量标记）,author_recorded,第 3 次测试未达标（SRET 再认正确率<0.55）且其后未参加第 4 次测试,SRET_recognition,整体再认,0.5375,>=0.55,160,0.5375,0.552,recomputed_from_raw,"",589→527 未参加（携带标记）,0,本行仅记录两项可核实事实：该个案触发了本次测试的任务质量判据，且未参加下一次测试；判据与实际到场之间是否存在其他判定环节，发布数据未记录，本库不作归因,analysis/analysis.Rmd:543-799,fail,"",pass,"","",na,na
phase_014_subj_25,regular,308,14,unique_subject,1,0,0,0,无任务数据,Day1,absent_after_day1,第 1 次测试后未参加,not_applicable,未参加第 2 次测试,no_show,"","","",,,"",attendance_record,"",771→668 未参加第 2 次,0,"",01_raw/*.csv,"","","","","","",""
phase_014_subj_26,regular,308,14,unique_subject,1,0,0,0,无任务数据,Day1,absent_after_day1,第 1 次测试后未参加,not_applicable,未参加第 2 次测试,no_show,"","","",,,"",attendance_record,"",771→668 未参加第 2 次,0,"",01_raw/*.csv,"","","","","","",""
phase_014_subj_28,regular,338,14,unique_subject,1,1,0,0,IAT+ALT1,Day2,absent_after_day2_with_flag,第 2 次测试后未参加（携带质量标记）,recomputed_flag_only,第 2 次测试未达标（ALT1 条件正确率<0.60）且其后未参加第 3 次测试,ALT1_accuracy,pentagon_nonmatch,0.4583,>=0.60,48,0.4583,"",recomputed_from_raw,"",668→589 未参加（携带标记）,0,本行仅记录两项可核实事实：该个案触发了本次测试的任务质量判据，且未参加下一次测试；判据与实际到场之间是否存在其他判定环节，发布数据未记录，本库不作归因,analysis/analysis.Rmd:447-507,"",correct_answer_missing_in_batch_raw,"","","",na,""
phase_014_subj_3,regular,67,14,unique_subject,1,0,0,0,无任务数据,Day1,absent_after_day1,第 1 次测试后未参加,not_applicable,未参加第 2 次测试,no_show,"","","",,,"",attendance_record,"",771→668 未参加第 2 次,0,"",01_raw/*.csv,"","","","","","",""
phase_014_subj_30,regular,362,14,unique_subject,1,0,0,0,无任务数据,Day1,absent_after_day1,第 1 次测试后未参加,not_applicable,未参加第 2 次测试,no_show,"","","",,,"",attendance_record,"",771→668 未参加第 2 次,0,"",01_raw/*.csv,"","","","","","",""
phase_014_subj_35,regular,388,14,unique_subject,1,0,0,0,无任务数据,Day1,age_ineligible,年龄不符合纳入标准,paper_documented,年龄不符合纳入标准（84 岁）,age_ineligible,年龄（第 1 次测试筛查）,84,18-59,,84,"",screening_record,"",777→771 年龄核查,0,"",analysis/analysis.Rmd:327-339,"","","","","","",""
phase_014_subj_38,regular,413,14,unique_subject,1,1,0,0,IAT+ALT1,Day2,absent_after_day2_with_flag,第 2 次测试后未参加（携带质量标记）,recomputed_flag_only,第 2 次测试未达标（ALT1 条件正确率<0.60）且其后未参加第 3 次测试,ALT1_accuracy,diamond_match,0.5,>=0.60,48,0.5,"",recomputed_from_raw,"",668→589 未参加（携带标记）,0,本行仅记录两项可核实事实：该个案触发了本次测试的任务质量判据，且未参加下一次测试；判据与实际到场之间是否存在其他判定环节，发布数据未记录，本库不作归因,analysis/analysis.Rmd:447-507,"",correct_answer_missing_in_batch_raw,"","","",na,""
phase_014_subj_43,regular,451,14,unique_subject,1,0,0,0,无任务数据,Day1,absent_after_day1,第 1 次测试后未参加,not_applicable,未参加第 2 次测试,no_show,"","","",,,"",attendance_record,"",771→668 未参加第 2 次,0,"",01_raw/*.csv,"","","","","","",""
phase_014_subj_44,regular,452,14,unique_subject,1,1,1,0,IAT+ALT1+SRET+ALT2,Day3,absent_after_day3_with_flag,第 3 次测试后未参加（携带质量标记）,author_recorded,第 3 次测试未达标（SRET 来源判断快反应占比>0.30）且其后未参加第 4 次测试,SRET_source_RT,来源判断 rt<200ms 占比,0.3983,<=0.30,118,0.3983,0.398,recomputed_from_raw,"",589→527 未参加（携带标记）,0,本行仅记录两项可核实事实：该个案触发了本次测试的任务质量判据，且未参加下一次测试；判据与实际到场之间是否存在其他判定环节，发布数据未记录，本库不作归因,analysis/analysis.Rmd:543-799,"",correct_answer_missing_in_batch_raw,pass,"","",na,na
phase_014_subj_46,regular,471,14,unique_subject,1,0,0,0,无任务数据,Day1,absent_after_day1,第 1 次测试后未参加,not_applicable,未参加第 2 次测试,no_show,"","","",,,"",attendance_record,"",771→668 未参加第 2 次,0,"",01_raw/*.csv,"","","","","","",""
phase_014_subj_47,regular,483,14,unique_subject,1,1,1,0,IAT+ALT1+SRET+ALT2,Day3,absent_after_day3_with_flag,第 3 次测试后未参加（携带质量标记）,author_recorded,第 3 次测试未达标（SRET 来源判断快反应占比>0.30）且其后未参加第 4 次测试,SRET_source_RT,来源判断 rt<200ms 占比,0.7582,<=0.30,91,0.7582,0.758,recomputed_from_raw,"",589→527 未参加（携带标记）,0,本行仅记录两项可核实事实：该个案触发了本次测试的任务质量判据，且未参加下一次测试；判据与实际到场之间是否存在其他判定环节，发布数据未记录，本库不作归因,analysis/analysis.Rmd:543-799,"",correct_answer_missing_in_batch_raw,pass,"","",na,na
phase_014_subj_49,regular,552,14,unique_subject,1,1,1,0,IAT+ALT1+SRET+ALT2,Day3,absent_after_day3_with_flag,第 3 次测试后未参加（携带质量标记）,author_recorded,第 3 次测试未达标（SRET 再认正确率<0.55）且其后未参加第 4 次测试,SRET_recognition,整体再认,0.5,>=0.55,160,0.5,0.5; 0.325,recomputed_from_raw,"",589→527 未参加（携带标记）,0,本行仅记录两项可核实事实：该个案触发了本次测试的任务质量判据，且未参加下一次测试；判据与实际到场之间是否存在其他判定环节，发布数据未记录，本库不作归因,analysis/analysis.Rmd:543-799,"",correct_answer_missing_in_batch_raw,pass,"","",na,na
phase_014_subj_52,regular,621,14,unique_subject,1,0,0,0,无任务数据,Day1,absent_after_day1,第 1 次测试后未参加,not_applicable,未参加第 2 次测试,no_show,"","","",,,"",attendance_record,"",771→668 未参加第 2 次,0,"",01_raw/*.csv,"","","","","","",""
phase_014_subj_54,regular,664,14,unique_subject,1,0,0,0,无任务数据,Day1,absent_after_day1,第 1 次测试后未参加,not_applicable,未参加第 2 次测试,no_show,"","","",,,"",attendance_record,"",771→668 未参加第 2 次,0,"",01_raw/*.csv,"","","","","","",""
phase_014_subj_56,regular,666,14,unique_subject,1,0,0,0,无任务数据,Day1,absent_after_day1,第 1 次测试后未参加,not_applicable,未参加第 2 次测试,no_show,"","","",,,"",attendance_record,"",771→668 未参加第 2 次,0,"",01_raw/*.csv,"","","","","","",""
phase_014_subj_57,regular,672,14,unique_subject,1,0,0,0,无任务数据,Day1,absent_after_day1,第 1 次测试后未参加,not_applicable,未参加第 2 次测试,no_show,"","","",,,"",attendance_record,"",771→668 未参加第 2 次,0,"",01_raw/*.csv,"","","","","","",""
phase_014_subj_58,regular,678,14,unique_subject,1,0,0,0,无任务数据,Day1,absent_after_day1,第 1 次测试后未参加,not_applicable,未参加第 2 次测试,no_show,"","","",,,"",attendance_record,"",771→668 未参加第 2 次,0,"",01_raw/*.csv,"","","","","","",""
phase_014_subj_6,regular,129,14,unique_subject,1,0,0,0,无任务数据,Day1,absent_after_day1,第 1 次测试后未参加,not_applicable,未参加第 2 次测试,no_show,"","","",,,"",attendance_record,"",771→668 未参加第 2 次,0,"",01_raw/*.csv,"","","","","","",""
phase_014_subj_60,regular,693,14,unique_subject,1,0,0,0,无任务数据,Day1,absent_after_day1,第 1 次测试后未参加,not_applicable,未参加第 2 次测试,no_show,"","","",,,"",attendance_record,"",771→668 未参加第 2 次,0,"",01_raw/*.csv,"","","","","","",""
phase_014_subj_7,regular,131,14,unique_subject,1,0,0,0,无任务数据,Day1,absent_after_day1,第 1 次测试后未参加,not_applicable,未参加第 2 次测试,no_show,"","","",,,"",attendance_record,"",771→668 未参加第 2 次,0,"",01_raw/*.csv,"","","","","","",""
phase_015_subj_13,regular,126,15,unique_subject,1,1,0,0,IAT+ALT1,Day2,absent_after_day2_with_flag,第 2 次测试后未参加（携带质量标记）,recomputed_flag_only,第 2 次测试未达标（ALT1 条件正确率<0.60）且其后未参加第 3 次测试,ALT1_accuracy,square_nonmatch,0.5625,>=0.60,48,0.5625,"",recomputed_from_raw,"",668→589 未参加（携带标记）,0,本行仅记录两项可核实事实：该个案触发了本次测试的任务质量判据，且未参加下一次测试；判据与实际到场之间是否存在其他判定环节，发布数据未记录，本库不作归因,analysis/analysis.Rmd:447-507,fail,"","","","",na,""
phase_015_subj_14,regular,193,15,unique_subject,1,0,0,0,无任务数据,Day1,absent_after_day1,第 1 次测试后未参加,not_applicable,未参加第 2 次测试,no_show,"","","",,,"",attendance_record,"",771→668 未参加第 2 次,0,"",01_raw/*.csv,"","","","","","",""
phase_015_subj_36,regular,575,15,unique_subject,1,0,0,0,无任务数据,Day1,absent_after_day1,第 1 次测试后未参加,not_applicable,未参加第 2 次测试,no_show,"","","",,,"",attendance_record,"",771→668 未参加第 2 次,0,"",01_raw/*.csv,"","","","","","",""
phase_015_subj_37,regular,588,15,unique_subject,1,1,1,0,IAT+ALT1+SRET+ALT2,Day3,absent_after_day3_with_flag,第 3 次测试后未参加（携带质量标记）,author_recorded,第 3 次测试未达标（SRET 再认正确率<0.55）且其后未参加第 4 次测试,SRET_recognition,整体再认,0.5375,>=0.55,160,0.5375,0.537; 0.664,recomputed_from_raw,"",589→527 未参加（携带标记）,0,本行仅记录两项可核实事实：该个案触发了本次测试的任务质量判据，且未参加下一次测试；判据与实际到场之间是否存在其他判定环节，发布数据未记录，本库不作归因,analysis/analysis.Rmd:543-799,fail,"",pass,"","",na,na
phase_015_subj_41,regular,621,15,unique_subject,1,1,0,0,IAT+ALT1,Day2,absent_after_day2_with_flag,第 2 次测试后未参加（携带质量标记）,recomputed_flag_only,第 2 次测试未达标（ALT1 条件正确率<0.60）且其后未参加第 3 次测试,ALT1_accuracy,hexagon_match,0.5833,>=0.60,48,0.5833,"",recomputed_from_raw,"",668→589 未参加（携带标记）,0,本行仅记录两项可核实事实：该个案触发了本次测试的任务质量判据，且未参加下一次测试；判据与实际到场之间是否存在其他判定环节，发布数据未记录，本库不作归因,analysis/analysis.Rmd:447-507,fail,"","","","",na,""
phase_015_subj_44,regular,664,15,unique_subject,1,0,0,0,无任务数据,Day1,absent_after_day1,第 1 次测试后未参加,not_applicable,未参加第 2 次测试,no_show,"","","",,,"",attendance_record,"",771→668 未参加第 2 次,0,"",01_raw/*.csv,"","","","","","",""
phase_015_subj_45,regular,672,15,unique_subject,1,1,1,0,IAT+ALT1+SRET+ALT2,Day3,absent_after_day3_with_flag,第 3 次测试后未参加（携带质量标记）,author_recorded,第 3 次测试未达标（SRET 来源判断快反应占比>0.30）且其后未参加第 4 次测试,SRET_source_RT,来源判断 rt<200ms 占比,0.6562,<=0.30,128,0.6562,0.656,recomputed_from_raw,"",589→527 未参加（携带标记）,0,本行仅记录两项可核实事实：该个案触发了本次测试的任务质量判据，且未参加下一次测试；判据与实际到场之间是否存在其他判定环节，发布数据未记录，本库不作归因,analysis/analysis.Rmd:543-799,fail,"",pass,"","",na,na
phase_015_subj_46,regular,681,15,unique_subject,1,1,1,0,IAT+ALT1+SRET+ALT2,Day3,absent_after_day3_without_flag,第 3 次测试后未参加（无质量标记）,not_applicable,未参加第 4 次测试,no_show,"","","",,,"",attendance_record,"",589→527 失访,0,"",01_raw/*.csv,fail,"",pass,"","",na,na
phase_015_subj_8,regular,79,15,unique_subject,1,1,1,0,IAT+ALT1+SRET+ALT2,Day3,absent_after_day3_with_flag,第 3 次测试后未参加（携带质量标记）,author_recorded,第 3 次测试未达标（SRET 再认正确率<0.55）且其后未参加第 4 次测试,SRET_recognition,整体再认,0.5188,>=0.55,160,0.5188,0.519,recomputed_from_raw,"",589→527 未参加（携带标记）,0,本行仅记录两项可核实事实：该个案触发了本次测试的任务质量判据，且未参加下一次测试；判据与实际到场之间是否存在其他判定环节，发布数据未记录，本库不作归因,analysis/analysis.Rmd:543-799,fail,"",pass,"","",na,na
phase_016_subj_12,regular,118,16,unique_subject,1,0,0,0,无任务数据,Day1,absent_after_day1,第 1 次测试后未参加,not_applicable,未参加第 2 次测试,no_show,"","","",,,"",attendance_record,"",771→668 未参加第 2 次,0,"",01_raw/*.csv,"","","","","","",""
phase_016_subj_14,regular,122,16,unique_subject,1,1,0,0,IAT+ALT1,Day2,absent_after_day2_with_flag,第 2 次测试后未参加（携带质量标记）,recomputed_flag_only,第 2 次测试未达标（ALT1 条件正确率<0.60）且其后未参加第 3 次测试,ALT1_accuracy,circle_nonmatch,0.2292,>=0.60,48,0.2292,"",recomputed_from_raw,"",668→589 未参加（携带标记）,0,本行仅记录两项可核实事实：该个案触发了本次测试的任务质量判据，且未参加下一次测试；判据与实际到场之间是否存在其他判定环节，发布数据未记录，本库不作归因,analysis/analysis.Rmd:447-507,fail,"","","","",na,""
phase_016_subj_15,regular,128,16,unique_subject,1,0,0,0,无任务数据,Day1,absent_after_day1,第 1 次测试后未参加,not_applicable,未参加第 2 次测试,no_show,"","","",,,"",attendance_record,"",771→668 未参加第 2 次,0,"",01_raw/*.csv,"","","","","","",""
phase_016_subj_17,regular,140,16,unique_subject,1,1,1,0,IAT+ALT1+SRET+ALT2,Day3,absent_after_day3_with_flag,第 3 次测试后未参加（携带质量标记）,author_recorded,第 3 次测试未达标（SRET 来源判断快反应占比>0.30）且其后未参加第 4 次测试,SRET_source_RT,来源判断 rt<200ms 占比,0.3458,<=0.30,107,0.3458,0.346,recomputed_from_raw,"",589→527 未参加（携带标记）,0,本行仅记录两项可核实事实：该个案触发了本次测试的任务质量判据，且未参加下一次测试；判据与实际到场之间是否存在其他判定环节，发布数据未记录，本库不作归因,analysis/analysis.Rmd:543-799,fail,"",pass,"","",na,na
phase_016_subj_18,regular,144,16,unique_subject,1,0,0,0,无任务数据,Day1,absent_after_day1,第 1 次测试后未参加,not_applicable,未参加第 2 次测试,no_show,"","","",,,"",attendance_record,"",771→668 未参加第 2 次,0,"",01_raw/*.csv,"","","","","","",""
phase_016_subj_19,regular,146,16,unique_subject,1,0,0,0,无任务数据,Day1,absent_after_day1,第 1 次测试后未参加,not_applicable,未参加第 2 次测试,no_show,"","","",,,"",attendance_record,"",771→668 未参加第 2 次,0,"",01_raw/*.csv,"","","","","","",""
phase_016_subj_21,regular,157,16,unique_subject,1,0,0,0,无任务数据,Day1,absent_after_day1,第 1 次测试后未参加,not_applicable,未参加第 2 次测试,no_show,"","","",,,"",attendance_record,"",771→668 未参加第 2 次,0,"",01_raw/*.csv,"","","","","","",""
phase_016_subj_22,regular,157,16,unique_subject,1,0,0,0,无任务数据,Day1,absent_after_day1,第 1 次测试后未参加,not_applicable,未参加第 2 次测试,no_show,"","","",,,"",attendance_record,"",771→668 未参加第 2 次,0,"",01_raw/*.csv,"","","","","","",""
phase_016_subj_23,regular,160,16,unique_subject,1,0,0,0,无任务数据,Day1,absent_after_day1,第 1 次测试后未参加,not_applicable,未参加第 2 次测试,no_show,"","","",,,"",attendance_record,"",771→668 未参加第 2 次,0,"",01_raw/*.csv,"","","","","","",""
phase_016_subj_26,regular,182,16,unique_subject,1,0,0,0,无任务数据,Day1,absent_after_day1,第 1 次测试后未参加,not_applicable,未参加第 2 次测试,no_show,"","","",,,"",attendance_record,"",771→668 未参加第 2 次,0,"",01_raw/*.csv,"","","","","","",""
phase_016_subj_27,regular,185,16,unique_subject,1,0,0,0,无任务数据,Day1,absent_after_day1,第 1 次测试后未参加,not_applicable,未参加第 2 次测试,no_show,"","","",,,"",attendance_record,"",771→668 未参加第 2 次,0,"",01_raw/*.csv,"","","","","","",""
phase_016_subj_28,regular,197,16,unique_subject,1,1,0,0,IAT+ALT1,Day2,absent_after_day2_with_flag,第 2 次测试后未参加（携带质量标记）,recomputed_flag_only,第 2 次测试未达标（ALT1 条件正确率<0.60）且其后未参加第 3 次测试,ALT1_accuracy,hexagon_nonmatch,0.5,>=0.60,48,0.5,"",recomputed_from_raw,"",668→589 未参加（携带标记）,0,本行仅记录两项可核实事实：该个案触发了本次测试的任务质量判据，且未参加下一次测试；判据与实际到场之间是否存在其他判定环节，发布数据未记录，本库不作归因,analysis/analysis.Rmd:447-507,fail,"","","","",na,""
phase_016_subj_3,regular,12,16,unique_subject,1,1,0,0,IAT+ALT1,Day2,absent_after_day2_with_flag,第 2 次测试后未参加（携带质量标记）,recomputed_flag_only,第 2 次测试未达标（ALT1 条件正确率<0.60）且其后未参加第 3 次测试,ALT1_accuracy,diamond_match,0.3542,>=0.60,48,0.3542,"",recomputed_from_raw,"",668→589 未参加（携带标记）,0,本行仅记录两项可核实事实：该个案触发了本次测试的任务质量判据，且未参加下一次测试；判据与实际到场之间是否存在其他判定环节，发布数据未记录，本库不作归因,analysis/analysis.Rmd:447-507,fail,"","","","",na,""
phase_016_subj_37,regular,306,16,unique_subject,1,1,0,0,IAT+ALT1,Day2,absent_after_day2_with_flag,第 2 次测试后未参加（携带质量标记）,recomputed_flag_only,第 2 次测试未达标（ALT1 条件正确率<0.60）且其后未参加第 3 次测试,ALT1_accuracy,triangle_nonmatch,0.4792,>=0.60,48,0.4792,"",recomputed_from_raw,"",668→589 未参加（携带标记）,0,本行仅记录两项可核实事实：该个案触发了本次测试的任务质量判据，且未参加下一次测试；判据与实际到场之间是否存在其他判定环节，发布数据未记录，本库不作归因,analysis/analysis.Rmd:447-507,fail,"","","","",na,""
phase_016_subj_39,regular,308,16,unique_subject,1,0,0,0,无任务数据,Day1,absent_after_day1,第 1 次测试后未参加,not_applicable,未参加第 2 次测试,no_show,"","","",,,"",attendance_record,"",771→668 未参加第 2 次,0,"",01_raw/*.csv,"","","","","","",""
phase_016_subj_41,regular,336,16,unique_subject,1,0,0,0,无任务数据,Day1,absent_after_day1,第 1 次测试后未参加,not_applicable,未参加第 2 次测试,no_show,"","","",,,"",attendance_record,"",771→668 未参加第 2 次,0,"",01_raw/*.csv,"","","","","","",""
phase_016_subj_42,regular,336,16,unique_subject,1,1,1,0,IAT+ALT1+SRET+ALT2,Day3,absent_after_day3_with_flag,第 3 次测试后未参加（携带质量标记）,author_recorded,第 3 次测试未达标（SRET 来源判断快反应占比>0.30）且其后未参加第 4 次测试,SRET_source_RT,来源判断 rt<200ms 占比,0.3095,<=0.30,126,0.3095,0.31,recomputed_from_raw,"",589→527 未参加（携带标记）,0,本行仅记录两项可核实事实：该个案触发了本次测试的任务质量判据，且未参加下一次测试；判据与实际到场之间是否存在其他判定环节，发布数据未记录，本库不作归因,analysis/analysis.Rmd:543-799,fail,"",pass,"","",na,na
phase_016_subj_46,regular,368,16,unique_subject,1,1,1,0,IAT+ALT1+SRET+ALT2,Day3,absent_after_day3_with_flag,第 3 次测试后未参加（携带质量标记）,author_recorded,第 3 次测试未达标（SRET 来源判断快反应占比>0.30）且其后未参加第 4 次测试,SRET_source_RT,来源判断 rt<200ms 占比,0.5957,<=0.30,94,0.5957,0.596,recomputed_from_raw,"",589→527 未参加（携带标记）,0,本行仅记录两项可核实事实：该个案触发了本次测试的任务质量判据，且未参加下一次测试；判据与实际到场之间是否存在其他判定环节，发布数据未记录，本库不作归因,analysis/analysis.Rmd:543-799,fail,"",fail,"","",na,na
phase_016_subj_47,regular,381,16,unique_subject,1,1,0,0,IAT+ALT1,Day2,absent_after_day2_without_flag,第 2 次测试后未参加（无质量标记）,not_applicable,未参加第 3 次测试,no_show,"","","",,,"",attendance_record,"",668→589 失访,0,"",01_raw/*.csv,fail,"","","","",na,""
phase_016_subj_57,regular,447,16,unique_subject,1,1,0,0,IAT+ALT1,Day2,absent_after_day2_without_flag,第 2 次测试后未参加（无质量标记）,not_applicable,未参加第 3 次测试,no_show,"","","",,,"",attendance_record,"",668→589 失访,0,"",01_raw/*.csv,fail,"","","","",na,""
phase_016_subj_61,regular,524,16,unique_subject,1,1,0,0,IAT+ALT1,Day2,absent_after_day2_without_flag,第 2 次测试后未参加（无质量标记）,not_applicable,未参加第 3 次测试,no_show,"","","",,,"",attendance_record,"",668→589 失访,0,"",01_raw/*.csv,fail,"","","","",na,""
phase_016_subj_62,regular,534,16,unique_subject,1,1,1,0,IAT+ALT1+SRET+ALT2,Day3,absent_after_day3_with_flag,第 3 次测试后未参加（携带质量标记）,author_recorded,第 3 次测试未达标（SRET 来源判断快反应占比>0.30）且其后未参加第 4 次测试,SRET_source_RT,来源判断 rt<200ms 占比,0.4516,<=0.30,124,0.4516,0.581,recomputed_from_raw,"",589→527 未参加（携带标记）,0,本行仅记录两项可核实事实：该个案触发了本次测试的任务质量判据，且未参加下一次测试；判据与实际到场之间是否存在其他判定环节，发布数据未记录，本库不作归因,analysis/analysis.Rmd:543-799,fail,"",pass,"","",na,na
phase_016_subj_63,regular,547,16,unique_subject,1,1,0,0,IAT+ALT1,Day2,absent_after_day2_with_flag,第 2 次测试后未参加（携带质量标记）,recomputed_flag_only,第 2 次测试未达标（ALT1 条件正确率<0.60）且其后未参加第 3 次测试,ALT1_accuracy,hexagon_match,0.5625,>=0.60,48,0.5625,"",recomputed_from_raw,"",668→589 未参加（携带标记）,0,本行仅记录两项可核实事实：该个案触发了本次测试的任务质量判据，且未参加下一次测试；判据与实际到场之间是否存在其他判定环节，发布数据未记录，本库不作归因,analysis/analysis.Rmd:447-507,fail,"","","","",na,""
phase_016_subj_64,regular,558,16,unique_subject,1,0,0,0,无任务数据,Day1,absent_after_day1,第 1 次测试后未参加,not_applicable,未参加第 2 次测试,no_show,"","","",,,"",attendance_record,"",771→668 未参加第 2 次,0,"",01_raw/*.csv,"","","","","","",""
phase_016_subj_65,regular,563,16,unique_subject,1,0,0,0,无任务数据,Day1,absent_after_day1,第 1 次测试后未参加,not_applicable,未参加第 2 次测试,no_show,"","","",,,"",attendance_record,"",771→668 未参加第 2 次,0,"",01_raw/*.csv,"","","","","","",""
phase_016_subj_67,regular,584,16,unique_subject,1,1,0,0,IAT+ALT1,Day2,absent_after_day2_without_flag,第 2 次测试后未参加（无质量标记）,not_applicable,未参加第 3 次测试,no_show,"","","",,,"",attendance_record,"",668→589 失访,0,"",01_raw/*.csv,fail,"","","","",na,""
phase_016_subj_7,regular,51,16,unique_subject,1,0,0,0,无任务数据,Day1,absent_after_day1,第 1 次测试后未参加,not_applicable,未参加第 2 次测试,no_show,"","","",,,"",attendance_record,"",771→668 未参加第 2 次,0,"",01_raw/*.csv,"","","","","","",""
phase_016_subj_70,regular,603,16,unique_subject,1,1,1,0,IAT+ALT1+SRET+ALT2,Day3,absent_after_day3_with_flag,第 3 次测试后未参加（携带质量标记）,author_recorded,第 3 次测试未达标（SRET 来源判断快反应占比>0.30）且其后未参加第 4 次测试,SRET_source_RT,来源判断 rt<200ms 占比,0.4043,<=0.30,94,0.4043,0.404,recomputed_from_raw,"",589→527 未参加（携带标记）,0,本行仅记录两项可核实事实：该个案触发了本次测试的任务质量判据，且未参加下一次测试；判据与实际到场之间是否存在其他判定环节，发布数据未记录，本库不作归因,analysis/analysis.Rmd:543-799,fail,"",pass,"","",na,na
phase_016_subj_72,regular,639,16,unique_subject,1,1,0,0,IAT+ALT1,Day2,absent_after_day2_without_flag,第 2 次测试后未参加（无质量标记）,not_applicable,未参加第 3 次测试,no_show,"","","",,,"",attendance_record,"",668→589 失访,0,"",01_raw/*.csv,"",correct_answer_missing_in_batch_raw,"","","",na,""
phase_016_subj_75,regular,654,16,unique_subject,1,1,1,0,IAT+ALT1+SRET+ALT2,Day3,absent_after_day3_with_flag,第 3 次测试后未参加（携带质量标记）,author_recorded,第 3 次测试未达标（SRET 来源判断快反应占比>0.30）且其后未参加第 4 次测试,SRET_source_RT,来源判断 rt<200ms 占比,0.4231,<=0.30,130,0.4231,0.423,recomputed_from_raw,"",589→527 未参加（携带标记）,0,本行仅记录两项可核实事实：该个案触发了本次测试的任务质量判据，且未参加下一次测试；判据与实际到场之间是否存在其他判定环节，发布数据未记录，本库不作归因,analysis/analysis.Rmd:543-799,"",correct_answer_missing_in_batch_raw,fail,"","",na,na
phase_016_subj_76,regular,656,16,unique_subject,1,0,0,0,无任务数据,Day1,absent_after_day1,第 1 次测试后未参加,not_applicable,未参加第 2 次测试,no_show,"","","",,,"",attendance_record,"",771→668 未参加第 2 次,0,"",01_raw/*.csv,"","","","","","",""
phase_016_subj_77,regular,656,16,unique_subject,1,1,0,0,IAT+ALT1,Day2,absent_after_day2_with_flag,第 2 次测试后未参加（携带质量标记）,recomputed_flag_only,第 2 次测试未达标（ALT1 条件正确率<0.60）且其后未参加第 3 次测试,ALT1_accuracy,ellipse_nonmatch,0.3125,>=0.60,48,0.3125,"",recomputed_from_raw,"",668→589 未参加（携带标记）,0,本行仅记录两项可核实事实：该个案触发了本次测试的任务质量判据，且未参加下一次测试；判据与实际到场之间是否存在其他判定环节，发布数据未记录，本库不作归因,analysis/analysis.Rmd:447-507,"",correct_answer_missing_in_batch_raw,"","","",na,""
phase_016_subj_78,regular,659,16,unique_subject,1,1,0,0,IAT+ALT1,Day2,absent_after_day2_with_flag,第 2 次测试后未参加（携带质量标记）,recomputed_flag_only,第 2 次测试未达标（ALT1 条件正确率<0.60）且其后未参加第 3 次测试,ALT1_accuracy,hexagon_match,0.2083,>=0.60,48,0.2083,"",recomputed_from_raw,"",668→589 未参加（携带标记）,0,本行仅记录两项可核实事实：该个案触发了本次测试的任务质量判据，且未参加下一次测试；判据与实际到场之间是否存在其他判定环节，发布数据未记录，本库不作归因,analysis/analysis.Rmd:447-507,fail,"","","","",na,""
phase_016_subj_80,regular,669,16,unique_subject,1,1,0,0,IAT+ALT1,Day2,absent_after_day2_without_flag,第 2 次测试后未参加（无质量标记）,not_applicable,未参加第 3 次测试,no_show,"","","",,,"",attendance_record,"",668→589 失访,0,"",01_raw/*.csv,fail,"","","","",na,""
phase_016_subj_83,regular,691,16,unique_subject,1,1,0,0,IAT+ALT1,Day2,absent_after_day2_with_flag,第 2 次测试后未参加（携带质量标记）,recomputed_flag_only,第 2 次测试未达标（ALT1 条件正确率<0.60）且其后未参加第 3 次测试,ALT1_accuracy,diamond_match,0.4583,>=0.60,48,0.4583,"",recomputed_from_raw,"",668→589 未参加（携带标记）,0,本行仅记录两项可核实事实：该个案触发了本次测试的任务质量判据，且未参加下一次测试；判据与实际到场之间是否存在其他判定环节，发布数据未记录，本库不作归因,analysis/analysis.Rmd:447-507,fail,"","","","",na,""
phase_017_subj_105,regular,434,17,unique_subject,1,1,0,0,IAT+ALT1,Day2,absent_after_day2_without_flag,第 2 次测试后未参加（无质量标记）,not_applicable,未参加第 3 次测试,no_show,"","","",,,"",attendance_record,"",668→589 失访,0,"",01_raw/*.csv,"",correct_answer_missing_in_batch_raw,"","","",na,""
phase_017_subj_107,regular,443,17,unique_subject,1,0,0,0,无任务数据,Day1,absent_after_day1,第 1 次测试后未参加,not_applicable,未参加第 2 次测试,no_show,"","","",,,"",attendance_record,"",771→668 未参加第 2 次,0,"",01_raw/*.csv,"","","","","","",""
phase_017_subj_109,regular,452,17,unique_subject,1,0,0,0,无任务数据,Day1,absent_after_day1,第 1 次测试后未参加,not_applicable,未参加第 2 次测试,no_show,"","","",,,"",attendance_record,"",771→668 未参加第 2 次,0,"",01_raw/*.csv,"","","","","","",""
phase_017_subj_11,regular,57,17,unique_subject,1,1,0,0,IAT+ALT1,Day2,absent_after_day2_without_flag,第 2 次测试后未参加（无质量标记）,not_applicable,未参加第 3 次测试,no_show,"","","",,,"",attendance_record,"",668→589 失访,0,"",01_raw/*.csv,"",correct_answer_missing_in_batch_raw,"","","",na,""
phase_017_subj_110,regular,453,17,unique_subject,1,0,0,0,无任务数据,Day1,absent_after_day1,第 1 次测试后未参加,not_applicable,未参加第 2 次测试,no_show,"","","",,,"",attendance_record,"",771→668 未参加第 2 次,0,"",01_raw/*.csv,"","","","","","",""
phase_017_subj_112,regular,458,17,unique_subject,1,1,0,0,IAT+ALT1,Day2,absent_after_day2_without_flag,第 2 次测试后未参加（无质量标记）,not_applicable,未参加第 3 次测试,no_show,"","","",,,"",attendance_record,"",668→589 失访,0,"",01_raw/*.csv,"",correct_answer_missing_in_batch_raw,"","","",na,""
phase_017_subj_116,regular,466,17,unique_subject,1,0,0,0,无任务数据,Day1,absent_after_day1,第 1 次测试后未参加,not_applicable,未参加第 2 次测试,no_show,"","","",,,"",attendance_record,"",771→668 未参加第 2 次,0,"",01_raw/*.csv,"","","","","","",""
phase_017_subj_118,regular,473,17,unique_subject,1,0,0,0,无任务数据,Day1,absent_after_day1,第 1 次测试后未参加,not_applicable,未参加第 2 次测试,no_show,"","","",,,"",attendance_record,"",771→668 未参加第 2 次,0,"",01_raw/*.csv,"","","","","","",""
phase_017_subj_119,regular,478,17,unique_subject,1,0,0,0,无任务数据,Day1,absent_after_day1,第 1 次测试后未参加,not_applicable,未参加第 2 次测试,no_show,"","","",,,"",attendance_record,"",771→668 未参加第 2 次,0,"",01_raw/*.csv,"","","","","","",""
phase_017_subj_12,regular,60,17,unique_subject,1,0,0,0,无任务数据,Day1,absent_after_day1,第 1 次测试后未参加,not_applicable,未参加第 2 次测试,no_show,"","","",,,"",attendance_record,"",771→668 未参加第 2 次,0,"",01_raw/*.csv,"","","","","","",""
phase_017_subj_121,regular,483,17,unique_subject,1,1,1,0,IAT+ALT1+SRET+ALT2,Day3,absent_after_day3_with_flag,第 3 次测试后未参加（携带质量标记）,author_recorded,第 3 次测试未达标（SRET 再认正确率<0.55）且其后未参加第 4 次测试,SRET_recognition,整体再认,0.5438,>=0.55,160,0.5438,0.544,recomputed_from_raw,"",589→527 未参加（携带标记）,0,本行仅记录两项可核实事实：该个案触发了本次测试的任务质量判据，且未参加下一次测试；判据与实际到场之间是否存在其他判定环节，发布数据未记录，本库不作归因,analysis/analysis.Rmd:543-799,"",correct_answer_missing_in_batch_raw,pass,"","",na,na
phase_017_subj_126,regular,511,17,unique_subject,1,1,0,0,IAT+ALT1,Day2,absent_after_day2_without_flag,第 2 次测试后未参加（无质量标记）,not_applicable,未参加第 3 次测试,no_show,"","","",,,"",attendance_record,"",668→589 失访,0,"",01_raw/*.csv,fail,"","","","",na,""
phase_017_subj_129,regular,534,17,unique_subject,1,1,0,0,IAT+ALT1,Day2,absent_after_day2_without_flag,第 2 次测试后未参加（无质量标记）,not_applicable,未参加第 3 次测试,no_show,"","","",,,"",attendance_record,"",668→589 失访,0,"",01_raw/*.csv,fail,"","","","",na,""
phase_017_subj_13,regular,65,17,unique_subject,1,1,1,1,IAT+ALT1+SRET+ALT2,Day10,excluded_for_other_reasons,最终数据质量核查排除（数据缺失或其他原因）,author_recorded,最终数据质量核查排除（SRET 数据部分缺失）,incomplete_data,phase_017_subj_13,"","",,,"",author_record,"",527→503 最终核查（其他原因）,0,"",removed_subjects_legacy_content.csv 行 83,fail,"",pass,na,ok,na,na
phase_017_subj_131,regular,538,17,unique_subject,1,1,0,0,IAT+ALT1,Day2,absent_after_day2_without_flag,第 2 次测试后未参加（无质量标记）,not_applicable,未参加第 3 次测试,no_show,"","","",,,"",attendance_record,"",668→589 失访,0,"",01_raw/*.csv,"",correct_answer_missing_in_batch_raw,"","","",na,""
phase_017_subj_137,regular,550,17,unique_subject,1,0,0,0,无任务数据,Day1,absent_after_day1,第 1 次测试后未参加,not_applicable,未参加第 2 次测试,no_show,"","","",,,"",attendance_record,"",771→668 未参加第 2 次,0,"",01_raw/*.csv,"","","","","","",""
phase_017_subj_138,regular,551,17,unique_subject,1,1,1,0,IAT+ALT1+SRET+ALT2,Day3,absent_after_day3_with_flag,第 3 次测试后未参加（携带质量标记）,author_recorded,第 3 次测试未达标（SRET 再认正确率<0.55）且其后未参加第 4 次测试,SRET_recognition,整体再认,0.5438,>=0.55,160,0.5438,0.544,recomputed_from_raw,"",589→527 未参加（携带标记）,0,本行仅记录两项可核实事实：该个案触发了本次测试的任务质量判据，且未参加下一次测试；判据与实际到场之间是否存在其他判定环节，发布数据未记录，本库不作归因,analysis/analysis.Rmd:543-799,"",correct_answer_missing_in_batch_raw,pass,"","",na,na
phase_017_subj_139,regular,562,17,unique_subject,1,0,0,0,无任务数据,Day1,absent_after_day1,第 1 次测试后未参加,not_applicable,未参加第 2 次测试,no_show,"","","",,,"",attendance_record,"",771→668 未参加第 2 次,0,"",01_raw/*.csv,"","","","","","",""
phase_017_subj_140,regular,565,17,unique_subject,1,0,0,0,无任务数据,Day1,absent_after_day1,第 1 次测试后未参加,not_applicable,未参加第 2 次测试,no_show,"","","",,,"",attendance_record,"",771→668 未参加第 2 次,0,"",01_raw/*.csv,"","","","","","",""
phase_017_subj_143,regular,582,17,unique_subject,1,1,0,0,IAT+ALT1,Day2,absent_after_day2_without_flag,第 2 次测试后未参加（无质量标记）,not_applicable,未参加第 3 次测试,no_show,"","","",,,"",attendance_record,"",668→589 失访,0,"",01_raw/*.csv,fail,"","","","",na,""
phase_017_subj_146,regular,602,17,unique_subject,1,1,0,0,IAT+ALT1,Day2,absent_after_day2_without_flag,第 2 次测试后未参加（无质量标记）,not_applicable,未参加第 3 次测试,no_show,"","","",,,"",attendance_record,"",668→589 失访,0,"",01_raw/*.csv,"",correct_answer_missing_in_batch_raw,"","","",na,""
phase_017_subj_147,regular,609,17,unique_subject,1,1,0,0,IAT+ALT1,Day2,absent_after_day2_with_flag,第 2 次测试后未参加（携带质量标记）,recomputed_flag_only,第 2 次测试未达标（ALT1 条件正确率<0.60）且其后未参加第 3 次测试,ALT1_accuracy,diamond_match,0.5833,>=0.60,48,0.5833,"",recomputed_from_raw,"",668→589 未参加（携带标记）,0,本行仅记录两项可核实事实：该个案触发了本次测试的任务质量判据，且未参加下一次测试；判据与实际到场之间是否存在其他判定环节，发布数据未记录，本库不作归因,analysis/analysis.Rmd:447-507,"",correct_answer_missing_in_batch_raw,"","","",na,""
phase_017_subj_148,regular,616,17,unique_subject,1,1,0,0,IAT+ALT1,Day2,absent_after_day2_without_flag,第 2 次测试后未参加（无质量标记）,not_applicable,未参加第 3 次测试,no_show,"","","",,,"",attendance_record,"",668→589 失访,0,"",01_raw/*.csv,"",correct_answer_missing_in_batch_raw,"","","",na,""
phase_017_subj_15,regular,73,17,unique_subject,1,1,1,0,IAT+ALT1+SRET+ALT2,Day3,absent_after_day3_with_flag,第 3 次测试后未参加（携带质量标记）,author_recorded,第 3 次测试未达标（ALT2 领域正确率<0.60）且其后未参加第 4 次测试,ALT2_domain_accuracy,ability,0.5156,>=0.60,384,0.5156,0.516; 0.581,recomputed_from_raw,"",589→527 未参加（携带标记）,0,本行仅记录两项可核实事实：该个案触发了本次测试的任务质量判据，且未参加下一次测试；判据与实际到场之间是否存在其他判定环节，发布数据未记录，本库不作归因,analysis/analysis.Rmd:543-799,"",correct_answer_missing_in_batch_raw,pass,"","",na,na
phase_017_subj_150,regular,623,17,unique_subject,1,1,0,0,IAT+ALT1,Day2,absent_after_day2_without_flag,第 2 次测试后未参加（无质量标记）,not_applicable,未参加第 3 次测试,no_show,"","","",,,"",attendance_record,"",668→589 失访,0,"",01_raw/*.csv,fail,"","","","",na,""
phase_017_subj_151,regular,623,17,unique_subject,1,1,0,0,IAT+ALT1,Day2,absent_after_day2_without_flag,第 2 次测试后未参加（无质量标记）,not_applicable,未参加第 3 次测试,no_show,"","","",,,"",attendance_record,"",668→589 失访,0,"",01_raw/*.csv,fail,"","","","",na,""
phase_017_subj_155,regular,656,17,unique_subject,1,1,1,0,IAT+ALT1+SRET+ALT2,Day3,absent_after_day3_with_flag,第 3 次测试后未参加（携带质量标记）,author_recorded,第 3 次测试未达标（ALT2 领域正确率<0.60）且其后未参加第 4 次测试,ALT2_domain_accuracy,ability,0.5078,>=0.60,384,0.5078,0.508,recomputed_from_raw,"",589→527 未参加（携带标记）,0,本行仅记录两项可核实事实：该个案触发了本次测试的任务质量判据，且未参加下一次测试；判据与实际到场之间是否存在其他判定环节，发布数据未记录，本库不作归因,analysis/analysis.Rmd:543-799,"",correct_answer_missing_in_batch_raw,pass,"","",na,na
phase_017_subj_162,regular,685,17,unique_subject,1,1,0,0,IAT+ALT1,Day2,absent_after_day2_without_flag,第 2 次测试后未参加（无质量标记）,not_applicable,未参加第 3 次测试,no_show,"","","",,,"",attendance_record,"",668→589 失访,0,"",01_raw/*.csv,"",correct_answer_missing_in_batch_raw,"","","",na,""
phase_017_subj_164,regular,687,17,unique_subject,1,0,0,0,无任务数据,Day1,absent_after_day1,第 1 次测试后未参加,not_applicable,未参加第 2 次测试,no_show,"","","",,,"",attendance_record,"",771→668 未参加第 2 次,0,"",01_raw/*.csv,"","","","","","",""
phase_017_subj_165,regular,688,17,unique_subject,1,0,0,0,无任务数据,Day1,absent_after_day1,第 1 次测试后未参加,not_applicable,未参加第 2 次测试,no_show,"","","",,,"",attendance_record,"",771→668 未参加第 2 次,0,"",01_raw/*.csv,"","","","","","",""
phase_017_subj_166,regular,688,17,unique_subject,1,1,1,0,IAT+ALT1+SRET+ALT2,Day3,absent_after_day3_with_flag,第 3 次测试后未参加（携带质量标记）,author_recorded,第 3 次测试未达标（SRET 来源判断快反应占比>0.30）且其后未参加第 4 次测试,SRET_source_RT,来源判断 rt<200ms 占比,0.4222,<=0.30,90,0.4222,0.422,recomputed_from_raw,"",589→527 未参加（携带标记）,0,本行仅记录两项可核实事实：该个案触发了本次测试的任务质量判据，且未参加下一次测试；判据与实际到场之间是否存在其他判定环节，发布数据未记录，本库不作归因,analysis/analysis.Rmd:543-799,"",correct_answer_missing_in_batch_raw,pass,"","",na,na
phase_017_subj_17,regular,80,17,unique_subject,1,1,0,0,IAT+ALT1,Day2,absent_after_day2_without_flag,第 2 次测试后未参加（无质量标记）,not_applicable,未参加第 3 次测试,no_show,"","","",,,"",attendance_record,"",668→589 失访,0,"",01_raw/*.csv,fail,"","","","",na,""
phase_017_subj_18,regular,81,17,unique_subject,1,1,1,0,IAT+ALT1+SRET+ALT2,Day3,absent_after_day3_with_flag,第 3 次测试后未参加（携带质量标记）,author_recorded,第 3 次测试未达标（ALT2 领域正确率<0.60）且其后未参加第 4 次测试,ALT2_domain_accuracy,moral,0.5703,>=0.60,384,0.5703,0.57,recomputed_from_raw,"",589→527 未参加（携带标记）,0,本行仅记录两项可核实事实：该个案触发了本次测试的任务质量判据，且未参加下一次测试；判据与实际到场之间是否存在其他判定环节，发布数据未记录，本库不作归因,analysis/analysis.Rmd:543-799,"",correct_answer_missing_in_batch_raw,pass,"","",na,na
phase_017_subj_20,regular,85,17,unique_subject,1,1,0,0,IAT+ALT1,Day2,absent_after_day2_without_flag,第 2 次测试后未参加（无质量标记）,not_applicable,未参加第 3 次测试,no_show,"","","",,,"",attendance_record,"",668→589 失访,0,day2_cleaned 中该 ID 有 2 行（双跑/重复提交），按规则去重计数,01_raw/*.csv,"",correct_answer_missing_in_batch_raw,"","","",na,""
phase_017_subj_25,regular,93,17,unique_subject,1,1,0,0,IAT+ALT1,Day2,absent_after_day2_without_flag,第 2 次测试后未参加（无质量标记）,not_applicable,未参加第 3 次测试,no_show,"","","",,,"",attendance_record,"",668→589 失访,0,"",01_raw/*.csv,"",correct_answer_missing_in_batch_raw,"","","",na,""
phase_017_subj_26,regular,95,17,unique_subject,1,1,0,0,IAT+ALT1,Day2,absent_after_day2_without_flag,第 2 次测试后未参加（无质量标记）,not_applicable,未参加第 3 次测试,no_show,"","","",,,"",attendance_record,"",668→589 失访,0,"",01_raw/*.csv,"",correct_answer_missing_in_batch_raw,"","","",na,""
phase_017_subj_28,regular,96,17,unique_subject,1,1,0,0,IAT+ALT1,Day2,absent_after_day2_without_flag,第 2 次测试后未参加（无质量标记）,not_applicable,未参加第 3 次测试,no_show,"","","",,,"",attendance_record,"",668→589 失访,0,"",01_raw/*.csv,"",correct_answer_missing_in_batch_raw,"","","",na,""
phase_017_subj_35,regular,123,17,unique_subject,1,1,1,0,IAT+ALT1+SRET+ALT2,Day3,absent_after_day3_with_flag,第 3 次测试后未参加（携带质量标记）,author_recorded,第 3 次测试未达标（SRET 再认正确率<0.55）且其后未参加第 4 次测试,SRET_recognition,整体再认,0.5125,>=0.55,160,0.5125,0.512,recomputed_from_raw,"",589→527 未参加（携带标记）,0,本行仅记录两项可核实事实：该个案触发了本次测试的任务质量判据，且未参加下一次测试；判据与实际到场之间是否存在其他判定环节，发布数据未记录，本库不作归因,analysis/analysis.Rmd:543-799,"",correct_answer_missing_in_batch_raw,pass,"","",na,na
phase_017_subj_37,regular,128,17,unique_subject,1,1,0,0,IAT+ALT1,Day2,absent_after_day2_with_flag,第 2 次测试后未参加（携带质量标记）,recomputed_flag_only,第 2 次测试未达标（ALT1 条件正确率<0.60）且其后未参加第 3 次测试,ALT1_accuracy,diamond_match,0.4375,>=0.60,48,0.4375,"",recomputed_from_raw,"",668→589 未参加（携带标记）,0,本行仅记录两项可核实事实：该个案触发了本次测试的任务质量判据，且未参加下一次测试；判据与实际到场之间是否存在其他判定环节，发布数据未记录，本库不作归因,analysis/analysis.Rmd:447-507,"",correct_answer_missing_in_batch_raw,"","","",na,""
phase_017_subj_39,regular,151,17,unique_subject,1,0,0,0,无任务数据,Day1,absent_after_day1,第 1 次测试后未参加,not_applicable,未参加第 2 次测试,no_show,"","","",,,"",attendance_record,"",771→668 未参加第 2 次,0,"",01_raw/*.csv,"","","","","","",""
phase_017_subj_42,regular,169,17,unique_subject,1,0,0,0,无任务数据,Day1,absent_after_day1,第 1 次测试后未参加,not_applicable,未参加第 2 次测试,no_show,"","","",,,"",attendance_record,"",771→668 未参加第 2 次,0,"",01_raw/*.csv,"","","","","","",""
phase_017_subj_44,regular,175,17,unique_subject,1,1,0,0,IAT+ALT1,Day2,absent_after_day2_without_flag,第 2 次测试后未参加（无质量标记）,not_applicable,未参加第 3 次测试,no_show,"","","",,,"",attendance_record,"",668→589 失访,0,"",01_raw/*.csv,"",correct_answer_missing_in_batch_raw,"","","",na,""
phase_017_subj_45,regular,175,17,unique_subject,1,1,0,0,IAT+ALT1,Day2,absent_after_day2_with_flag,第 2 次测试后未参加（携带质量标记）,recomputed_flag_only,第 2 次测试未达标（IAT 短反应时占比>0.10）且其后未参加第 3 次测试,IAT_RT,moral · rt<=300 占比,0.75,<=0.10,144,0.75,"",recomputed_from_raw,"",668→589 未参加（携带标记）,0,本行仅记录两项可核实事实：该个案触发了本次测试的任务质量判据，且未参加下一次测试；判据与实际到场之间是否存在其他判定环节，发布数据未记录，本库不作归因,analysis/analysis.Rmd:447-507,fail,"","","","",na,""
phase_017_subj_48,regular,186,17,unique_subject,1,1,0,0,IAT+ALT1,Day2,absent_after_day2_without_flag,第 2 次测试后未参加（无质量标记）,not_applicable,未参加第 3 次测试,no_show,"","","",,,"",attendance_record,"",668→589 失访,0,"",01_raw/*.csv,"",correct_answer_missing_in_batch_raw,"","","",na,""
phase_017_subj_50,regular,196,17,unique_subject,1,1,0,0,IAT+ALT1,Day2,absent_after_day2_without_flag,第 2 次测试后未参加（无质量标记）,not_applicable,未参加第 3 次测试,no_show,"","","",,,"",attendance_record,"",668→589 失访,0,"",01_raw/*.csv,"",correct_answer_missing_in_batch_raw,"","","",na,""
phase_017_subj_52,regular,219,17,unique_subject,1,0,0,0,无任务数据,Day1,absent_after_day1,第 1 次测试后未参加,not_applicable,未参加第 2 次测试,no_show,"","","",,,"",attendance_record,"",771→668 未参加第 2 次,0,"",01_raw/*.csv,"","","","","","",""
phase_017_subj_55,regular,230,17,unique_subject,1,1,0,0,IAT+ALT1,Day2,absent_after_day2_with_flag,第 2 次测试后未参加（携带质量标记）,recomputed_flag_only,第 2 次测试未达标（ALT1 条件正确率<0.60）且其后未参加第 3 次测试,ALT1_accuracy,diamond_match,0.4167,>=0.60,48,0.4167,"",recomputed_from_raw,"",668→589 未参加（携带标记）,0,本行仅记录两项可核实事实：该个案触发了本次测试的任务质量判据，且未参加下一次测试；判据与实际到场之间是否存在其他判定环节，发布数据未记录，本库不作归因,analysis/analysis.Rmd:447-507,"",correct_answer_missing_in_batch_raw,"","","",na,""
phase_017_subj_57,regular,239,17,unique_subject,1,1,0,0,IAT+ALT1,Day2,absent_after_day2_without_flag,第 2 次测试后未参加（无质量标记）,not_applicable,未参加第 3 次测试,no_show,"","","",,,"",attendance_record,"",668→589 失访,0,"",01_raw/*.csv,"",correct_answer_missing_in_batch_raw,"","","",na,""
phase_017_subj_59,regular,252,17,unique_subject,1,1,1,0,IAT+ALT1+SRET+ALT2,Day3,absent_after_day3_with_flag,第 3 次测试后未参加（携带质量标记）,author_recorded,第 3 次测试未达标（SRET 再认正确率<0.55）且其后未参加第 4 次测试,SRET_recognition,整体再认,0.5312,>=0.55,160,0.5312,0.531,recomputed_from_raw,"",589→527 未参加（携带标记）,0,本行仅记录两项可核实事实：该个案触发了本次测试的任务质量判据，且未参加下一次测试；判据与实际到场之间是否存在其他判定环节，发布数据未记录，本库不作归因,analysis/analysis.Rmd:543-799,fail,"",fail,"","",na,na
phase_017_subj_64,regular,280,17,unique_subject,1,1,1,0,IAT+ALT1+SRET+ALT2,Day3,absent_after_day3_with_flag,第 3 次测试后未参加（携带质量标记）,author_recorded,第 3 次测试未达标（SRET 再认正确率<0.55）且其后未参加第 4 次测试,SRET_recognition,整体再认,0.5062,>=0.55,160,0.5062,0.506,recomputed_from_raw,"",589→527 未参加（携带标记）,0,本行仅记录两项可核实事实：该个案触发了本次测试的任务质量判据，且未参加下一次测试；判据与实际到场之间是否存在其他判定环节，发布数据未记录，本库不作归因,analysis/analysis.Rmd:543-799,"",correct_answer_missing_in_batch_raw,pass,"","",na,na
phase_017_subj_65,regular,296,17,unique_subject,1,1,0,0,IAT+ALT1,Day2,absent_after_day2_with_flag,第 2 次测试后未参加（携带质量标记）,recomputed_flag_only,第 2 次测试未达标（ALT1 条件正确率<0.60）且其后未参加第 3 次测试,ALT1_accuracy,diamond_match,0.2917,>=0.60,48,0.2917,"",recomputed_from_raw,"",668→589 未参加（携带标记）,0,本行仅记录两项可核实事实：该个案触发了本次测试的任务质量判据，且未参加下一次测试；判据与实际到场之间是否存在其他判定环节，发布数据未记录，本库不作归因,analysis/analysis.Rmd:447-507,"",correct_answer_missing_in_batch_raw,"","","",na,""
phase_017_subj_66,regular,296,17,unique_subject,1,0,0,0,无任务数据,Day1,absent_after_day1,第 1 次测试后未参加,not_applicable,未参加第 2 次测试,no_show,"","","",,,"",attendance_record,"",771→668 未参加第 2 次,0,"",01_raw/*.csv,"","","","","","",""
phase_017_subj_72,regular,323,17,unique_subject,1,1,0,0,IAT+ALT1,Day2,absent_after_day2_without_flag,第 2 次测试后未参加（无质量标记）,not_applicable,未参加第 3 次测试,no_show,"","","",,,"",attendance_record,"",668→589 失访,0,"",01_raw/*.csv,fail,"","","","",na,""
phase_017_subj_73,regular,325,17,unique_subject,1,1,1,0,IAT+ALT1+SRET+ALT2,Day3,absent_after_day3_with_flag,第 3 次测试后未参加（携带质量标记）,author_recorded,第 3 次测试未达标（SRET 再认正确率<0.55）且其后未参加第 4 次测试,SRET_recognition,整体再认,0.5125,>=0.55,160,0.5125,0.512,recomputed_from_raw,"",589→527 未参加（携带标记）,0,本行仅记录两项可核实事实：该个案触发了本次测试的任务质量判据，且未参加下一次测试；判据与实际到场之间是否存在其他判定环节，发布数据未记录，本库不作归因,analysis/analysis.Rmd:543-799,"",correct_answer_missing_in_batch_raw,pass,"","",na,na
phase_017_subj_74,regular,338,17,unique_subject,1,0,0,0,无任务数据,Day1,age_ineligible,年龄不符合纳入标准,paper_documented,年龄不符合纳入标准（0 岁）,age_ineligible,年龄（第 1 次测试筛查）,0,18-59,,0,"",screening_record,"",777→771 年龄核查,0,"",analysis/analysis.Rmd:327-339,"","","","","","",""
phase_017_subj_76,regular,341,17,unique_subject,1,1,0,0,IAT+ALT1,Day2,absent_after_day2_with_flag,第 2 次测试后未参加（携带质量标记）,recomputed_flag_only,第 2 次测试未达标（ALT1 条件正确率<0.60）且其后未参加第 3 次测试,ALT1_accuracy,square_match,0.1667,>=0.60,48,0.1667,"",recomputed_from_raw,"",668→589 未参加（携带标记）,0,本行仅记录两项可核实事实：该个案触发了本次测试的任务质量判据，且未参加下一次测试；判据与实际到场之间是否存在其他判定环节，发布数据未记录，本库不作归因,analysis/analysis.Rmd:447-507,"",correct_answer_missing_in_batch_raw,"","","",na,""
phase_017_subj_80,regular,355,17,unique_subject,1,0,0,0,无任务数据,Day1,absent_after_day1,第 1 次测试后未参加,not_applicable,未参加第 2 次测试,no_show,"","","",,,"",attendance_record,"",771→668 未参加第 2 次,0,"",01_raw/*.csv,"","","","","","",""
phase_017_subj_81,regular,357,17,unique_subject,1,1,0,0,IAT+ALT1,Day2,absent_after_day2_without_flag,第 2 次测试后未参加（无质量标记）,not_applicable,未参加第 3 次测试,no_show,"","","",,,"",attendance_record,"",668→589 失访,0,"",01_raw/*.csv,fail,"","","","",na,""
phase_017_subj_83,regular,366,17,unique_subject,1,1,1,0,IAT+ALT1+SRET+ALT2,Day3,absent_after_day3_with_flag,第 3 次测试后未参加（携带质量标记）,author_recorded,第 3 次测试未达标（SRET 再认正确率<0.55）且其后未参加第 4 次测试,SRET_recognition,整体再认,0.525,>=0.55,160,0.525,0.525; 0.311,recomputed_from_raw,"",589→527 未参加（携带标记）,0,本行仅记录两项可核实事实：该个案触发了本次测试的任务质量判据，且未参加下一次测试；判据与实际到场之间是否存在其他判定环节，发布数据未记录，本库不作归因,analysis/analysis.Rmd:543-799,fail,"",pass,"","",na,na
phase_017_subj_85,regular,367,17,unique_subject,1,1,0,0,IAT+ALT1,Day2,absent_after_day2_without_flag,第 2 次测试后未参加（无质量标记）,not_applicable,未参加第 3 次测试,no_show,"","","",,,"",attendance_record,"",668→589 失访,0,"",01_raw/*.csv,"",correct_answer_missing_in_batch_raw,"","","",na,""
phase_017_subj_88,regular,372,17,unique_subject,1,1,1,0,IAT+ALT1+SRET+ALT2,Day3,absent_after_day3_with_flag,第 3 次测试后未参加（携带质量标记）,author_recorded,第 3 次测试未达标（SRET 再认正确率<0.55）且其后未参加第 4 次测试,SRET_recognition,整体再认,0.5375,>=0.55,160,0.5375,0.537,recomputed_from_raw,"",589→527 未参加（携带标记）,0,本行仅记录两项可核实事实：该个案触发了本次测试的任务质量判据，且未参加下一次测试；判据与实际到场之间是否存在其他判定环节，发布数据未记录，本库不作归因,analysis/analysis.Rmd:543-799,fail,"",pass,"","",na,na
phase_017_subj_9,regular,47,17,unique_subject,1,0,0,0,无任务数据,Day1,age_ineligible,年龄不符合纳入标准,paper_documented,年龄不符合纳入标准（109 岁）,age_ineligible,年龄（第 1 次测试筛查）,109,18-59,,109,"",screening_record,"",777→771 年龄核查,0,"",analysis/analysis.Rmd:327-339,"","","","","","",""
phase_017_subj_92,regular,386,17,unique_subject,1,0,0,0,无任务数据,Day1,absent_after_day1,第 1 次测试后未参加,not_applicable,未参加第 2 次测试,no_show,"","","",,,"",attendance_record,"",771→668 未参加第 2 次,0,"",01_raw/*.csv,"","","","","","",""
phase_017_subj_96,regular,398,17,unique_subject,1,0,0,0,无任务数据,Day1,absent_after_day1,第 1 次测试后未参加,not_applicable,未参加第 2 次测试,no_show,"","","",,,"",attendance_record,"",771→668 未参加第 2 次,0,"",01_raw/*.csv,"","","","","","",""
phase_017_subj_98,regular,398,17,unique_subject,1,1,1,0,IAT+ALT1+SRET+ALT2,Day3,absent_after_day3_with_flag,第 3 次测试后未参加（携带质量标记）,author_recorded,第 3 次测试未达标（SRET 再认正确率<0.55）且其后未参加第 4 次测试,SRET_recognition,整体再认,0.5312,>=0.55,160,0.5312,0.531,recomputed_from_raw,"",589→527 未参加（携带标记）,0,本行仅记录两项可核实事实：该个案触发了本次测试的任务质量判据，且未参加下一次测试；判据与实际到场之间是否存在其他判定环节，发布数据未记录，本库不作归因,analysis/analysis.Rmd:543-799,"",correct_answer_missing_in_batch_raw,pass,"","",na,na
phase_018_subj_1,regular,24,18,unique_subject,1,0,0,0,无任务数据,Day1,absent_after_day1,第 1 次测试后未参加,not_applicable,未参加第 2 次测试,no_show,"","","",,,"",attendance_record,"",771→668 未参加第 2 次,0,"",01_raw/*.csv,"","","","","","",""
phase_018_subj_10,regular,103,18,unique_subject,1,0,0,0,无任务数据,Day1,absent_after_day1,第 1 次测试后未参加,not_applicable,未参加第 2 次测试,no_show,"","","",,,"",attendance_record,"",771→668 未参加第 2 次,0,"",01_raw/*.csv,"","","","","","",""
phase_018_subj_100,regular,658,18,unique_subject,1,1,0,0,IAT+ALT1,Day2,absent_after_day2_without_flag,第 2 次测试后未参加（无质量标记）,not_applicable,未参加第 3 次测试,no_show,"","","",,,"",attendance_record,"",668→589 失访,0,"",01_raw/*.csv,"",correct_answer_missing_in_batch_raw,"","","",na,""
phase_018_subj_102,regular,670,18,unique_subject,1,0,0,0,无任务数据,Day1,age_ineligible,年龄不符合纳入标准,paper_documented,年龄不符合纳入标准（71 岁）,age_ineligible,年龄（第 1 次测试筛查）,71,18-59,,71,"",screening_record,"",777→771 年龄核查,0,"",analysis/analysis.Rmd:327-339,"","","","","","",""
phase_018_subj_105,regular,684,18,unique_subject,1,0,0,0,无任务数据,Day1,absent_after_day1,第 1 次测试后未参加,not_applicable,未参加第 2 次测试,no_show,"","","",,,"",attendance_record,"",771→668 未参加第 2 次,0,"",01_raw/*.csv,"","","","","","",""
phase_018_subj_12,regular,112,18,unique_subject,1,0,0,0,无任务数据,Day1,absent_after_day1,第 1 次测试后未参加,not_applicable,未参加第 2 次测试,no_show,"","","",,,"",attendance_record,"",771→668 未参加第 2 次,0,"",01_raw/*.csv,"","","","","","",""
phase_018_subj_14,regular,112,18,unique_subject,1,1,1,0,IAT+ALT1+SRET+ALT2,Day3,absent_after_day3_with_flag,第 3 次测试后未参加（携带质量标记）,author_recorded,第 3 次测试未达标（SRET 再认正确率<0.55）且其后未参加第 4 次测试,SRET_recognition,整体再认,0.5312,>=0.55,160,0.5312,0.531,recomputed_from_raw,"",589→527 未参加（携带标记）,0,本行仅记录两项可核实事实：该个案触发了本次测试的任务质量判据，且未参加下一次测试；判据与实际到场之间是否存在其他判定环节，发布数据未记录，本库不作归因,analysis/analysis.Rmd:543-799,"",correct_answer_missing_in_batch_raw,fail,"","",na,na
phase_018_subj_18,regular,130,18,unique_subject,1,1,0,0,IAT+ALT1,Day2,absent_after_day2_without_flag,第 2 次测试后未参加（无质量标记）,not_applicable,未参加第 3 次测试,no_show,"","","",,,"",attendance_record,"",668→589 失访,0,"",01_raw/*.csv,"",correct_answer_missing_in_batch_raw,"","","",na,""
phase_018_subj_19,regular,137,18,unique_subject,1,0,0,0,无任务数据,Day1,absent_after_day1,第 1 次测试后未参加,not_applicable,未参加第 2 次测试,no_show,"","","",,,"",attendance_record,"",771→668 未参加第 2 次,0,"",01_raw/*.csv,"","","","","","",""
phase_018_subj_2,regular,34,18,unique_subject,1,0,0,0,无任务数据,Day1,absent_after_day1,第 1 次测试后未参加,not_applicable,未参加第 2 次测试,no_show,"","","",,,"",attendance_record,"",771→668 未参加第 2 次,0,"",01_raw/*.csv,"","","","","","",""
phase_018_subj_20,regular,139,18,unique_subject,1,0,0,0,无任务数据,Day1,absent_after_day1,第 1 次测试后未参加,not_applicable,未参加第 2 次测试,no_show,"","","",,,"",attendance_record,"",771→668 未参加第 2 次,0,"",01_raw/*.csv,"","","","","","",""
phase_018_subj_22,regular,144,18,unique_subject,1,0,0,0,无任务数据,Day1,absent_after_day1,第 1 次测试后未参加,not_applicable,未参加第 2 次测试,no_show,"","","",,,"",attendance_record,"",771→668 未参加第 2 次,0,"",01_raw/*.csv,"","","","","","",""
phase_018_subj_23,regular,155,18,unique_subject,1,1,1,0,IAT+ALT1+SRET+ALT2,Day3,absent_after_day3_with_flag,第 3 次测试后未参加（携带质量标记）,author_recorded,第 3 次测试未达标（SRET 再认正确率<0.55）且其后未参加第 4 次测试,SRET_recognition,整体再认,0.5188,>=0.55,160,0.5188,0.519,recomputed_from_raw,"",589→527 未参加（携带标记）,0,本行仅记录两项可核实事实：该个案触发了本次测试的任务质量判据，且未参加下一次测试；判据与实际到场之间是否存在其他判定环节，发布数据未记录，本库不作归因,analysis/analysis.Rmd:543-799,"",correct_answer_missing_in_batch_raw,fail,"","",na,na
phase_018_subj_24,regular,158,18,unique_subject,1,0,0,0,无任务数据,Day1,absent_after_day1,第 1 次测试后未参加,not_applicable,未参加第 2 次测试,no_show,"","","",,,"",attendance_record,"",771→668 未参加第 2 次,0,"",01_raw/*.csv,"","","","","","",""
phase_018_subj_25,regular,160,18,unique_subject,1,0,0,0,无任务数据,Day1,absent_after_day1,第 1 次测试后未参加,not_applicable,未参加第 2 次测试,no_show,"","","",,,"",attendance_record,"",771→668 未参加第 2 次,0,"",01_raw/*.csv,"","","","","","",""
phase_018_subj_27,regular,184,18,unique_subject,1,0,0,0,无任务数据,Day1,absent_after_day1,第 1 次测试后未参加,not_applicable,未参加第 2 次测试,no_show,"","","",,,"",attendance_record,"",771→668 未参加第 2 次,0,"",01_raw/*.csv,"","","","","","",""
phase_018_subj_29,regular,190,18,unique_subject,1,1,1,0,IAT+ALT1+SRET+ALT2,Day3,absent_after_day3_with_flag,第 3 次测试后未参加（携带质量标记）,author_recorded,第 3 次测试未达标（SRET 再认正确率<0.55）且其后未参加第 4 次测试,SRET_recognition,整体再认,0.525,>=0.55,160,0.525,0.406; 0.526,recomputed_from_raw,"",589→527 未参加（携带标记）,0,本行仅记录两项可核实事实：该个案触发了本次测试的任务质量判据，且未参加下一次测试；判据与实际到场之间是否存在其他判定环节，发布数据未记录，本库不作归因,analysis/analysis.Rmd:543-799,fail,"",pass,"","",na,na
phase_018_subj_30,regular,230,18,unique_subject,1,0,0,0,无任务数据,Day1,absent_after_day1,第 1 次测试后未参加,not_applicable,未参加第 2 次测试,no_show,"","","",,,"",attendance_record,"",771→668 未参加第 2 次,0,"",01_raw/*.csv,"","","","","","",""
phase_018_subj_31,regular,233,18,unique_subject,1,1,0,0,IAT+ALT1,Day2,absent_after_day2_without_flag,第 2 次测试后未参加（无质量标记）,not_applicable,未参加第 3 次测试,no_show,"","","",,,"",attendance_record,"",668→589 失访,0,"",01_raw/*.csv,"",correct_answer_missing_in_batch_raw,"","","",na,""
phase_018_subj_32,regular,240,18,unique_subject,1,0,0,0,无任务数据,Day1,absent_after_day1,第 1 次测试后未参加,not_applicable,未参加第 2 次测试,no_show,"","","",,,"",attendance_record,"",771→668 未参加第 2 次,0,"",01_raw/*.csv,"","","","","","",""
phase_018_subj_35,regular,248,18,unique_subject,1,0,0,0,无任务数据,Day1,absent_after_day1,第 1 次测试后未参加,not_applicable,未参加第 2 次测试,no_show,"","","",,,"",attendance_record,"",771→668 未参加第 2 次,0,"",01_raw/*.csv,"","","","","","",""
phase_018_subj_37,regular,249,18,unique_subject,1,0,0,0,无任务数据,Day1,absent_after_day1,第 1 次测试后未参加,not_applicable,未参加第 2 次测试,no_show,"","","",,,"",attendance_record,"",771→668 未参加第 2 次,0,"",01_raw/*.csv,"","","","","","",""
phase_018_subj_39,regular,267,18,unique_subject,1,1,1,0,IAT+ALT1+SRET+ALT2,Day3,absent_after_day3_with_flag,第 3 次测试后未参加（携带质量标记）,author_recorded,第 3 次测试未达标（SRET 再认正确率<0.55）且其后未参加第 4 次测试,SRET_recognition,整体再认,0.4875,>=0.55,160,0.4875,0.487,recomputed_from_raw,"",589→527 未参加（携带标记）,0,本行仅记录两项可核实事实：该个案触发了本次测试的任务质量判据，且未参加下一次测试；判据与实际到场之间是否存在其他判定环节，发布数据未记录，本库不作归因,analysis/analysis.Rmd:543-799,"",correct_answer_missing_in_batch_raw,pass,"","",na,na
phase_018_subj_40,regular,271,18,unique_subject,1,0,0,0,无任务数据,Day1,absent_after_day1,第 1 次测试后未参加,not_applicable,未参加第 2 次测试,no_show,"","","",,,"",attendance_record,"",771→668 未参加第 2 次,0,"",01_raw/*.csv,"","","","","","",""
phase_018_subj_45,regular,308,18,unique_subject,1,1,0,0,IAT+ALT1,Day2,absent_after_day2_with_flag,第 2 次测试后未参加（携带质量标记）,recomputed_flag_only,第 2 次测试未达标（ALT1 条件正确率<0.60）且其后未参加第 3 次测试,ALT1_accuracy,trapezoid_match,0.5417,>=0.60,48,0.5417,"",recomputed_from_raw,"",668→589 未参加（携带标记）,0,本行仅记录两项可核实事实：该个案触发了本次测试的任务质量判据，且未参加下一次测试；判据与实际到场之间是否存在其他判定环节，发布数据未记录，本库不作归因,analysis/analysis.Rmd:447-507,"",correct_answer_missing_in_batch_raw,"","","",na,""
phase_018_subj_49,regular,323,18,unique_subject,1,0,0,0,无任务数据,Day1,absent_after_day1,第 1 次测试后未参加,not_applicable,未参加第 2 次测试,no_show,"","","",,,"",attendance_record,"",771→668 未参加第 2 次,0,"",01_raw/*.csv,"","","","","","",""
phase_018_subj_52,regular,338,18,unique_subject,1,0,0,0,无任务数据,Day1,absent_after_day1,第 1 次测试后未参加,not_applicable,未参加第 2 次测试,no_show,"","","",,,"",attendance_record,"",771→668 未参加第 2 次,0,"",01_raw/*.csv,"","","","","","",""
phase_018_subj_58,regular,385,18,unique_subject,1,0,0,0,无任务数据,Day1,absent_after_day1,第 1 次测试后未参加,not_applicable,未参加第 2 次测试,no_show,"","","",,,"",attendance_record,"",771→668 未参加第 2 次,0,"",01_raw/*.csv,"","","","","","",""
phase_018_subj_63,regular,423,18,unique_subject,1,0,0,0,无任务数据,Day1,absent_after_day1,第 1 次测试后未参加,not_applicable,未参加第 2 次测试,no_show,"","","",,,"",attendance_record,"",771→668 未参加第 2 次,0,"",01_raw/*.csv,"","","","","","",""
phase_018_subj_64,regular,428,18,unique_subject,1,1,0,0,IAT+ALT1,Day2,absent_after_day2_without_flag,第 2 次测试后未参加（无质量标记）,not_applicable,未参加第 3 次测试,no_show,"","","",,,"",attendance_record,"",668→589 失访,0,"",01_raw/*.csv,"",correct_answer_missing_in_batch_raw,"","","",na,""
phase_018_subj_66,regular,436,18,unique_subject,1,0,0,0,无任务数据,Day1,absent_after_day1,第 1 次测试后未参加,not_applicable,未参加第 2 次测试,no_show,"","","",,,"",attendance_record,"",771→668 未参加第 2 次,0,"",01_raw/*.csv,"","","","","","",""
phase_018_subj_67,regular,442,18,unique_subject,1,0,0,0,无任务数据,Day1,absent_after_day1,第 1 次测试后未参加,not_applicable,未参加第 2 次测试,no_show,"","","",,,"",attendance_record,"",771→668 未参加第 2 次,0,"",01_raw/*.csv,"","","","","","",""
phase_018_subj_68,regular,447,18,unique_subject,1,0,0,0,无任务数据,Day1,absent_after_day1,第 1 次测试后未参加,not_applicable,未参加第 2 次测试,no_show,"","","",,,"",attendance_record,"",771→668 未参加第 2 次,0,"",01_raw/*.csv,"","","","","","",""
phase_018_subj_7,regular,90,18,unique_subject,1,0,0,0,无任务数据,Day1,absent_after_day1,第 1 次测试后未参加,not_applicable,未参加第 2 次测试,no_show,"","","",,,"",attendance_record,"",771→668 未参加第 2 次,0,"",01_raw/*.csv,"","","","","","",""
phase_018_subj_83,regular,554,18,unique_subject,1,0,0,0,无任务数据,Day1,absent_after_day1,第 1 次测试后未参加,not_applicable,未参加第 2 次测试,no_show,"","","",,,"",attendance_record,"",771→668 未参加第 2 次,0,"",01_raw/*.csv,"","","","","","",""
phase_018_subj_84,regular,561,18,unique_subject,1,1,0,0,IAT+ALT1,Day2,absent_after_day2_with_flag,第 2 次测试后未参加（携带质量标记）,recomputed_flag_only,第 2 次测试未达标（ALT1 条件正确率<0.60）且其后未参加第 3 次测试,ALT1_accuracy,hexagon_match,0.3333,>=0.60,48,0.3333,"",recomputed_from_raw,"",668→589 未参加（携带标记）,0,本行仅记录两项可核实事实：该个案触发了本次测试的任务质量判据，且未参加下一次测试；判据与实际到场之间是否存在其他判定环节，发布数据未记录，本库不作归因,analysis/analysis.Rmd:447-507,"",correct_answer_missing_in_batch_raw,"","","",na,""
phase_018_subj_85,regular,567,18,unique_subject,1,0,0,0,无任务数据,Day1,absent_after_day1,第 1 次测试后未参加,not_applicable,未参加第 2 次测试,no_show,"","","",,,"",attendance_record,"",771→668 未参加第 2 次,0,"",01_raw/*.csv,"","","","","","",""
phase_018_subj_90,regular,596,18,unique_subject,1,0,0,0,无任务数据,Day1,absent_after_day1,第 1 次测试后未参加,not_applicable,未参加第 2 次测试,no_show,"","","",,,"",attendance_record,"",771→668 未参加第 2 次,0,"",01_raw/*.csv,"","","","","","",""
phase_018_subj_91,regular,601,18,unique_subject,1,0,0,0,无任务数据,Day1,absent_after_day1,第 1 次测试后未参加,not_applicable,未参加第 2 次测试,no_show,"","","",,,"",attendance_record,"",771→668 未参加第 2 次,0,"",01_raw/*.csv,"","","","","","",""
phase_018_subj_92,regular,611,18,unique_subject,1,0,0,0,无任务数据,Day1,absent_after_day1,第 1 次测试后未参加,not_applicable,未参加第 2 次测试,no_show,"","","",,,"",attendance_record,"",771→668 未参加第 2 次,0,"",01_raw/*.csv,"","","","","","",""
phase_018_subj_93,regular,615,18,unique_subject,1,0,0,0,无任务数据,Day1,absent_after_day1,第 1 次测试后未参加,not_applicable,未参加第 2 次测试,no_show,"","","",,,"",attendance_record,"",771→668 未参加第 2 次,0,"",01_raw/*.csv,"","","","","","",""
phase_018_subj_94,regular,618,18,unique_subject,1,1,0,0,IAT+ALT1,Day2,absent_after_day2_without_flag,第 2 次测试后未参加（无质量标记）,not_applicable,未参加第 3 次测试,no_show,"","","",,,"",attendance_record,"",668→589 失访,0,"",01_raw/*.csv,"",correct_answer_missing_in_batch_raw,"","","",na,""
phase_018_subj_95,regular,620,18,unique_subject,1,0,0,0,无任务数据,Day1,absent_after_day1,第 1 次测试后未参加,not_applicable,未参加第 2 次测试,no_show,"","","",,,"",attendance_record,"",771→668 未参加第 2 次,0,"",01_raw/*.csv,"","","","","","",""
phase_018_subj_96,regular,621,18,unique_subject,1,0,0,0,无任务数据,Day1,absent_after_day1,第 1 次测试后未参加,not_applicable,未参加第 2 次测试,no_show,"","","",,,"",attendance_record,"",771→668 未参加第 2 次,0,"",01_raw/*.csv,"","","","","","",""
phase_018_subj_99,regular,646,18,unique_subject,1,1,1,0,IAT+ALT1+SRET+ALT2,Day3,absent_after_day3_with_flag,第 3 次测试后未参加（携带质量标记）,author_recorded,第 3 次测试未达标（ALT2 条件正确率<0.20）且其后未参加第 4 次测试,ALT2_condition_accuracy,ability_self_match_negative,0.1875,>=0.20,48,0.1875,0.188,recomputed_from_raw,亦在第 2 次测试质量筛选中未达标（未阻止其继续参加）,589→527 未参加（携带标记）,0,本行仅记录两项可核实事实：该个案触发了本次测试的任务质量判据，且未参加下一次测试；判据与实际到场之间是否存在其他判定环节，发布数据未记录，本库不作归因,analysis/analysis.Rmd:543-799,"",correct_answer_missing_in_batch_raw,pass,"","",na,na
phase_019_subj_1,regular,16,19,unique_subject,1,1,0,0,IAT+ALT1,Day2,absent_after_day2_without_flag,第 2 次测试后未参加（无质量标记）,not_applicable,未参加第 3 次测试,no_show,"","","",,,"",attendance_record,"",668→589 失访,0,"",01_raw/*.csv,fail,"","","","",na,""
phase_019_subj_11,regular,123,19,unique_subject,1,0,0,0,无任务数据,Day1,absent_after_day1,第 1 次测试后未参加,not_applicable,未参加第 2 次测试,no_show,"","","",,,"",attendance_record,"",771→668 未参加第 2 次,0,"",01_raw/*.csv,"","","","","","",""
phase_019_subj_17,regular,171,19,unique_subject,1,1,0,0,IAT+ALT1,Day2,absent_after_day2_with_flag,第 2 次测试后未参加（携带质量标记）,recomputed_flag_only,第 2 次测试未达标（ALT1 条件正确率<0.60）且其后未参加第 3 次测试,ALT1_accuracy,diamond_match,0.375,>=0.60,48,0.375,"",recomputed_from_raw,"",668→589 未参加（携带标记）,0,本行仅记录两项可核实事实：该个案触发了本次测试的任务质量判据，且未参加下一次测试；判据与实际到场之间是否存在其他判定环节，发布数据未记录，本库不作归因,analysis/analysis.Rmd:447-507,fail,"","","","",na,""
phase_019_subj_24,regular,297,19,unique_subject,1,1,0,0,IAT+ALT1,Day2,absent_after_day2_with_flag,第 2 次测试后未参加（携带质量标记）,recomputed_flag_only,第 2 次测试未达标（ALT1 条件正确率<0.60）且其后未参加第 3 次测试,ALT1_accuracy,hexagon_match,0.4375,>=0.60,48,0.4375,"",recomputed_from_raw,"",668→589 未参加（携带标记）,0,本行仅记录两项可核实事实：该个案触发了本次测试的任务质量判据，且未参加下一次测试；判据与实际到场之间是否存在其他判定环节，发布数据未记录，本库不作归因,analysis/analysis.Rmd:447-507,fail,"","","","",na,""
phase_019_subj_28,regular,350,19,unique_subject,1,1,0,0,IAT+ALT1,Day2,absent_after_day2_with_flag,第 2 次测试后未参加（携带质量标记）,recomputed_flag_only,第 2 次测试未达标（IAT 短反应时占比>0.10）且其后未参加第 3 次测试,IAT_RT,ability · rt<=300 占比,0.9722,<=0.10,144,0.9722,"",recomputed_from_raw,"",668→589 未参加（携带标记）,0,本行仅记录两项可核实事实：该个案触发了本次测试的任务质量判据，且未参加下一次测试；判据与实际到场之间是否存在其他判定环节，发布数据未记录，本库不作归因,analysis/analysis.Rmd:447-507,fail,"","","","",na,""
phase_019_subj_29,regular,352,19,unique_subject,1,1,1,0,IAT+ALT1+SRET+ALT2,Day3,absent_after_day3_with_flag,第 3 次测试后未参加（携带质量标记）,author_recorded,第 3 次测试未达标（SRET 来源判断快反应占比>0.30）且其后未参加第 4 次测试,SRET_source_RT,来源判断 rt<200ms 占比,0.8861,<=0.30,79,0.8861,0.886,recomputed_from_raw,"",589→527 未参加（携带标记）,0,本行仅记录两项可核实事实：该个案触发了本次测试的任务质量判据，且未参加下一次测试；判据与实际到场之间是否存在其他判定环节，发布数据未记录，本库不作归因,analysis/analysis.Rmd:543-799,"",correct_answer_missing_in_batch_raw,pass,"","",na,na
phase_019_subj_3,regular,36,19,unique_subject,1,1,1,0,IAT+ALT1+SRET+ALT2,Day3,absent_after_day3_with_flag,第 3 次测试后未参加（携带质量标记）,author_recorded,第 3 次测试未达标（SRET 来源判断快反应占比>0.30）且其后未参加第 4 次测试,SRET_source_RT,来源判断 rt<200ms 占比,0.5588,<=0.30,102,0.5588,0.559,recomputed_from_raw,"",589→527 未参加（携带标记）,0,本行仅记录两项可核实事实：该个案触发了本次测试的任务质量判据，且未参加下一次测试；判据与实际到场之间是否存在其他判定环节，发布数据未记录，本库不作归因,analysis/analysis.Rmd:543-799,fail,"",pass,"","",na,na
phase_019_subj_32,regular,412,19,unique_subject,1,0,0,0,无任务数据,Day1,absent_after_day1,第 1 次测试后未参加,not_applicable,未参加第 2 次测试,no_show,"","","",,,"",attendance_record,"",771→668 未参加第 2 次,0,"",01_raw/*.csv,"","","","","","",""
phase_019_subj_36,regular,443,19,unique_subject,1,1,1,0,IAT+ALT1+SRET+ALT2,Day3,absent_after_day3_with_flag,第 3 次测试后未参加（携带质量标记）,author_recorded,第 3 次测试未达标（SRET 来源判断快反应占比>0.30）且其后未参加第 4 次测试,SRET_source_RT,来源判断 rt<200ms 占比,0.7647,<=0.30,102,0.7647,0.765,recomputed_from_raw,"",589→527 未参加（携带标记）,0,本行仅记录两项可核实事实：该个案触发了本次测试的任务质量判据，且未参加下一次测试；判据与实际到场之间是否存在其他判定环节，发布数据未记录，本库不作归因,analysis/analysis.Rmd:543-799,"",correct_answer_missing_in_batch_raw,pass,"","",na,na
phase_019_subj_37,regular,456,19,unique_subject,1,1,1,0,IAT+ALT1+SRET+ALT2,Day3,absent_after_day3_with_flag,第 3 次测试后未参加（携带质量标记）,author_recorded,第 3 次测试未达标（SRET 来源判断快反应占比>0.30）且其后未参加第 4 次测试,SRET_source_RT,来源判断 rt<200ms 占比,0.6813,<=0.30,91,0.6813,0.681,recomputed_from_raw,"",589→527 未参加（携带标记）,0,本行仅记录两项可核实事实：该个案触发了本次测试的任务质量判据，且未参加下一次测试；判据与实际到场之间是否存在其他判定环节，发布数据未记录，本库不作归因,analysis/analysis.Rmd:543-799,fail,"",pass,"","",na,na
phase_019_subj_38,regular,487,19,unique_subject,1,1,0,0,IAT+ALT1,Day2,absent_after_day2_with_flag,第 2 次测试后未参加（携带质量标记）,recomputed_flag_only,第 2 次测试未达标（ALT1 条件正确率<0.60）且其后未参加第 3 次测试,ALT1_accuracy,hexagon_match,0.375,>=0.60,48,0.375,"",recomputed_from_raw,"",668→589 未参加（携带标记）,0,本行仅记录两项可核实事实：该个案触发了本次测试的任务质量判据，且未参加下一次测试；判据与实际到场之间是否存在其他判定环节，发布数据未记录，本库不作归因,analysis/analysis.Rmd:447-507,fail,"","","","",na,""
phase_019_subj_44,regular,617,19,unique_subject,1,1,1,0,IAT+ALT1+SRET+ALT2,Day3,absent_after_day3_with_flag,第 3 次测试后未参加（携带质量标记）,author_recorded,第 3 次测试未达标（SRET 来源判断快反应占比>0.30）且其后未参加第 4 次测试,SRET_source_RT,来源判断 rt<200ms 占比,0.5913,<=0.30,115,0.5913,0.591,recomputed_from_raw,"",589→527 未参加（携带标记）,0,本行仅记录两项可核实事实：该个案触发了本次测试的任务质量判据，且未参加下一次测试；判据与实际到场之间是否存在其他判定环节，发布数据未记录，本库不作归因,analysis/analysis.Rmd:543-799,fail,"",pass,"","",na,na
phase_019_subj_5,regular,63,19,unique_subject,1,1,1,0,IAT+ALT1+SRET+ALT2,Day3,absent_after_day3_with_flag,第 3 次测试后未参加（携带质量标记）,author_recorded,第 3 次测试未达标（SRET 再认正确率<0.55）且其后未参加第 4 次测试,SRET_recognition,整体再认,0.5,>=0.55,160,0.5,0.5,recomputed_from_raw,"",589→527 未参加（携带标记）,0,本行仅记录两项可核实事实：该个案触发了本次测试的任务质量判据，且未参加下一次测试；判据与实际到场之间是否存在其他判定环节，发布数据未记录，本库不作归因,analysis/analysis.Rmd:543-799,fail,"",pass,"","",na,na
phase_019_subj_50,regular,646,19,unique_subject,1,1,1,0,IAT+ALT1+SRET+ALT2,Day3,absent_after_day3_with_flag,第 3 次测试后未参加（携带质量标记）,author_recorded,第 3 次测试未达标（ALT2 条件正确率<0.20）且其后未参加第 4 次测试,ALT2_condition_accuracy,moral_friend_match_negative,0.1875,>=0.20,48,0.1875,0.188,recomputed_from_raw,"",589→527 未参加（携带标记）,0,本行仅记录两项可核实事实：该个案触发了本次测试的任务质量判据，且未参加下一次测试；判据与实际到场之间是否存在其他判定环节，发布数据未记录，本库不作归因,analysis/analysis.Rmd:543-799,fail,"",pass,"","",na,na
phase_019_subj_51,regular,654,19,unique_subject,1,0,0,0,无任务数据,Day1,absent_after_day1,第 1 次测试后未参加,not_applicable,未参加第 2 次测试,no_show,"","","",,,"",attendance_record,"",771→668 未参加第 2 次,0,"",01_raw/*.csv,"","","","","","",""
phase_019_subj_52,regular,667,19,unique_subject,1,1,1,0,IAT+ALT1+SRET+ALT2,Day3,absent_after_day3_with_flag,第 3 次测试后未参加（携带质量标记）,author_recorded,第 3 次测试未达标（SRET 再认正确率<0.55）且其后未参加第 4 次测试,SRET_recognition,整体再认,0.5062,>=0.55,160,0.5062,0.506,recomputed_from_raw,"",589→527 未参加（携带标记）,0,本行仅记录两项可核实事实：该个案触发了本次测试的任务质量判据，且未参加下一次测试；判据与实际到场之间是否存在其他判定环节，发布数据未记录，本库不作归因,analysis/analysis.Rmd:543-799,"",correct_answer_missing_in_batch_raw,fail,"","",na,na
phase_019_subj_7,regular,73,19,unique_subject,1,0,0,0,无任务数据,Day1,absent_after_day1,第 1 次测试后未参加,not_applicable,未参加第 2 次测试,no_show,"","","",,,"",attendance_record,"",771→668 未参加第 2 次,0,"",01_raw/*.csv,"","","","","","",""
