stage_id,stage_order,stage_name,from_n,to_n,excluded_n,criterion,paper_n,recomputed_n,evidence_files,delta,delta_ids,resolution,status,note
1,1,年龄核查（纳入标准）,777,771,5,18<=年龄<=59,6,6,02_cleaned/questionnaires_day1_cleaned.csv,0,"",一致,match,""
2,2,第 1 次测试后未参加,771,668,104,无第 2 次测试问卷记录,103,104,02_cleaned/questionnaires_day2_cleaned.csv,1,phase_013_subj_30（年龄 60，未达标但随后仍完成全部测试）,本库实数 104 = 论文 103 + 1 名年龄未达标者仍续做,explained,""
3,3,第 2 次测试未达标（携带标记且未参加）,681,,36,ALT1 条件正确率<0.60 或 IAT 短反应时占比>0.10，且未参加第 3 次测试,46,46,01_raw/IAT_raw.csv + 01_raw/SMT_1_raw.csv,0,"",一致,match,""
4,4,第 2 次测试后未参加（无标记）,,589,43,未参加第 3 次测试且未触发上述判据,,43,02_cleaned/questionnaires_day3_cleaned.csv,,"",论文未单列该口径,recomputed_only,""
5,5,第 3 次测试未达标（携带标记且未参加）,603,,61,SRET 再认<0.55、来源快反应占比>0.30 或 ALT2 条件<0.20/领域<0.60，且未完成第 4 次测试,103,102,01_raw/SRET_raw.csv + 01_raw/questionnaires_day3_raw.zip,-1,"",ALT2 平台导出覆盖 589/603，复算 14（论文 15）,explained,""
6,6,第 3 次测试后未参加（无标记）,,527,1,未完成第 4 次测试且未触发上述判据,,1,02_cleaned/questionnaires_day10_cleaned.csv,,"",论文未单列该口径,recomputed_only,""
7,7,最终数据质量核查,527,503,24,3 次测试全勤后的质量核查（行为质量、数据缺失、其他原因）,24,24,02_cleaned/SMT_2_cleaned.zip + removed_subjects_legacy_content.csv,0,"",24 = 19（触发任务质量判据）+ 5（数据缺失/不可考）；若以同一判据统一处理，样本量应为 522,match,""
8,8,非流程记录,,,15,仅任务数据或无法对应被试的记录,,15,01_raw/IAT_raw.csv + 01_raw/SRET_raw.csv,,"",论文未单列该口径,recomputed_only,""
9,9,未达标但保留,503,,,最终样本内未达标但保留者,28,28,03_derived/positive_IAT.csv 等,0,另有 1 名年龄未达标但保留（phase_013_subj_30）,一致,match,""
10,10,任务级 IAT,681,,,rt<=300 占比>0.10,4,4,01_raw/IAT_raw.csv,0,"",一致,match,""
11,11,任务级 ALT1（SMT 几何版）,681,,,任一正式条件 acc<0.60,44,44,01_raw/SMT_1_raw.csv,0,"",一致,match,""
12,12,任务级 ALT2（SMT 自我参照版）,603,,,任一条件<0.20 或领域<0.60,15,14,01_raw/questionnaires_day3_raw.zip,-1,"",同上；覆盖 589/603,explained,""
13,13,任务级 SRET,602,,,再认<0.55 或来源 RT 占比>0.30,92,92,01_raw/SRET_raw.csv,0,"",一致,match,""
