ID,ParticipantID,flag_domain,flag_task,flag_criterion,condition_or_domain,observed_value,threshold,n_trials,evidence_file,recomputed_value,detected_at,in_released_503,paper_reported_total,strict_N_task_only,strict_N_all_criteria,note
phase_013_subj_30,640,inclusion_criterion,age,age_criterion,第 1 次测试（筛查）年龄核查,60,18-59,NA,02_cleaned/questionnaires_day1_cleaned.csv,60,第 1 次测试筛查（年龄核查）,1,28,475,474,""
phase_010_subj_13,445,task_quality,SRET,SRET_recognition,整体再认,0.5312,<0.55,160,01_raw/SRET_raw.csv,0.5312,第 3 次测试质量筛选,1,28,475,474,""
phase_014_subj_19,244,task_quality,ALT2;SRET,ALT2_condition_accuracy;SRET_recognition,ability_self_match_negative;整体再认,0.1458;0.5438,<0.20;<0.55,48;160,01_raw/questionnaires_day3_raw.zip;01_raw/SRET_raw.csv,0.1458;0.5438,第 3 次测试质量筛选,1,28,475,474,""
phase_014_subj_32,373,task_quality,SRET,SRET_recognition,整体再认,0.5438,<0.55,160,01_raw/SRET_raw.csv,0.5438,第 3 次测试质量筛选,1,28,475,474,""
phase_014_subj_34,381,task_quality,SRET,SRET_recognition,整体再认,0.525,<0.55,160,01_raw/SRET_raw.csv,0.525,第 3 次测试质量筛选,1,28,475,474,""
phase_015_subj_16,221,task_quality,SRET,SRET_recognition,整体再认,0.5188,<0.55,160,01_raw/SRET_raw.csv,0.5188,第 3 次测试质量筛选,1,28,475,474,""
phase_016_subj_25,173,task_quality,ALT1,ALT1_accuracy,trapezoid_nonmatch,0.5833,<0.60,48,01_raw/SMT_1_raw.csv,0.5833,第 2 次测试质量筛选,1,28,475,474,""
phase_016_subj_34,276,task_quality,ALT1,ALT1_accuracy,hexagon_nonmatch,0.5833,<0.60,48,01_raw/SMT_1_raw.csv,0.5833,第 2 次测试质量筛选,1,28,475,474,""
phase_016_subj_4,27,task_quality,ALT1;SRET,ALT1_accuracy;SRET_recognition,trapezoid_match;整体再认,0.5625;0.525,<0.60;<0.55,48;160,01_raw/SMT_1_raw.csv;01_raw/SRET_raw.csv,0.5625;0.525,第 2 次测试质量筛选,1,28,475,474,""
phase_016_subj_59,463,task_quality,ALT2,ALT2_domain_accuracy,ability,0.5964,<0.60,384,01_raw/questionnaires_day3_raw.zip,0.5964,第 3 次测试质量筛选,1,28,475,474,""
phase_016_subj_69,600,task_quality,SRET,SRET_recognition,整体再认,0.5375,<0.55,160,01_raw/SRET_raw.csv,0.5375,第 3 次测试质量筛选,1,28,475,474,""
phase_016_subj_79,667,task_quality,SRET,SRET_recognition,整体再认,0.5438,<0.55,160,01_raw/SRET_raw.csv,0.5438,第 3 次测试质量筛选,1,28,475,474,""
phase_017_subj_10,51,task_quality,ALT1,ALT1_accuracy,diamond_match,0.5833,<0.60,48,01_raw/SMT_1_raw.csv,0.5833,第 2 次测试质量筛选,1,28,475,474,""
phase_017_subj_130,537,task_quality,SRET,SRET_recognition,整体再认,0.5375,<0.55,160,01_raw/SRET_raw.csv,0.5375,第 3 次测试质量筛选,1,28,475,474,""
phase_017_subj_136,547,task_quality,SRET,SRET_recognition,整体再认,0.5312,<0.55,160,01_raw/SRET_raw.csv,0.5312,第 3 次测试质量筛选,1,28,475,474,""
phase_017_subj_29,105,task_quality,SRET,SRET_recognition,整体再认,0.5312,<0.55,160,01_raw/SRET_raw.csv,0.5312,第 3 次测试质量筛选,1,28,475,474,""
phase_017_subj_5,32,task_quality,ALT1,ALT1_accuracy,hexagon_match,0.5208,<0.60,48,01_raw/SMT_1_raw.csv,0.5208,第 2 次测试质量筛选,1,28,475,474,""
phase_017_subj_68,304,task_quality,SRET,SRET_recognition,整体再认,0.5438,<0.55,160,01_raw/SRET_raw.csv,0.5438,第 3 次测试质量筛选,1,28,475,474,""
phase_017_subj_69,308,task_quality,ALT1,ALT1_accuracy,pentagon_match,0.5833,<0.60,48,01_raw/SMT_1_raw.csv,0.5833,第 2 次测试质量筛选,1,28,475,474,""
phase_018_subj_103,680,task_quality,SRET,SRET_recognition,整体再认,0.5438,<0.55,160,01_raw/SRET_raw.csv,0.5438,第 3 次测试质量筛选,1,28,475,474,""
phase_018_subj_104,683,task_quality,SRET,SRET_recognition,整体再认,0.5312,<0.55,160,01_raw/SRET_raw.csv,0.5312,第 3 次测试质量筛选,1,28,475,474,""
phase_018_subj_50,332,task_quality,SRET,SRET_source_RT,来源判断 rt<200ms 占比,0.3684,>0.30,76,01_raw/SRET_raw.csv,0.3684,第 3 次测试质量筛选,1,28,475,474,""
phase_018_subj_72,451,task_quality,SRET,SRET_recognition,整体再认,0.5438,<0.55,160,01_raw/SRET_raw.csv,0.5438,第 3 次测试质量筛选,1,28,475,474,""
phase_018_subj_80,524,task_quality,SRET,SRET_source_RT,来源判断 rt<200ms 占比,0.3723,>0.30,94,01_raw/SRET_raw.csv,0.3723,第 3 次测试质量筛选,1,28,475,474,""
phase_018_subj_89,584,task_quality,SRET,SRET_recognition,整体再认,0.5188,<0.55,160,01_raw/SRET_raw.csv,0.5188,第 3 次测试质量筛选,1,28,475,474,""
phase_019_subj_20,232,task_quality,ALT1,ALT1_accuracy,square_nonmatch,0.5833,<0.60,48,01_raw/SMT_1_raw.csv,0.5833,第 2 次测试质量筛选,1,28,475,474,""
phase_019_subj_40,524,task_quality,SRET,SRET_recognition,整体再认,0.5375,<0.55,160,01_raw/SRET_raw.csv,0.5375,第 3 次测试质量筛选,1,28,475,474,""
phase_019_subj_43,598,task_quality,ALT1,ALT1_accuracy,hexagon_match,0.5625,<0.60,48,01_raw/SMT_1_raw.csv,0.5625,第 2 次测试质量筛选,1,28,475,474,""
phase_020_subj_2,294,task_quality,SRET,SRET_source_RT,来源判断 rt<200ms 占比,0.3413,>0.30,126,01_raw/SRET_raw.csv,0.3413,第 3 次测试质量筛选,1,28,475,474,""
