ParticipantID,age,sex,fatherEdu,motherEdu,FatherOccupation,MotherOccupation,income,obj_ses1,fri_ses2,selfclarity_1,selfclarity_2,selfclarity_3,selfclarity_4,selfclarity_5,selfclarity_6,selfclarity_7,selfclarity_8,selfclarity_9,selfclarity_10,selfclarity_11,selfclarity_12,phq_1,phq_2,phq_3,phq_4,phq_5,phq_6,phq_7,phq_8,phq_9,gad_1,gad_2,gad_3,gad_4,gad_5,gad_6,gad_7,ID
671,20,1,4,3,4,2,15000,6,8,5,4,5,4,5,4,5,5,4,5,4,4,2,1,2,2,1,0,1,0,0,2,1,0,1,0,1,0,phase_003_subj_13
60,21,0,4,4,3,3,13000,6,7,5,4,5,4,4,5,4,5,4,5,4,5,2,1,2,1,0,0,0,0,0,2,1,0,0,0,1,0,phase_003_subj_2
470,48,0,4,4,2,0,8000,6,6,4,2,4,4,3,3,4,4,4,3,4,4,1,1,1,1,1,0,0,0,0,1,1,1,1,1,1,0,phase_003_subj_10
148,21,0,4,4,3,2,15000,6,6,5,5,5,5,5,5,5,5,5,5,5,5,0,0,0,0,0,0,0,0,0,0,0,0,0,0,0,0,phase_003_subj_4
216,21,0,4,4,3,2,15000,6,6,5,5,5,5,5,5,5,5,5,5,5,5,0,0,0,0,0,0,0,0,0,0,0,0,0,0,0,0,phase_003_subj_6
693,20,0,4,4,2,2,15000,5,5,4,3,2,4,4,5,2,4,2,2,2,4,1,1,2,2,0,2,1,1,0,1,2,3,2,2,1,1,phase_003_subj_15
584,37,1,3,3,4,2,12000,8,7,4,4,3,4,4,2,5,5,4,2,4,4,1,1,1,1,0,1,0,0,0,1,0,1,0,0,1,0,phase_003_subj_12
178,29,0,3,2,1,1,8000,2,1,3,5,3,2,1,3,2,5,5,3,4,4,2,3,3,3,2,3,2,2,2,3,3,2,3,2,3,2,phase_003_subj_5
396,21,0,3,3,2,2,8000,2,2,4,3,3,2,3,4,3,3,3,2,3,3,1,1,1,2,1,1,0,1,0,1,1,1,2,1,1,1,phase_003_subj_8
251,30,0,2,2,0,0,6000,3,3,4,4,2,2,4,4,3,4,4,2,4,3,1,1,1,1,0,1,1,1,0,1,1,2,1,1,1,2,phase_003_subj_7
403,22,0,4,4,2,2,10000,4,5,4,4,1,2,2,2,2,1,2,4,4,4,1,1,0,1,0,2,1,1,0,2,3,2,1,2,1,1,phase_003_subj_9
60,18,0,2,4,2,1,7000,4,5,2,1,1,1,5,4,5,1,1,2,5,2,2,1,3,2,1,3,2,3,0,2,2,3,3,3,1,0,phase_003_subj_3
569,23,1,2,2,2,1,20000,4,4,4,2,3,2,4,4,2,2,2,1,2,2,1,1,1,1,1,1,1,0,0,1,1,1,1,1,1,1,phase_003_subj_11
49,36,1,2,3,0,2,5000,4,4,5,4,3,4,4,4,3,4,4,4,4,4,0,0,0,0,0,0,0,0,0,0,0,0,1,1,0,0,phase_003_subj_1
681,40,1,4,1,1,0,8000,5,6,4,1,1,2,5,5,5,3,2,1,4,2,2,1,2,2,1,0,2,1,0,1,2,2,2,1,3,0,phase_003_subj_14
37,21,1,4,4,3,2,15000,6,6,5,5,5,5,5,5,5,5,5,5,5,5,0,0,0,0,0,0,0,0,0,0,0,0,0,0,0,0,phase_004_subj_1
498,20,1,4,4,3,2,15000,7,7,5,5,5,5,5,5,5,5,5,5,5,5,0,0,0,0,0,0,0,0,0,0,0,0,0,0,0,0,phase_004_subj_15
433,22,0,4,4,2,2,10000,6,5,4,5,2,4,5,4,1,4,4,2,4,4,1,0,0,2,0,2,1,1,0,2,1,1,2,1,0,1,phase_004_subj_10
416,23,1,4,4,2,2,12000,7,7,2,1,2,4,4,4,1,2,2,4,4,5,1,2,1,2,0,1,2,1,0,1,0,1,2,1,1,2,phase_004_subj_9
670,33,0,4,4,2,2,20000,6,7,4,5,4,2,5,5,2,5,5,4,5,5,0,1,1,0,0,1,0,0,0,0,0,1,1,0,0,0,phase_004_subj_19
287,22,0,4,4,3,3,23000,6,4,5,5,2,4,5,5,2,5,5,5,5,5,0,0,1,1,1,0,0,0,0,1,0,0,0,1,0,0,phase_004_subj_6
225,24,0,4,4,2,2,13000,7,6,4,2,1,2,4,2,2,5,4,2,4,4,3,2,0,2,0,1,2,1,0,2,3,2,2,1,1,1,phase_004_subj_4
455,22,0,4,3,3,2,13000,4,5,4,5,5,4,5,4,4,5,5,4,4,4,1,2,2,1,1,0,1,0,0,2,1,0,0,0,1,0,phase_004_subj_12
355,20,0,4,4,3,2,16000,6,5,4,5,4,2,5,5,2,4,5,2,4,5,2,1,2,2,1,0,0,0,0,1,0,0,1,0,0,0,phase_004_subj_7
70,22,1,3,3,1,0,12000,4,3,4,5,4,5,5,4,4,5,4,4,4,5,2,2,1,1,0,0,0,0,0,1,0,0,1,0,0,0,phase_004_subj_2
524,20,0,4,4,4,3,15000,6,7,4,5,4,5,4,4,4,5,4,5,4,5,1,2,1,2,0,1,0,0,0,2,0,0,1,0,2,0,phase_004_subj_16
453,21,0,2,2,1,0,10000,3,2,4,5,4,2,5,4,4,4,4,3,4,4,2,2,1,3,2,1,1,1,0,2,1,1,1,0,2,1,phase_004_subj_11
467,25,1,3,2,0,0,4500,6,7,5,4,1,4,5,1,3,4,5,4,5,5,1,0,0,1,0,0,1,0,0,1,1,2,1,0,1,1,phase_004_subj_14
570,21,0,4,4,2,3,16000,5,4,5,5,4,4,5,4,2,5,5,4,5,5,0,0,1,1,0,0,1,0,0,1,0,0,0,1,0,0,phase_004_subj_17
462,27,0,4,3,2,2,13000,4,3,4,5,3,3,4,4,4,4,5,4,4,4,1,1,1,2,1,1,0,1,0,1,2,1,2,1,1,2,phase_004_subj_13
117,20,1,3,4,1,2,14000,4,4,4,5,3,3,4,4,4,5,4,2,4,4,1,2,0,1,1,1,0,0,0,1,1,2,2,1,2,1,phase_004_subj_3
667,21,0,4,4,3,2,25000,7,6,2,3,4,3,2,3,5,3,4,2,4,4,0,0,1,1,0,0,1,0,0,1,0,0,1,0,1,0,phase_004_subj_18
401,23,1,3,3,2,2,12000,3,3,4,4,2,3,3,5,4,4,5,3,4,3,1,1,0,1,1,0,0,1,0,1,1,2,1,1,2,1,phase_004_subj_8
686,23,0,3,4,1,1,9000,5,3,2,2,1,2,2,2,2,1,2,2,4,1,2,2,3,2,1,3,2,2,1,2,3,2,2,2,2,1,phase_004_subj_20
276,21,1,4,4,2,3,10000,6,5,2,3,3,2,3,2,3,2,2,1,2,1,1,1,1,2,0,1,1,0,0,0,0,0,1,0,0,0,phase_004_subj_5
21,25,1,3,1,0,0,4000,5,5,4,3,4,2,2,3,4,2,2,2,4,3,0,0,0,0,0,0,0,0,0,0,0,0,0,0,0,0,phase_005_subj_1
577,21,0,4,4,3,2,14000,4,5,5,4,5,5,4,5,4,5,4,4,4,5,1,2,2,1,1,0,0,0,0,2,0,1,2,0,1,0,phase_005_subj_14
566,25,0,4,4,2,2,10000,7,6,4,5,2,4,3,4,1,5,4,4,4,4,1,2,0,1,0,2,1,1,0,1,2,3,2,1,1,2,phase_005_subj_13
698,21,0,4,3,3,2,15600,3,5,4,5,5,4,5,4,4,5,5,4,5,4,2,1,2,2,1,0,1,0,0,2,0,0,1,0,0,0,phase_005_subj_20
266,21,0,4,4,3,2,15000,5,4,4,5,5,4,4,4,4,5,4,4,4,5,2,1,2,2,1,0,0,0,0,2,1,2,1,0,0,0,phase_005_subj_7
636,22,1,3,2,1,1,12000,5,5,4,2,3,2,2,2,2,2,2,2,3,2,1,1,0,0,0,1,1,1,0,1,1,1,1,1,1,1,phase_005_subj_15
208,32,1,3,3,1,1,9000,7,7,4,4,2,3,2,4,4,4,4,3,4,4,2,2,1,1,1,1,1,0,1,1,1,2,2,1,1,1,phase_005_subj_6
695,37,0,3,2,0,0,20000,5,5,4,3,5,5,3,4,4,5,2,4,5,5,1,0,1,0,0,0,0,0,0,0,0,0,1,0,0,0,phase_005_subj_19
448,32,1,3,4,2,2,16000,5,5,4,3,3,2,4,3,4,4,3,3,4,4,2,2,2,2,1,2,2,0,0,2,2,2,2,1,2,1,phase_005_subj_10
150,21,0,4,4,2,2,13000,4,3,5,5,4,4,3,5,4,4,5,2,4,4,1,1,0,1,1,2,0,0,0,1,2,1,1,2,1,1,phase_005_subj_4
271,20,0,2,2,1,1,4000,2,1,4,3,4,3,2,3,4,4,3,3,2,2,0,1,0,0,0,0,1,1,0,1,1,0,0,0,0,1,phase_005_subj_8
92,30,1,3,3,1,1,9500,7,7,4,4,2,3,3,4,4,4,4,3,4,4,1,1,1,2,1,1,1,0,1,1,1,2,2,1,1,1,phase_005_subj_3
411,27,0,4,2,1,1,20000,3,5,4,2,1,2,1,3,4,2,5,4,2,2,1,2,0,1,0,1,0,0,0,0,1,3,0,0,2,1,phase_005_subj_9
533,20,0,3,3,2,2,12000,3,3,4,5,3,3,3,5,4,4,5,3,4,4,1,1,2,1,1,2,0,0,0,1,2,1,1,2,1,1,phase_005_subj_12
649,23,1,2,2,1,0,3000,3,4,4,2,2,1,3,4,3,4,2,5,4,3,1,1,2,1,3,1,2,0,0,2,1,2,1,0,2,1,phase_005_subj_16
48,20,1,3,4,2,3,14000,4,4,4,4,2,3,3,4,3,4,4,2,4,4,1,2,1,1,2,1,0,0,0,1,2,2,1,1,2,1,phase_005_subj_2
503,23,1,3,4,3,4,20000,3,3,2,2,2,1,4,4,2,3,3,2,4,1,1,1,1,1,2,2,0,0,0,1,0,1,1,0,1,0,phase_005_subj_11
171,25,0,2,2,2,0,15000,4,4,5,5,2,3,5,4,2,5,5,2,2,4,1,1,1,1,1,1,0,0,0,1,1,0,1,0,1,1,phase_005_subj_5
666,22,1,4,4,2,2,18000,5,5,2,1,2,2,1,1,2,2,2,1,2,2,2,2,2,2,1,2,1,1,0,2,2,2,2,2,2,2,phase_005_subj_17
668,21,1,1,1,0,0,8000,4,3,4,5,2,3,2,5,4,4,5,3,4,4,0,1,1,0,0,0,0,0,0,1,0,0,0,0,0,0,phase_005_subj_18
447,27,0,2,2,0,0,15000,3,3,5,5,3,5,5,5,1,5,5,4,5,5,0,0,0,0,0,0,0,0,0,0,0,0,0,0,0,0,phase_006_subj_18
436,21,0,3,3,1,1,20000,5,5,4,5,5,4,4,4,4,5,4,5,4,4,1,0,0,1,1,0,0,0,0,1,0,0,1,0,0,0,phase_006_subj_15
479,22,0,4,4,2,2,10000,6,6,5,4,2,2,4,4,4,4,5,4,4,4,1,1,0,2,0,1,1,2,0,1,2,2,1,1,1,2,phase_006_subj_20
422,21,0,4,4,2,2,10000,6,6,4,5,2,4,4,5,2,5,4,2,5,4,1,0,0,1,0,1,2,1,0,1,2,2,1,0,0,1,phase_006_subj_13
425,23,0,4,4,3,3,15000,5,1,4,5,4,2,5,5,2,4,5,5,4,4,2,2,1,2,0,0,0,0,0,1,0,0,1,0,2,0,phase_006_subj_14
440,25,0,4,3,3,2,13800,4,5,5,4,5,5,4,4,5,5,4,5,5,4,2,1,1,0,0,0,1,0,0,2,1,0,1,0,0,0,phase_006_subj_16
358,32,1,4,4,2,2,18000,7,4,5,4,4,5,5,5,4,5,5,4,5,5,0,0,1,0,1,0,0,0,0,1,0,0,0,1,0,0,phase_006_subj_11
93,39,1,2,3,1,1,5000,3,2,5,2,4,1,3,4,4,4,4,2,4,1,2,1,1,2,1,0,2,1,0,1,1,2,2,1,1,1,phase_006_subj_3
312,23,1,3,2,2,1,10000,5,6,2,1,2,2,4,2,2,1,2,2,2,2,2,3,2,2,0,2,3,1,1,1,3,3,2,2,1,2,phase_006_subj_7
604,25,1,3,3,1,1,9500,7,7,4,4,3,3,4,4,5,4,4,4,4,4,1,1,0,1,0,0,1,0,1,1,1,1,1,0,1,1,phase_006_subj_24
536,47,0,3,3,1,1,10000,6,5,4,5,4,3,5,4,4,5,5,4,4,5,1,0,0,1,0,0,1,0,0,0,0,0,1,0,0,0,phase_006_subj_22
349,24,1,1,2,0,2,8000,3,3,2,2,3,2,1,2,3,4,4,1,3,1,0,0,0,0,1,1,2,0,0,3,1,1,2,0,1,2,phase_006_subj_10
14,21,0,4,4,1,1,14000,5,5,2,2,3,1,2,2,2,2,1,1,2,2,1,1,0,1,0,1,1,0,0,1,1,0,1,0,2,1,phase_006_subj_1
448,19,1,2,3,1,1,6000,3,2,4,2,3,2,1,3,2,2,2,1,3,2,1,1,0,1,0,2,1,0,0,1,2,2,1,0,1,2,phase_006_subj_19
446,30,1,2,2,1,1,8000,4,4,5,3,3,2,3,4,4,3,2,2,3,4,1,2,1,1,2,0,0,1,1,2,1,2,2,1,2,2,phase_006_subj_17
364,32,1,4,4,3,3,21000,7,6,5,5,4,5,5,5,4,5,4,4,5,5,1,0,0,0,1,0,0,0,0,0,0,0,1,0,1,0,phase_006_subj_12
319,22,1,3,2,1,2,20000,6,6,4,1,2,3,4,4,4,2,5,4,4,5,1,1,0,0,0,0,0,0,0,1,2,2,1,0,2,0,phase_006_subj_8
272,20,1,3,3,2,2,15000,5,5,4,2,2,3,2,2,4,3,4,1,4,3,1,1,0,1,0,1,0,0,0,1,0,1,2,0,1,0,phase_006_subj_5
609,21,1,2,2,0,0,10000,5,4,3,2,2,1,2,3,2,2,3,1,2,2,2,3,2,2,1,2,0,1,0,1,2,2,3,0,1,1,phase_006_subj_25
496,25,1,1,1,1,0,10000,4,1,4,4,4,2,5,4,5,4,4,2,4,4,1,1,2,1,0,1,1,0,0,1,1,1,0,0,1,1,phase_006_subj_21
112,25,1,2,3,0,1,3000,3,4,4,2,2,1,4,2,2,1,2,2,3,2,1,1,1,2,0,1,0,0,0,2,1,1,1,0,2,1,phase_006_subj_4
320,22,1,2,2,1,1,3500,4,3,4,5,3,3,2,3,4,3,4,3,3,2,2,1,2,1,2,1,1,1,0,2,2,2,1,1,1,1,phase_006_subj_9
274,26,1,2,2,1,0,9000,7,4,4,3,4,5,4,4,4,3,4,5,4,4,0,0,1,0,1,0,2,1,0,1,0,1,2,1,0,1,phase_006_subj_6
595,27,1,3,1,1,0,4000,2,3,4,3,4,2,2,5,4,4,4,2,4,4,1,0,0,3,1,1,0,0,0,1,0,1,1,0,0,0,phase_006_subj_23
90,24,1,3,2,2,1,18000,5,5,5,5,2,2,3,4,5,4,4,2,4,5,1,1,0,1,0,0,0,0,0,1,0,0,1,0,0,1,phase_006_subj_2
574,22,0,4,4,3,2,14000,4,5,4,5,5,4,5,4,4,5,4,5,4,4,2,1,1,2,1,0,0,0,0,2,0,0,1,0,1,0,phase_007_subj_17
170,21,0,1,1,1,2,12000,6,6,5,5,5,5,5,5,5,5,5,5,5,5,0,0,0,0,0,0,0,0,0,0,0,0,0,0,0,0,phase_007_subj_6
14,31,0,3,3,3,2,14000,5,6,5,5,5,5,5,5,4,5,5,4,5,5,0,0,0,0,0,0,0,0,0,0,0,0,0,0,0,0,phase_007_subj_1
221,21,0,4,3,4,3,16000,5,7,5,4,5,4,5,5,4,5,4,5,4,4,2,0,1,2,1,0,1,0,0,2,0,0,1,0,2,1,phase_007_subj_8
173,71,1,4,4,4,3,20000,6,6,4,4,2,4,4,4,4,4,5,2,5,4,1,0,0,1,0,0,0,0,0,0,1,1,1,0,0,0,phase_007_subj_7
397,21,1,1,3,1,2,12000,2,3,2,1,4,2,1,2,1,2,2,1,1,2,2,2,1,2,1,1,2,1,0,1,2,2,2,1,2,0,phase_007_subj_11
88,34,1,2,2,1,2,10000,4,5,4,4,4,4,4,4,4,4,4,4,4,4,1,1,1,1,1,1,1,1,0,1,1,1,1,0,1,1,phase_007_subj_4
601,23,0,4,4,3,3,15000,5,1,4,5,4,5,5,4,4,5,4,5,4,5,2,1,2,2,1,0,1,0,0,1,0,1,2,1,1,0,phase_007_subj_19
534,21,0,3,3,2,2,20000,7,7,2,1,1,1,1,1,1,1,1,2,5,2,3,2,3,3,2,2,2,2,1,3,3,3,3,2,3,2,phase_007_subj_16
490,21,0,1,1,0,0,8000,3,2,4,3,2,2,2,2,3,4,3,2,2,1,2,1,3,2,1,2,2,1,0,2,3,3,2,2,2,2,phase_007_subj_15
447,21,1,4,4,4,3,30000,7,5,4,3,3,3,2,4,2,3,2,2,4,4,1,0,0,1,0,0,0,0,0,0,0,0,0,0,0,0,phase_007_subj_13
456,31,1,2,1,1,0,10000,5,5,4,5,5,4,4,1,4,5,4,2,5,4,0,0,1,0,0,0,0,0,0,0,0,0,0,0,0,0,phase_007_subj_14
251,20,1,2,3,1,1,10000,4,4,4,2,1,2,4,4,4,4,4,2,4,2,1,0,0,1,1,0,0,0,0,0,0,1,0,0,0,0,phase_007_subj_9
587,22,1,3,2,3,2,15000,6,7,4,3,1,2,4,4,5,4,4,2,5,4,1,0,0,2,1,1,2,3,0,2,2,3,3,1,2,1,phase_007_subj_18
71,21,0,3,3,1,0,10000,5,5,3,2,3,2,4,4,2,2,2,2,5,2,1,0,2,2,0,0,2,1,0,1,2,2,3,1,1,1,phase_007_subj_2
279,30,1,3,3,2,2,15000,4,3,4,2,2,4,4,2,3,3,4,4,4,4,1,1,1,2,0,1,2,0,0,2,1,1,1,0,1,1,phase_007_subj_10
73,22,1,4,4,2,2,20000,4,6,3,4,2,1,4,4,5,4,5,4,5,2,0,1,0,1,1,1,0,0,1,2,0,1,1,0,1,0,phase_007_subj_3
148,20,1,1,1,1,0,6000,6,4,3,2,2,1,2,3,2,2,2,1,3,1,2,2,1,2,1,1,2,1,1,2,1,2,2,2,2,1,phase_007_subj_5
648,23,1,1,2,1,1,16000,5,2,4,3,3,2,4,3,5,4,4,2,4,3,1,1,1,2,0,1,0,0,0,2,1,2,1,0,1,1,phase_007_subj_21
639,21,0,2,1,1,1,5000,1,1,3,3,3,3,2,4,3,2,3,4,3,2,2,3,3,3,1,3,3,3,3,3,2,3,3,3,3,3,phase_007_subj_20
402,22,0,3,3,1,2,8500,3,3,4,4,3,3,3,4,4,4,5,2,4,3,1,2,1,1,1,2,0,0,0,1,2,1,1,2,1,1,phase_007_subj_12
361,23,0,2,2,3,2,13000,6,7,5,5,5,5,5,5,5,5,5,5,5,5,0,0,0,0,0,0,0,0,0,0,0,0,0,0,0,0,phase_008_subj_11
590,21,0,2,2,2,2,12000,5,5,5,5,5,5,5,5,5,5,5,5,5,5,0,0,0,0,0,0,0,0,0,0,0,0,0,0,0,0,phase_008_subj_17
630,20,0,3,2,3,2,12000,5,6,5,5,5,5,5,5,5,5,5,5,5,5,0,0,0,0,0,0,0,0,0,0,0,0,0,0,0,0,phase_008_subj_19
481,24,1,4,3,3,2,18000,7,5,4,4,2,5,3,4,5,3,4,2,4,5,0,0,1,0,1,0,1,1,0,1,0,0,0,0,1,0,phase_008_subj_15
203,36,0,1,1,1,1,7000,4,5,4,3,3,3,3,2,3,2,2,2,2,2,3,3,3,3,3,3,3,3,0,2,2,2,3,3,3,3,phase_008_subj_5
273,36,0,3,3,3,2,15000,8,8,5,5,5,5,5,5,5,5,5,5,5,5,0,0,0,0,0,0,0,0,0,0,0,0,0,0,0,0,phase_008_subj_8
470,21,0,2,2,2,0,10000,7,7,5,5,5,5,5,5,5,5,5,5,5,5,0,0,0,0,0,0,0,0,0,0,0,0,0,0,0,0,phase_008_subj_14
106,21,0,3,3,3,3,17000,6,7,5,5,5,5,5,5,5,5,5,5,5,5,0,0,0,0,0,0,0,0,0,0,0,0,0,0,0,0,phase_008_subj_1
154,24,1,4,3,3,3,20000,3,3,4,4,5,3,5,4,2,4,5,1,4,2,1,0,0,2,1,0,3,0,0,2,1,2,1,1,1,0,phase_008_subj_3
405,25,0,3,2,3,2,14000,6,8,5,5,5,5,5,5,5,5,5,5,5,5,0,0,0,0,0,0,0,0,0,0,0,0,0,0,0,0,phase_008_subj_12
139,20,1,3,3,2,3,10000,6,6,4,5,2,4,5,4,5,5,5,4,5,5,0,0,0,1,0,0,1,1,0,0,0,1,0,1,1,0,phase_008_subj_2
417,52,1,3,2,2,2,18000,7,7,4,2,2,4,2,5,4,2,4,4,4,4,0,0,0,1,0,0,0,0,0,0,1,1,0,0,0,0,phase_008_subj_13
176,22,1,2,1,1,1,12000,4,3,2,2,1,2,2,2,2,3,4,4,4,3,0,1,1,1,1,0,0,1,0,2,1,1,1,1,2,0,phase_008_subj_4
539,21,1,2,2,1,1,18000,5,5,4,3,4,2,4,4,4,4,4,4,4,5,0,1,1,1,0,0,0,0,0,1,0,0,0,0,1,0,phase_008_subj_16
618,27,1,2,2,1,1,17000,3,3,5,4,4,2,4,5,5,4,5,2,5,1,1,0,0,1,0,0,1,0,0,0,1,2,0,0,1,1,phase_008_subj_18
240,24,1,2,1,1,0,12000,4,3,3,1,2,2,1,3,2,1,2,1,3,1,1,2,1,1,2,1,0,1,1,2,1,1,2,2,1,2,phase_008_subj_6
651,19,1,3,2,2,1,7000,4,3,4,3,3,2,2,5,4,4,3,2,5,5,1,0,2,2,1,0,1,0,0,1,0,1,1,0,2,0,phase_008_subj_20
253,22,1,4,3,3,0,11000,3,4,4,5,1,4,5,5,4,4,5,4,4,5,0,0,0,1,0,0,0,0,0,0,0,1,0,0,0,0,phase_008_subj_7
336,40,0,3,1,0,0,4000,2,2,4,3,4,5,5,5,2,5,4,2,5,5,0,0,0,1,0,0,0,0,0,0,0,1,1,0,0,0,phase_008_subj_10
284,26,0,2,3,1,1,8000,4,3,3,4,5,2,5,5,5,4,4,4,4,4,3,3,2,3,1,2,2,0,3,0,0,1,1,0,0,1,phase_008_subj_9
65,20,0,2,2,3,2,15500,7,7,5,5,5,5,5,5,5,5,5,5,5,5,0,0,0,0,0,0,0,0,0,0,0,0,0,0,0,0,phase_009_subj_4
249,22,0,3,2,2,2,14000,6,6,5,5,5,5,5,5,5,5,5,5,5,5,0,0,0,0,0,0,0,0,0,0,0,0,0,0,0,0,phase_009_subj_11
498,22,0,3,3,3,2,13000,6,7,5,5,5,5,5,5,5,5,5,5,5,5,0,0,0,0,0,0,0,0,0,0,0,0,0,0,0,0,phase_009_subj_19
356,21,0,4,3,2,1,5000,4,3,4,2,1,2,2,2,2,2,2,1,4,2,2,0,0,1,0,0,1,0,0,1,0,0,0,0,1,0,phase_009_subj_13
235,39,0,3,2,1,1,12000,5,5,4,4,2,2,2,4,2,2,2,2,3,2,1,1,1,0,1,1,1,0,0,1,1,1,1,1,1,1,phase_009_subj_10
423,32,1,3,3,1,1,12000,7,7,4,4,3,3,4,4,5,4,4,3,4,3,1,1,1,2,1,1,2,0,1,1,2,1,1,1,1,1,phase_009_subj_16
442,23,0,3,3,1,0,11000,4,4,2,3,2,2,2,2,2,2,2,2,3,2,1,1,0,1,0,1,1,1,0,1,1,1,1,1,1,1,phase_009_subj_17
169,30,1,3,3,1,1,9000,7,7,3,4,3,3,4,4,5,4,4,3,4,3,2,1,1,1,1,1,1,0,1,1,2,1,1,0,1,1,phase_009_subj_9
523,21,0,2,2,2,2,12000,5,6,5,5,5,5,5,5,5,5,5,5,5,5,0,0,0,0,0,0,0,0,0,0,0,0,0,0,0,0,phase_009_subj_20
24,33,0,2,2,0,0,8000,6,5,4,3,2,2,4,4,2,3,3,2,4,4,0,1,0,1,0,0,1,0,0,1,0,0,0,0,1,0,phase_009_subj_3
137,26,0,2,2,1,0,18000,3,5,4,4,4,2,4,4,4,4,4,4,4,4,1,0,0,0,1,0,0,0,0,0,0,0,1,0,0,0,phase_009_subj_8
586,33,0,4,4,3,3,20000,8,7,5,4,3,4,4,4,2,4,4,3,4,4,0,1,0,1,0,0,1,1,0,1,0,0,0,0,0,0,phase_009_subj_21
15,22,1,2,1,2,1,15000,7,6,2,1,2,1,4,4,4,1,2,2,4,4,2,2,3,1,1,2,1,0,1,3,2,2,1,1,2,2,phase_009_subj_2
87,28,1,3,2,1,1,20000,5,5,4,4,2,2,4,4,4,4,4,4,4,4,1,1,1,1,2,1,0,0,0,1,0,0,1,1,1,0,phase_009_subj_5
11,23,1,4,4,3,2,20000,8,7,4,4,3,4,5,4,4,5,4,4,5,4,1,0,1,1,0,0,1,0,0,1,0,0,0,0,0,0,phase_009_subj_1
403,19,1,2,1,1,0,6000,5,4,5,4,5,5,4,4,4,5,4,4,5,4,1,0,0,1,0,0,0,0,0,1,0,0,0,0,1,0,phase_009_subj_15
313,23,0,4,4,2,2,30000,6,7,5,3,2,4,4,4,4,4,4,4,4,4,0,0,0,0,0,0,1,0,0,0,0,0,0,0,0,0,phase_009_subj_12
130,21,1,3,3,3,2,15000,7,6,4,4,1,2,4,4,4,4,4,2,2,2,0,1,1,2,1,1,0,0,0,1,1,1,2,0,2,1,phase_009_subj_7
628,21,1,2,2,1,1,6000,3,4,2,2,1,2,3,2,4,2,3,3,2,2,1,1,1,2,2,2,1,0,0,1,1,1,2,1,1,0,phase_009_subj_22
632,19,0,1,1,1,1,8000,5,4,2,1,2,2,1,3,2,2,1,3,4,2,2,3,1,1,2,2,1,0,1,2,3,3,2,3,3,1,phase_009_subj_23
378,22,0,2,1,0,0,10000,3,4,1,1,4,1,4,2,5,1,1,1,5,5,2,1,3,2,0,1,2,0,0,2,1,2,3,1,1,1,phase_009_subj_14
104,21,1,4,2,0,0,6000,3,2,2,2,1,1,4,1,2,2,1,1,2,1,2,3,3,2,2,3,2,2,0,1,2,2,1,1,3,0,phase_009_subj_6
484,21,0,2,2,2,2,8000,2,3,2,1,3,1,4,2,3,2,2,1,2,2,1,1,2,1,0,1,2,1,0,1,2,2,3,1,2,1,phase_009_subj_18
576,22,0,3,3,2,3,12000,6,7,5,5,5,5,5,5,5,5,5,5,5,5,0,0,0,0,0,0,0,0,0,0,0,0,0,0,0,0,phase_010_subj_19
576,24,0,2,2,2,2,11000,6,6,5,5,5,5,5,5,5,5,5,5,5,5,0,0,0,0,0,0,0,0,0,0,0,0,0,0,0,0,phase_010_subj_18
658,22,0,2,2,3,3,12000,6,7,5,5,5,5,5,5,5,5,5,5,5,5,0,0,0,0,0,0,0,0,0,0,0,0,0,0,0,0,phase_010_subj_23
268,21,0,3,2,3,2,13000,5,6,5,5,5,5,5,5,5,5,5,5,5,5,0,0,0,0,0,0,0,0,0,0,0,0,0,0,0,0,phase_010_subj_9
482,34,0,3,3,3,2,14000,6,6,5,5,5,5,5,5,5,5,5,5,5,5,0,0,0,0,0,0,0,0,0,0,0,0,0,0,0,0,phase_010_subj_15
700,35,0,3,2,2,2,13000,6,5,5,5,5,5,5,5,5,5,5,5,5,5,0,0,0,0,0,0,0,0,0,0,0,0,0,0,0,0,phase_010_subj_25
466,34,0,2,1,2,1,11500,5,6,5,5,5,5,5,5,5,5,5,5,5,5,0,0,0,0,0,0,0,0,0,0,0,0,0,0,0,0,phase_010_subj_14
140,22,1,4,4,3,3,16500,6,5,5,5,4,5,4,4,1,4,5,4,4,5,2,0,2,1,2,0,1,0,0,2,0,0,1,1,2,0,phase_010_subj_3
235,34,0,3,3,3,2,12000,8,7,5,5,5,5,5,5,5,5,5,5,5,5,0,0,0,0,0,0,0,0,0,0,0,0,0,0,0,0,phase_010_subj_6
257,19,0,3,3,2,2,10000,4,6,4,3,4,3,3,3,4,5,4,3,3,4,1,0,0,0,0,0,0,1,0,0,0,0,0,0,0,0,phase_010_subj_7
215,26,1,3,2,1,1,12000,5,4,4,4,2,4,2,4,2,4,4,2,4,4,1,0,1,1,0,0,1,0,0,1,1,0,1,1,1,0,phase_010_subj_5
637,23,0,3,3,2,0,13000,4,4,4,4,2,4,4,4,4,4,4,2,4,4,1,1,1,1,0,0,1,0,0,1,0,1,1,1,0,0,phase_010_subj_22
265,40,1,1,2,0,0,10000,3,4,3,4,5,2,4,2,3,4,4,2,3,5,2,1,2,1,1,0,0,1,0,1,0,0,1,0,1,0,phase_010_subj_8
610,27,1,3,2,2,2,15000,6,5,2,2,4,2,2,2,2,2,2,2,2,2,1,1,1,1,1,1,1,1,0,1,1,1,1,1,1,1,phase_010_subj_21
689,23,0,4,4,3,2,15000,4,3,5,4,5,5,4,4,5,4,5,4,4,4,2,1,2,1,0,0,0,0,0,2,0,0,1,1,2,0,phase_010_subj_24
27,33,1,2,2,1,1,6000,4,4,4,2,2,1,3,4,3,4,3,2,5,4,1,0,3,0,2,0,0,0,0,2,1,1,1,0,0,0,phase_010_subj_1
445,23,0,4,4,2,2,13000,7,7,4,5,2,4,4,5,2,4,4,4,4,4,2,1,1,1,0,1,2,1,0,1,2,2,2,1,1,2,phase_010_subj_13
137,32,1,3,3,1,1,10000,7,7,4,4,3,3,4,4,5,4,4,3,4,4,1,1,0,1,0,1,1,0,1,1,1,1,1,0,1,1,phase_010_subj_2
587,21,1,3,3,2,3,12000,5,5,5,3,4,3,2,3,2,4,3,2,4,4,1,0,2,1,0,0,1,0,0,1,0,0,1,0,1,0,phase_010_subj_20
403,20,1,3,3,2,0,9000,4,5,4,4,2,2,2,4,2,4,4,2,4,4,1,0,1,1,0,1,1,0,0,1,1,1,1,1,1,1,phase_010_subj_12
398,23,0,4,4,3,2,13800,5,4,4,5,5,4,5,4,4,5,4,5,4,4,2,0,1,2,0,0,1,0,0,2,0,0,1,0,2,0,phase_010_subj_11
504,21,0,2,2,2,1,8000,4,4,3,4,2,2,3,3,4,4,4,2,4,3,1,1,2,1,2,1,1,1,0,1,2,2,2,1,1,1,phase_010_subj_16
395,21,0,4,4,2,2,10000,6,6,4,4,2,4,4,4,2,4,5,4,4,4,1,1,0,1,0,1,1,1,0,1,2,2,1,1,1,2,phase_010_subj_10
538,19,1,3,3,1,0,10000,5,6,3,2,2,2,2,3,4,2,2,3,3,3,2,1,2,2,1,2,2,1,0,2,1,2,2,2,2,1,phase_010_subj_17
178,36,0,1,0,0,0,2000,1,1,3,3,3,4,3,2,3,4,3,4,4,4,1,1,2,1,2,1,1,2,2,2,2,2,2,2,2,1,phase_010_subj_4
569,21,0,2,2,2,2,11000,5,6,5,5,5,5,5,5,5,5,5,5,5,5,0,0,0,0,0,0,0,0,0,0,0,0,0,0,0,0,phase_011_subj_22
193,36,0,3,3,3,3,15000,6,7,5,5,5,5,5,5,5,5,5,5,5,5,0,0,0,0,0,0,0,0,0,0,0,0,0,0,0,0,phase_011_subj_3
308,33,0,4,3,3,1,21000,7,4,5,5,4,5,5,5,4,4,5,5,5,4,0,0,1,0,1,0,0,0,0,1,0,1,0,0,0,0,phase_011_subj_9
562,19,1,2,2,1,1,11000,4,4,4,3,2,3,3,4,5,3,3,4,3,2,2,2,1,2,0,0,2,1,0,2,1,2,1,1,2,0,phase_011_subj_21
291,21,0,3,2,2,2,12000,5,5,5,5,2,3,4,4,4,5,5,2,4,4,0,0,1,1,0,0,0,0,0,1,1,0,0,0,0,0,phase_011_subj_8
313,31,0,5,4,4,2,24000,8,6,5,4,4,5,5,5,5,5,4,5,5,4,1,0,1,0,1,0,0,0,0,0,2,1,1,0,0,0,phase_011_subj_10
697,23,1,3,3,2,2,16000,6,6,4,5,4,2,4,4,4,5,5,4,5,4,1,0,0,1,0,1,0,0,0,1,0,0,0,0,1,0,phase_011_subj_25
46,23,1,2,3,0,0,8000,6,6,5,4,2,2,4,4,1,4,5,5,5,4,1,0,0,1,1,0,0,0,0,0,0,0,0,0,0,0,phase_011_subj_1
541,21,1,3,3,2,2,13000,6,6,4,3,3,2,3,2,2,2,4,4,4,3,1,1,0,1,0,1,1,1,0,1,2,2,1,1,2,1,phase_011_subj_20
651,19,1,1,1,0,0,8000,4,4,4,2,3,2,3,4,3,4,2,3,2,2,1,2,1,2,1,2,1,0,0,1,0,1,2,1,2,1,phase_011_subj_24
272,25,1,3,2,0,0,8000,6,6,4,2,4,1,2,4,4,4,5,4,5,4,0,1,0,0,1,0,1,0,0,1,0,1,0,0,0,1,phase_011_subj_5
269,23,1,2,2,1,0,8000,6,3,2,4,4,2,2,5,2,4,2,4,4,2,1,0,0,0,1,1,0,0,0,0,0,1,0,0,1,0,phase_011_subj_4
461,22,1,2,1,2,1,20000,5,4,4,2,2,2,4,4,4,2,4,4,4,4,1,1,1,2,1,1,1,0,0,1,1,1,0,0,0,0,phase_011_subj_17
283,35,1,3,2,1,1,10000,5,5,5,5,4,3,4,4,2,4,4,4,3,4,1,1,2,2,1,1,1,1,1,1,1,2,1,1,1,1,phase_011_subj_7
375,33,0,2,2,2,0,10000,5,3,2,2,4,1,3,2,2,2,1,1,5,5,2,1,2,1,1,3,1,0,1,1,1,2,2,1,2,1,phase_011_subj_12
438,22,0,2,1,0,0,7000,4,4,4,5,4,3,4,4,2,5,4,4,4,3,1,0,1,1,2,1,1,1,0,1,1,0,1,1,0,1,phase_011_subj_13
275,22,1,3,3,1,2,9000,5,5,4,2,1,2,2,4,4,2,2,4,5,2,1,1,1,0,2,0,0,0,0,1,1,0,0,0,0,0,phase_011_subj_6
180,27,1,2,2,1,1,20000,5,4,4,4,4,3,3,4,2,4,3,4,4,3,1,1,0,1,0,1,1,0,1,1,1,1,1,1,1,1,phase_011_subj_2
649,25,0,2,2,1,1,15000,6,4,3,4,2,2,2,5,2,4,4,2,4,3,1,1,0,1,0,2,1,1,0,1,1,1,1,0,0,0,phase_011_subj_23
440,23,0,1,1,0,0,2000,3,3,4,3,4,3,4,3,3,2,2,1,3,3,2,1,2,1,1,2,1,1,2,1,1,1,1,1,1,2,phase_011_subj_14
529,22,1,2,1,1,0,12000,4,4,2,1,2,2,1,3,2,2,1,2,2,2,2,1,1,2,0,3,1,2,1,2,3,1,2,2,1,2,phase_011_subj_19
444,20,1,3,3,1,1,5000,6,6,2,2,2,2,2,4,2,2,2,2,4,2,1,1,1,0,1,1,0,0,0,1,1,1,1,0,1,0,phase_011_subj_15
446,22,1,1,2,0,0,4000,4,4,3,2,4,3,2,3,1,2,2,4,4,4,1,1,0,0,1,1,1,0,0,1,1,2,0,1,0,1,phase_011_subj_16
472,26,1,2,2,1,1,8000,5,3,3,3,3,3,3,4,3,3,3,3,4,2,1,1,1,1,1,1,1,1,0,1,1,1,1,1,1,0,phase_011_subj_18
359,19,0,2,2,1,1,000000000000000000000000000000000000000000000000000000000000000000000000000000000000000000000000000000000000000000000000000000000000000000000000000000000000000000000000000000000000000000000000000000000000000000000000000000000000000000000000000000000000000000000000000000000000000000000000000000000000000000000000000000000000000000000000000000000000000000000000000000000000000000000000000000000000000000000000000000000000000000000000000000000000000000000000000000000000000000000000000000000000000000000000000000000000000000000000000000000000000000000000000000000000000000000000000000000000000000000000000w0000w000000000000000000000000000000000000000000,4,4,4,2,2,1,2,4,2,2,3,2,4,2,2,1,1,2,2,2,2,2,2,1,2,2,1,1,2,2,phase_011_subj_11
345,24,1,3,1,4,0,8000,5,5,4,4,2,3,4,3,2,4,4,4,4,4,1,1,2,0,0,0,1,0,0,1,0,0,1,1,1,1,phase_012_subj_9
345,36,0,3,3,3,3,18000,7,8,5,5,5,5,5,5,5,5,5,5,5,5,0,0,0,0,0,0,0,0,0,0,0,0,0,0,0,0,phase_012_subj_8
451,21,0,4,4,2,2,14000,5,3,4,5,5,4,5,4,4,5,4,5,5,4,2,0,2,1,0,0,1,0,0,1,0,0,2,0,1,0,phase_012_subj_12
363,20,1,1,2,1,1,6000,5,4,4,2,2,2,2,4,2,2,1,3,2,3,2,2,0,2,1,1,1,1,1,2,2,2,2,1,2,2,phase_012_subj_10
690,22,0,3,3,2,2,8500,3,3,4,4,3,2,2,4,5,4,4,3,5,4,1,1,2,1,1,0,1,0,0,1,0,1,1,0,1,0,phase_012_subj_20
533,22,1,3,1,2,0,4000,4,5,4,2,2,4,4,4,4,2,4,2,4,1,1,1,2,1,1,1,2,0,0,1,1,1,0,0,1,2,phase_012_subj_16
131,23,1,2,3,1,3,30000,7,6,4,5,2,3,5,4,5,5,5,4,4,4,0,0,0,0,0,0,0,0,0,1,0,0,0,0,0,0,phase_012_subj_2
189,21,1,3,2,0,2,5000,6,3,5,4,1,2,4,2,3,4,5,2,4,4,0,0,0,0,0,0,0,0,0,0,0,0,0,0,0,0,phase_012_subj_5
399,20,1,1,1,1,1,15000,4,4,1,2,1,3,2,4,3,2,3,2,5,4,0,0,1,1,1,0,1,1,0,1,1,1,1,2,2,1,phase_012_subj_11
698,31,1,2,2,1,1,7000,6,6,4,3,2,3,4,4,4,4,4,4,4,4,1,1,1,1,0,0,0,0,0,1,1,1,1,1,1,1,phase_012_subj_21
551,24,1,2,2,1,1,10000,6,4,4,4,2,3,2,4,4,4,5,2,4,3,1,1,3,1,2,1,1,2,0,2,1,2,2,1,2,1,phase_012_subj_18
49,25,1,2,3,3,3,30000,6,7,3,2,1,4,5,4,2,3,5,4,4,4,2,3,1,3,3,1,1,1,0,3,3,3,3,1,2,2,phase_012_subj_1
514,26,0,2,1,1,0,12000,4,3,4,4,5,2,3,3,2,4,4,5,3,4,0,0,1,0,0,0,0,0,0,1,0,0,0,0,0,0,phase_012_subj_15
467,29,1,3,3,0,3,9000,4,4,4,4,3,3,5,5,5,4,4,5,5,5,0,0,0,1,1,0,0,1,0,1,0,0,1,0,1,0,phase_012_subj_13
501,28,1,2,2,2,2,15000,6,6,4,2,1,3,2,4,4,3,3,4,5,5,1,1,1,2,0,0,0,0,0,1,1,2,1,0,1,1,phase_012_subj_14
279,23,1,1,1,1,1,15000,4,4,3,2,1,3,1,4,5,3,4,1,4,3,1,1,2,1,2,1,1,0,0,2,1,1,1,0,1,0,phase_012_subj_7
542,23,1,3,3,2,2,16000,5,6,5,4,4,5,5,4,3,5,4,4,4,5,0,1,0,1,1,0,0,0,0,1,0,0,1,0,0,0,phase_012_subj_17
625,18,1,4,4,2,2,12000,5,5,2,2,2,1,3,2,2,1,2,2,2,2,1,2,3,2,1,2,3,3,1,2,2,2,2,2,1,0,phase_012_subj_19
167,21,0,2,2,1,1,15000,5,5,2,2,4,2,2,3,4,2,2,3,3,4,0,1,1,1,0,0,0,0,0,1,0,0,0,0,1,0,phase_012_subj_3
207,19,0,3,3,1,1,10000,3,3,4,4,2,4,5,4,4,5,4,4,4,4,1,1,2,1,1,2,0,0,0,1,1,2,2,1,1,1,phase_012_subj_6
175,24,0,3,3,1,2,4000,4,5,4,2,2,1,4,3,1,2,2,4,3,2,1,0,0,1,0,0,0,0,0,1,0,0,0,0,1,0,phase_012_subj_4
398,26,1,4,3,3,1,10000,4,5,4,3,4,3,4,3,2,3,3,3,3,2,1,1,0,1,1,0,2,1,0,2,1,2,1,2,2,3,phase_013_subj_17
145,46,0,3,3,2,1,8000,3,3,4,3,5,4,5,2,5,3,4,5,2,5,0,1,0,0,1,0,0,0,0,1,0,1,0,0,1,1,phase_013_subj_6
422,21,1,3,2,1,0,4000,4,5,4,4,2,2,5,5,3,4,4,4,4,4,1,1,0,1,0,0,0,0,0,1,0,1,1,1,1,1,phase_013_subj_19
330,23,0,2,2,2,2,14000,6,6,5,5,5,5,5,5,5,5,5,5,5,5,0,0,0,0,0,0,0,0,0,0,0,0,0,0,0,0,phase_013_subj_12
289,28,0,2,2,1,1,11000,5,6,5,5,5,5,5,5,5,5,5,5,5,5,0,0,0,0,0,0,0,0,0,0,0,0,0,0,0,0,phase_013_subj_9
357,34,0,3,2,2,2,12000,6,6,5,5,5,5,5,5,5,5,5,5,5,5,0,0,0,0,0,0,0,0,0,0,0,0,0,0,0,0,phase_013_subj_14
350,22,0,4,4,3,3,15800,6,1,5,4,5,4,5,4,5,5,4,5,4,5,2,1,2,2,0,0,0,0,0,1,0,0,1,1,2,0,phase_013_subj_13
467,36,0,3,3,3,3,18000,7,7,5,5,5,5,5,5,5,5,5,5,5,5,0,0,0,0,0,0,0,0,0,0,0,0,0,0,0,0,phase_013_subj_25
88,20,1,2,2,1,2,3000,4,3,5,2,4,4,5,5,4,2,5,3,4,4,0,1,1,0,2,1,1,0,0,0,1,1,0,0,1,0,phase_013_subj_2
522,21,1,2,1,1,1,6000,5,3,4,2,2,2,3,4,4,2,1,4,3,2,2,1,2,3,1,1,1,0,0,2,2,3,2,1,1,1,phase_013_subj_26
565,20,1,3,3,1,2,3000,2,3,3,2,2,2,3,2,2,3,2,2,5,2,2,1,2,1,1,2,1,0,0,1,0,1,1,1,2,2,phase_013_subj_28
415,28,0,2,2,2,1,12000,3,3,4,2,3,1,2,5,2,1,2,5,5,4,0,1,0,1,0,1,0,1,0,2,0,1,0,0,2,1,phase_013_subj_18
660,24,0,2,1,3,1,23000,5,6,4,5,2,4,5,4,4,5,5,2,5,4,1,0,1,0,1,0,1,0,0,1,0,0,1,0,0,0,phase_013_subj_31
132,26,1,1,1,2,2,28000,6,5,4,5,4,5,4,4,4,5,4,2,5,4,0,0,1,0,1,0,0,0,0,0,0,1,0,0,0,1,phase_013_subj_5
453,25,1,3,2,1,1,8000,4,4,4,2,2,1,1,4,2,1,2,4,4,4,1,0,3,3,1,0,1,1,0,2,1,2,1,2,2,1,phase_013_subj_24
696,20,1,3,3,1,1,7800,2,2,4,4,3,5,5,4,5,5,4,4,4,4,2,1,2,1,1,2,0,0,0,1,1,2,1,2,1,1,phase_013_subj_33
96,20,1,4,3,3,2,10000,5,6,4,2,2,3,3,2,3,2,3,1,3,2,2,2,1,2,1,0,1,0,0,3,3,2,2,1,1,1,phase_013_subj_3
358,23,1,3,1,4,2,24000,4,5,4,2,3,1,2,2,4,2,4,3,2,2,1,1,0,1,1,0,0,0,0,0,0,2,1,0,1,0,phase_013_subj_15
105,29,1,3,3,1,1,15000,2,3,4,4,1,2,4,2,3,4,4,2,3,2,1,1,1,1,0,1,1,2,0,2,1,1,2,1,2,1,phase_013_subj_4
267,31,1,3,3,1,1,16000,4,4,4,4,3,4,5,4,4,4,5,4,4,4,1,2,1,2,0,1,1,2,0,2,1,2,1,1,2,1,phase_013_subj_8
438,21,1,2,3,2,1,10000,4,5,5,4,5,5,4,5,4,5,4,4,4,5,1,0,1,1,0,1,0,1,0,1,0,0,1,0,1,0,phase_013_subj_21
393,22,1,2,3,2,2,12000,7,7,4,4,3,3,4,3,4,4,5,2,4,2,1,1,0,0,2,0,0,0,0,1,1,1,1,1,1,1,phase_013_subj_16
440,23,0,4,4,2,2,8500,3,1,4,4,3,4,4,4,5,5,4,4,4,4,1,2,1,2,1,1,0,0,0,1,2,1,1,2,2,1,phase_013_subj_23
640,60,1,4,4,2,2,18000,4,5,2,3,2,3,4,3,4,4,3,5,4,4,0,1,2,1,1,1,2,0,0,1,0,1,1,0,1,0,phase_013_subj_30
196,49,0,1,0,0,0,25000,6,6,4,5,5,5,4,5,1,4,5,2,4,5,0,0,3,2,0,1,2,2,0,0,1,3,2,2,2,1,phase_013_subj_7
673,20,0,4,3,2,1,12000,3,3,4,4,2,3,3,4,4,4,5,4,4,4,1,1,2,1,1,1,0,0,0,1,2,1,2,1,1,1,phase_013_subj_32
580,21,1,3,3,1,1,8000,2,2,5,4,2,4,4,4,4,5,5,4,4,4,1,2,1,1,2,1,0,0,0,1,1,2,2,1,1,1,phase_013_subj_29
311,22,0,3,4,1,2,14000,4,3,5,5,4,4,5,4,4,5,5,4,5,5,1,1,2,2,1,1,0,0,0,1,2,1,2,1,1,2,phase_013_subj_10
76,23,0,4,4,3,2,15000,6,5,4,5,5,4,5,4,4,5,5,4,5,5,2,1,2,1,0,0,1,0,0,2,0,0,1,1,2,0,phase_013_subj_1
439,22,0,3,2,2,0,11000,4,5,3,2,5,2,2,4,2,3,5,2,4,2,0,0,0,0,0,0,0,0,0,0,0,0,0,0,0,0,phase_013_subj_22
563,20,0,2,1,1,0,12000,4,4,3,2,1,2,3,2,2,1,2,3,2,2,2,2,1,1,2,1,1,2,0,1,2,2,3,1,2,1,phase_013_subj_27
325,22,1,2,2,1,1,7000,5,4,4,5,2,3,2,5,2,4,3,2,5,2,1,1,2,1,2,1,0,0,0,1,2,1,1,0,2,0,phase_013_subj_11
433,26,1,4,2,1,1,20000,7,7,3,1,4,2,3,4,4,1,2,1,4,4,2,0,3,1,1,2,2,1,0,0,1,1,1,1,2,2,phase_013_subj_20
129,19,1,3,2,1,0,10000,4,5,3,2,4,3,2,4,3,2,1,1,2,1,3,2,1,3,1,1,2,0,0,3,3,3,2,1,2,1,phase_014_subj_6
666,21,0,3,3,2,2,15000,4,4,4,4,4,3,2,3,4,4,4,3,4,4,1,1,1,1,1,1,0,0,0,1,1,1,1,0,1,0,phase_014_subj_56
338,22,0,3,3,3,3,9000,7,5,5,3,4,3,5,3,3,4,4,5,5,5,0,0,0,0,0,0,0,0,0,0,0,0,0,0,0,0,phase_014_subj_28
446,22,0,2,1,0,0,9000,4,4,5,5,2,2,5,4,5,5,5,4,4,4,1,1,2,1,1,1,1,0,0,1,0,0,1,0,0,0,phase_014_subj_42
452,23,0,3,2,1,0,10000,5,5,4,5,2,4,5,5,4,5,5,3,5,4,0,0,0,0,0,0,0,0,0,0,0,0,0,0,0,0,phase_014_subj_44
471,19,0,3,3,2,2,10000,2,2,3,3,3,2,3,3,2,4,3,2,4,2,1,1,1,2,1,1,1,1,0,1,1,2,1,1,1,1,phase_014_subj_46
686,19,0,2,2,0,0,4000,4,4,4,3,4,4,4,1,4,4,3,4,3,4,1,1,1,2,1,1,2,1,0,2,2,1,0,1,1,1,phase_014_subj_59
83,20,1,2,1,1,0,6000,2,2,3,2,2,1,2,2,2,2,2,2,2,2,3,1,2,3,2,2,1,1,1,2,2,3,1,1,2,1,phase_014_subj_4
159,21,1,2,2,1,0,6000,4,4,2,2,1,2,2,2,2,1,2,3,2,1,2,1,1,2,2,0,3,2,0,2,2,2,1,2,1,1,phase_014_subj_13
308,18,0,2,2,1,1,6000,4,3,2,1,3,2,2,1,3,2,2,1,1,2,1,2,3,2,2,1,2,2,0,3,2,3,3,2,2,1,phase_014_subj_25
621,23,1,4,4,4,3,18000,7,5,4,2,1,4,2,1,5,4,2,2,2,1,1,1,1,1,1,1,1,1,0,1,1,1,1,1,1,1,phase_014_subj_52
328,21,1,3,3,1,2,15000,6,4,4,5,2,4,5,5,5,4,5,2,5,4,1,1,2,1,0,0,0,0,0,1,1,1,0,0,1,1,phase_014_subj_27
281,21,1,3,3,2,2,12000,6,7,4,5,5,2,2,5,4,5,5,1,5,4,1,1,0,0,0,0,0,0,0,1,0,0,1,0,1,0,phase_014_subj_23
356,23,1,3,2,3,1,14000,6,7,4,3,4,5,5,4,4,2,4,3,5,4,0,0,1,1,0,0,0,0,0,0,0,0,0,0,0,0,phase_014_subj_29
524,19,1,4,4,2,3,25000,7,8,3,2,2,4,2,5,2,2,3,2,3,2,1,0,1,2,2,0,0,0,1,2,2,2,1,1,1,2,phase_014_subj_48
666,23,1,3,1,2,0,11000,3,2,2,2,3,1,4,2,1,2,4,1,2,1,2,1,1,2,2,2,3,1,1,3,2,2,2,1,2,1,phase_014_subj_55
696,20,1,3,3,3,2,12000,6,5,2,1,1,2,2,2,2,5,2,1,4,1,1,1,2,2,0,0,0,1,0,3,2,1,2,2,1,0,phase_014_subj_61
171,22,1,3,1,4,3,10000,5,6,4,3,3,2,4,4,4,4,4,3,4,3,1,1,0,0,0,0,0,0,0,1,0,1,0,0,0,0,phase_014_subj_14
388,84,0,3,3,1,1,10000,3,3,4,4,5,4,5,4,5,5,5,4,5,4,1,0,0,1,0,0,0,0,0,1,1,1,0,0,1,0,phase_014_subj_35
374,22,1,2,2,2,2,8000,3,3,4,4,2,4,4,4,2,4,4,2,4,4,1,0,1,0,0,1,1,0,0,1,0,0,1,0,1,1,phase_014_subj_33
141,23,0,4,4,2,2,18000,1,7,3,2,2,3,2,3,3,2,2,3,3,2,2,2,3,2,3,2,2,1,0,2,2,2,1,1,0,0,phase_014_subj_9
280,31,1,3,3,1,1,12000,8,8,2,1,2,3,2,3,2,3,2,1,4,1,0,1,0,1,0,1,0,0,1,0,1,0,1,0,1,0,phase_014_subj_22
581,28,1,3,3,1,1,15000,6,6,2,2,4,2,2,2,4,2,3,2,3,2,2,2,1,2,1,2,1,1,2,2,2,1,1,1,2,1,phase_014_subj_50
244,19,0,2,2,0,0,8000,3,3,3,2,1,2,1,2,2,1,2,4,3,2,2,2,3,2,3,2,1,2,3,3,2,2,3,2,3,3,phase_014_subj_19
451,25,1,1,2,1,0,10000,4,3,2,2,2,1,2,2,3,2,3,4,1,2,2,2,0,1,3,3,3,3,0,2,2,2,1,2,2,1,phase_014_subj_43
419,22,0,3,3,1,1,10000,5,5,3,2,4,2,4,4,4,2,4,3,4,2,1,1,2,1,1,1,0,2,1,1,1,2,2,1,2,1,phase_014_subj_40
416,25,0,3,2,1,1,15000,6,6,5,4,2,2,3,5,4,5,3,4,4,3,1,1,0,1,0,0,1,1,0,1,1,1,0,1,1,0,phase_014_subj_39
437,21,0,2,1,1,1,10000,5,5,3,2,3,3,3,4,3,2,3,2,4,2,2,1,2,2,1,1,2,1,0,1,2,1,1,1,1,1,phase_014_subj_41
413,21,0,3,3,2,2,10000,5,5,4,3,2,3,3,3,2,5,4,4,4,4,0,1,1,0,0,0,0,0,0,0,0,1,0,0,0,0,phase_014_subj_38
155,26,0,4,4,3,3,30000,6,6,4,3,4,3,2,2,4,5,4,4,4,4,1,0,1,2,0,0,1,0,0,1,0,0,1,0,1,0,phase_014_subj_12
373,19,0,4,3,2,2,10000,8,7,5,5,5,5,5,4,5,5,5,4,4,5,1,0,0,1,0,0,0,0,0,1,1,1,1,1,1,1,phase_014_subj_32
483,20,1,3,2,3,1,15000,5,6,2,1,2,2,1,4,1,2,5,4,1,4,0,0,1,1,0,1,0,1,1,0,1,0,0,1,1,0,phase_014_subj_47
217,19,1,2,2,1,0,6000,5,7,4,4,2,1,4,4,4,5,4,2,5,4,1,1,0,1,0,1,0,0,0,1,1,2,1,0,1,0,phase_014_subj_18
148,22,1,3,2,1,1,8000,6,3,4,1,2,2,2,2,3,2,2,2,3,2,2,2,1,2,0,1,0,0,0,1,1,1,0,0,0,0,phase_014_subj_11
266,36,1,4,4,3,3,30000,7,7,5,5,4,4,5,1,4,5,5,4,5,5,0,0,1,0,0,0,1,0,0,1,0,0,0,1,0,0,phase_014_subj_21
595,33,0,2,2,1,0,5000,6,6,4,3,2,2,3,4,2,3,3,2,4,3,2,1,1,1,2,0,1,2,0,1,0,1,2,1,1,0,phase_014_subj_51
195,24,0,1,1,1,1,12000,5,5,4,3,4,4,5,4,4,3,2,4,4,4,0,0,0,0,0,0,0,0,0,0,0,0,0,0,0,0,phase_014_subj_16
678,24,0,4,4,3,3,20000,7,7,5,5,4,5,5,5,4,5,5,5,5,4,0,0,1,0,0,0,1,0,0,0,0,0,0,0,0,0,phase_014_subj_58
141,32,1,4,4,3,2,30000,6,7,5,5,5,5,5,5,4,5,5,5,5,5,0,0,0,0,0,0,0,0,0,0,0,0,0,0,0,0,phase_014_subj_10
388,20,1,4,3,3,3,15000,6,3,3,1,1,1,5,5,5,1,2,3,5,4,0,1,0,0,0,0,1,0,0,1,1,1,0,0,1,2,phase_014_subj_36
693,19,1,3,3,3,3,15000,4,5,2,1,2,4,2,4,4,2,2,1,4,1,2,0,0,1,0,0,2,1,0,1,1,2,1,1,2,0,phase_014_subj_60
294,30,1,1,1,1,2,20000,9,8,4,5,2,4,5,4,2,5,5,4,4,5,0,2,1,1,0,1,1,0,0,2,1,1,0,1,1,1,phase_014_subj_24
67,20,0,3,2,2,1,10000,4,6,2,1,2,1,2,5,1,2,2,2,5,1,1,0,1,1,0,1,0,1,0,0,0,1,1,0,1,0,phase_014_subj_3
308,21,1,3,1,1,1,5000,7,3,4,3,2,2,4,4,2,4,4,2,5,2,2,1,2,2,2,2,1,1,1,2,2,2,2,1,2,2,phase_014_subj_26
211,21,0,2,2,0,2,6000,4,4,3,4,2,2,3,2,2,2,4,2,5,3,1,1,2,1,0,1,0,1,1,2,1,2,1,1,2,3,phase_014_subj_17
652,23,1,3,3,3,2,20000,6,6,4,4,4,3,4,4,4,4,4,5,4,4,1,1,1,1,1,0,1,1,0,2,1,2,1,1,1,1,phase_014_subj_53
672,21,0,3,2,2,1,15000,6,1,4,3,2,2,4,3,1,3,4,4,4,3,1,1,1,0,0,1,1,1,0,1,1,2,1,1,2,1,phase_014_subj_57
460,22,0,1,1,0,0,11000,4,4,5,4,3,2,2,5,2,4,4,2,5,2,1,0,2,1,3,0,1,1,0,1,1,1,2,1,2,1,phase_014_subj_45
362,27,1,4,3,1,1,10000,5,4,2,2,1,1,2,4,3,2,2,1,4,4,1,1,2,1,0,2,1,0,0,1,1,1,2,1,1,1,phase_014_subj_30
51,18,0,2,2,1,1,15000,7,6,4,2,2,1,3,2,2,3,3,2,2,2,2,1,2,3,1,1,3,2,1,2,1,2,2,3,2,2,phase_014_subj_1
131,20,1,3,1,1,1,8500,5,5,2,1,2,2,1,2,2,1,2,2,2,1,2,1,2,2,1,1,2,1,0,2,1,1,1,1,2,1,phase_014_subj_7
381,25,0,4,4,2,2,9000,5,5,4,3,4,4,3,2,3,3,2,2,4,4,1,0,0,0,0,0,2,2,1,1,1,2,2,1,2,2,phase_014_subj_34
664,21,1,2,1,1,1,8000,5,5,3,2,2,4,4,4,5,4,4,2,4,4,1,1,1,1,1,0,2,1,1,1,1,1,1,1,1,0,phase_014_subj_54
254,23,0,4,4,4,3,15000,8,7,2,4,2,3,2,5,4,4,3,2,4,5,0,0,1,2,1,0,1,0,0,0,1,1,2,0,1,0,phase_014_subj_20
391,21,1,3,4,0,4,20000,7,6,3,4,2,3,2,3,4,4,4,2,3,3,1,1,2,1,1,0,1,0,0,1,1,1,1,1,1,1,phase_014_subj_37
133,24,1,3,2,1,1,7000,3,2,5,4,4,4,3,4,4,4,3,2,4,3,1,1,0,1,1,1,1,0,0,0,0,1,0,0,1,0,phase_014_subj_8
372,21,1,2,2,1,0,5000,2,2,2,2,2,2,2,2,4,3,2,4,3,2,2,2,0,2,1,2,1,1,0,1,2,2,1,1,1,1,phase_014_subj_31
102,23,1,3,3,1,1,6000,4,4,4,5,2,1,3,5,5,5,1,2,5,2,0,1,1,1,0,0,1,1,0,1,0,0,0,0,1,0,phase_014_subj_5
51,24,1,4,4,2,0,3000,4,4,4,3,2,1,4,2,4,2,2,4,4,2,1,1,1,2,2,2,1,0,0,2,2,3,2,1,2,1,phase_014_subj_2
552,24,1,3,2,3,3,12000,5,5,4,2,2,2,2,3,3,2,3,2,3,2,1,1,1,2,2,0,1,1,0,1,1,2,1,1,1,0,phase_014_subj_49
193,26,1,4,4,1,3,20000,8,7,4,2,4,4,4,4,2,2,4,4,4,2,0,0,0,0,0,0,0,0,0,0,1,1,1,0,0,0,phase_014_subj_15
681,20,1,4,4,2,2,13000,6,5,4,4,3,3,5,4,4,4,3,5,5,4,2,3,2,2,0,2,2,0,0,2,1,1,3,1,2,0,phase_015_subj_46
221,21,1,4,2,3,0,15000,5,5,4,5,4,3,4,5,5,5,4,5,4,4,2,3,3,2,0,2,2,0,0,3,1,1,2,2,1,1,phase_015_subj_16
79,34,0,2,0,1,1,20000,4,3,2,5,2,1,5,4,3,5,5,1,4,4,1,1,2,1,0,0,1,0,0,0,0,0,1,0,0,0,phase_015_subj_8
540,28,0,3,2,3,2,12000,6,7,5,5,5,5,5,5,5,5,5,5,5,5,0,0,0,0,0,0,0,0,0,0,0,0,0,0,0,0,phase_015_subj_32
404,35,0,3,3,3,3,14000,6,7,5,5,5,5,5,5,5,5,5,5,5,5,0,0,0,0,0,0,0,0,0,0,0,0,0,0,0,0,phase_015_subj_23
380,34,0,2,2,3,2,13000,5,6,5,5,5,5,5,5,5,5,5,5,5,5,0,0,0,0,0,0,0,0,0,0,0,0,0,0,0,0,phase_015_subj_22
591,35,0,2,2,2,2,14000,6,6,5,5,5,5,5,5,5,5,5,5,5,5,0,0,0,0,0,0,0,0,0,0,0,0,0,0,0,0,phase_015_subj_38
588,26,0,3,2,1,1,10000,4,4,3,2,3,2,2,3,2,3,3,3,2,3,2,2,1,1,1,1,1,2,1,2,2,2,1,1,2,2,phase_015_subj_37
562,22,0,1,1,1,1,4000,3,2,2,3,3,3,3,4,5,2,4,1,4,3,1,1,0,1,1,2,3,1,1,2,2,2,2,3,2,1,phase_015_subj_33
700,34,0,2,2,2,3,15000,6,7,5,5,5,5,5,5,5,5,5,5,5,5,0,0,0,0,0,0,0,0,0,0,0,0,0,0,0,0,phase_015_subj_49
624,21,1,2,3,1,0,8000,5,6,2,1,4,2,2,1,2,1,1,2,3,2,1,1,1,1,2,1,0,0,0,1,1,1,1,0,2,0,phase_015_subj_42
112,22,1,3,3,1,2,9000,4,6,4,5,2,3,4,4,4,5,4,4,4,4,1,1,1,1,2,0,1,0,0,1,0,1,1,0,1,0,phase_015_subj_12
18,25,0,2,2,1,1,15000,6,5,2,1,1,2,1,2,2,2,2,1,1,2,3,2,2,2,1,1,2,1,1,2,1,1,2,1,3,0,phase_015_subj_3
571,26,0,2,1,1,1,13000,5,5,2,2,1,1,2,2,2,2,1,1,2,1,2,1,2,2,1,2,2,1,1,2,1,2,2,1,2,0,phase_015_subj_35
592,23,1,2,3,2,2,7000,5,4,4,4,3,2,2,4,3,4,4,2,3,1,2,1,0,2,1,2,1,2,0,1,2,3,1,1,1,0,phase_015_subj_39
689,37,0,3,3,3,3,18000,7,7,5,5,5,5,5,5,5,5,5,5,5,5,0,0,0,0,0,0,0,0,0,0,0,0,0,0,0,0,phase_015_subj_47
322,24,1,1,1,0,0,3000,2,4,2,2,2,2,2,2,2,2,4,1,2,3,1,1,2,1,1,0,0,0,0,1,1,1,0,0,1,1,phase_015_subj_18
621,23,1,4,4,4,3,18000,7,5,4,2,1,4,2,1,5,4,2,2,2,1,1,1,1,1,1,1,1,1,0,1,1,1,1,1,1,1,phase_015_subj_41
507,33,0,3,3,1,1,8500,7,5,4,2,4,3,2,5,3,2,1,3,5,5,0,1,0,1,1,0,0,0,0,0,1,1,0,0,1,0,phase_015_subj_29
223,21,0,2,2,1,1,5000,5,5,3,4,4,4,4,4,2,4,4,3,4,4,1,1,1,1,1,0,1,0,0,1,1,1,1,1,1,1,phase_015_subj_17
25,20,1,2,2,2,2,15000,6,5,4,4,2,2,2,4,4,4,4,4,4,4,1,1,1,1,1,1,1,1,0,1,1,1,1,1,1,1,phase_015_subj_5
459,23,1,2,3,2,1,9000,6,3,5,4,1,5,4,4,5,4,5,4,5,5,1,1,0,1,0,0,1,0,0,1,0,1,1,0,1,0,phase_015_subj_28
89,22,1,2,2,1,0,10000,3,2,4,2,4,2,2,4,4,2,2,2,3,2,2,1,1,2,1,2,2,1,1,2,1,2,2,1,2,1,phase_015_subj_9
375,20,1,2,2,1,0,6500,4,4,4,5,2,1,4,5,4,5,4,5,5,4,1,0,0,1,0,0,0,0,0,0,0,1,2,0,0,0,phase_015_subj_21
458,23,1,2,2,2,2,21000,5,4,4,2,4,3,2,3,2,2,2,2,3,2,0,0,0,1,0,0,0,0,0,1,0,1,0,0,1,0,phase_015_subj_27
110,20,0,3,3,2,2,12000,5,5,3,5,5,3,2,3,5,4,4,5,4,5,1,0,1,0,0,0,0,0,0,0,0,0,0,0,1,0,phase_015_subj_11
448,41,0,4,3,3,2,20000,7,7,4,4,3,3,4,4,4,4,4,3,4,3,1,1,1,1,1,1,2,2,1,1,1,1,1,1,1,1,phase_015_subj_26
672,21,0,3,2,2,1,15000,6,1,4,3,2,2,4,3,1,3,4,4,4,3,1,1,1,0,0,1,1,1,0,1,1,2,1,1,2,1,phase_015_subj_45
6,31,0,3,3,1,1,7800,2,2,4,4,3,3,4,4,5,4,5,3,4,4,1,2,1,1,2,1,0,0,0,2,2,1,1,2,2,1,phase_015_subj_1
430,19,0,3,3,1,1,8000,3,1,5,5,4,5,4,4,4,4,5,5,4,4,2,2,1,2,1,1,0,0,0,1,2,1,1,2,1,2,phase_015_subj_25
76,35,1,3,3,2,2,20000,5,5,4,5,3,4,4,4,5,4,4,5,4,4,0,1,0,1,0,0,0,0,0,1,0,0,0,0,1,0,phase_015_subj_7
691,21,0,3,4,1,2,9000,3,3,4,5,4,5,4,4,5,4,4,5,5,4,1,1,2,2,1,2,0,0,0,2,1,2,1,1,2,2,phase_015_subj_48
575,18,0,4,4,1,1,10000,5,4,2,1,1,2,2,1,4,1,2,1,1,2,1,2,3,2,1,2,3,3,0,2,2,3,3,2,2,0,phase_015_subj_36
654,38,0,3,2,1,1,20000,3,3,4,4,2,2,4,3,1,4,4,3,2,2,1,1,2,2,1,1,2,0,0,1,2,1,2,0,1,1,phase_015_subj_43
67,21,0,3,3,1,1,5000,3,4,2,1,2,2,2,2,2,2,2,1,4,1,1,1,2,2,2,1,2,1,1,2,2,2,3,1,2,1,phase_015_subj_6
599,19,0,2,1,2,0,15000,5,6,2,2,1,3,2,2,2,2,3,1,2,2,2,2,3,3,2,3,2,2,1,2,3,3,2,3,3,1,phase_015_subj_40
322,21,1,2,1,2,0,15000,5,6,4,3,4,5,4,4,4,4,5,4,4,4,1,1,0,2,1,1,0,1,0,1,1,0,0,1,2,1,phase_015_subj_19
513,22,1,3,3,3,3,13000,6,5,4,2,2,1,3,2,2,2,4,2,4,1,0,0,0,1,0,0,0,0,0,0,0,0,0,0,0,0,phase_015_subj_30
664,21,1,2,1,1,1,8000,5,5,3,2,2,4,4,4,5,4,4,2,4,4,1,1,1,1,1,0,2,1,1,1,1,1,1,1,1,0,phase_015_subj_44
193,26,1,4,4,1,3,20000,8,7,4,2,4,4,4,4,2,2,4,4,4,2,0,0,0,0,0,0,0,0,0,0,1,1,1,0,0,0,phase_015_subj_14
126,21,1,3,3,0,1,7000,5,4,2,2,1,2,4,4,1,3,4,2,2,2,3,2,3,3,1,1,3,1,0,3,2,2,1,3,1,1,phase_015_subj_13
369,32,1,4,4,3,3,15000,2,3,3,4,2,2,1,2,4,3,4,2,2,2,3,2,0,3,3,2,1,0,0,1,2,3,1,0,2,2,phase_015_subj_20
12,20,1,4,4,3,3,12000,6,8,4,4,3,5,5,5,4,4,5,4,4,5,1,1,1,1,0,0,1,0,0,1,0,1,2,0,1,0,phase_015_subj_2
568,25,1,4,4,3,3,23000,5,5,4,5,3,4,4,4,5,4,4,5,4,4,1,0,0,1,1,0,0,0,0,1,0,0,0,0,1,0,phase_015_subj_34
103,23,0,2,1,1,0,12000,4,5,2,1,2,2,1,2,2,1,2,1,1,1,2,1,1,3,0,1,2,0,0,2,1,2,2,0,1,2,phase_015_subj_10
23,19,1,4,3,0,0,7000,2,5,4,3,2,3,4,4,1,3,4,4,4,4,1,1,0,1,0,0,0,0,0,1,0,0,0,0,1,0,phase_015_subj_4
526,23,1,2,2,0,0,8000,5,5,4,2,2,2,2,4,2,2,3,2,4,2,1,1,0,0,0,0,0,0,0,0,0,2,1,1,0,0,phase_015_subj_31
417,23,0,4,4,2,2,14000,4,4,4,4,2,4,5,4,4,4,5,4,5,4,1,1,2,2,1,2,0,0,0,1,2,1,2,1,1,2,phase_015_subj_24
201,26,0,4,4,2,2,30000,6,6,4,3,4,4,5,4,4,4,3,2,4,5,1,1,0,2,0,0,1,0,0,1,0,0,1,0,1,0,phase_015_subj_15
35,20,1,3,3,1,0,5000,6,7,4,5,4,2,4,4,3,5,4,4,4,2,1,0,1,0,0,1,1,0,0,1,1,0,0,0,0,0,phase_016_subj_6
447,35,0,1,0,1,0,14000,5,3,4,2,4,3,5,2,2,4,3,4,4,5,1,2,0,1,1,2,1,0,0,1,1,1,2,1,1,1,phase_016_subj_57
400,19,0,2,3,0,1,8000,4,4,4,3,4,1,3,1,4,3,1,3,2,3,1,0,1,2,1,2,3,1,2,2,1,0,1,2,1,3,phase_016_subj_50
306,19,0,2,2,1,1,10000,3,3,4,4,2,5,3,5,4,4,4,5,4,3,0,1,0,0,0,0,0,0,0,1,0,1,0,0,0,0,phase_016_subj_37
603,19,1,3,3,1,1,15000,5,4,3,2,2,3,4,4,4,4,3,1,4,2,0,1,2,1,1,0,0,1,0,0,1,1,0,1,1,2,phase_016_subj_70
30,20,0,3,3,2,2,8000,7,7,4,5,3,4,4,2,2,3,5,1,5,5,0,0,0,1,1,0,0,0,0,1,0,1,0,0,0,0,phase_016_subj_5
173,21,0,2,2,1,1,10000,4,4,5,4,4,5,5,5,5,4,5,5,5,5,0,0,0,0,0,0,0,0,0,0,0,0,0,0,0,0,phase_016_subj_24
651,21,1,2,1,1,1,15000,7,5,4,4,2,3,4,4,4,5,4,2,5,4,1,1,2,1,0,0,1,0,0,2,1,2,2,1,1,1,phase_016_subj_74
667,24,0,4,3,1,2,40000,7,8,5,5,4,5,4,4,4,5,5,3,4,5,0,0,0,0,0,1,0,0,0,0,1,0,0,0,1,0,phase_016_subj_79
407,19,1,3,3,1,1,10000,4,4,4,4,4,2,4,4,4,4,4,4,5,2,0,0,0,0,0,0,0,0,0,0,0,0,0,0,0,0,phase_016_subj_52
238,21,1,5,4,3,1,15000,6,5,2,3,2,2,2,3,2,2,2,2,3,1,2,2,3,3,1,1,2,2,1,2,1,2,2,2,2,1,phase_016_subj_31
11,21,1,2,2,1,1,4000,5,5,4,2,1,4,3,4,4,2,2,4,4,4,2,2,1,2,1,0,0,0,0,1,0,1,0,0,0,0,phase_016_subj_2
151,21,1,3,3,2,1,9000,5,4,4,4,2,2,2,5,2,4,4,1,4,2,1,1,0,1,0,0,0,0,0,1,0,0,0,0,1,0,phase_016_subj_20
592,20,0,2,2,1,1,9500,5,5,4,5,5,5,5,4,4,5,5,5,4,5,0,0,0,0,0,0,0,0,0,1,0,0,0,0,0,0,phase_016_subj_68
308,18,0,2,2,1,1,6000,4,3,2,1,3,2,2,1,3,2,2,1,1,2,1,2,3,2,2,1,2,2,0,3,2,3,3,2,2,1,phase_016_subj_39
110,22,0,4,4,3,3,16000,7,7,2,3,2,2,1,1,1,2,2,3,1,2,2,1,3,2,1,2,2,1,0,2,3,2,1,2,3,2,phase_016_subj_11
128,22,0,3,3,1,0,1000,3,3,5,4,3,3,4,3,2,3,2,4,3,2,1,2,3,2,0,1,0,3,0,1,2,0,2,2,3,1,phase_016_subj_15
336,23,1,3,3,2,2,10000,6,3,4,3,2,2,2,3,2,1,2,3,2,3,1,1,0,1,0,1,1,1,0,1,1,1,2,1,1,1,phase_016_subj_42
639,22,1,4,4,3,2,12000,4,5,4,3,2,2,2,3,1,2,3,4,4,2,2,1,3,2,1,1,2,2,0,2,1,2,2,1,2,2,phase_016_subj_72
386,21,0,4,3,2,1,7000,1,3,4,4,2,2,2,4,2,4,4,2,5,4,0,0,0,1,0,0,0,0,0,1,0,0,0,0,0,0,phase_016_subj_48
219,23,0,3,3,1,1,7000,2,2,5,3,2,2,3,2,1,3,4,4,3,1,1,0,2,1,0,3,0,0,0,2,0,1,1,0,0,2,phase_016_subj_29
140,19,1,1,2,1,0,15000,3,4,4,5,4,4,5,4,2,5,4,2,2,2,3,1,1,2,1,2,2,1,0,2,1,1,3,2,2,1,phase_016_subj_16
345,21,0,4,4,2,1,10000,3,4,4,3,2,3,1,4,2,1,3,2,3,1,1,2,1,2,2,3,1,2,0,1,2,2,1,2,1,0,phase_016_subj_43
348,22,1,2,2,1,1,9000,4,4,4,3,3,3,4,4,2,3,3,2,4,4,1,0,1,1,1,0,1,0,0,1,0,1,1,0,1,0,phase_016_subj_45
280,28,1,4,3,3,3,25000,7,7,1,2,2,1,2,2,3,1,2,3,2,2,1,1,2,1,0,0,1,0,0,1,1,2,2,1,1,0,phase_016_subj_35
600,45,1,2,2,1,1,12000,4,5,3,2,2,3,2,2,2,2,3,3,4,3,2,1,1,2,1,1,2,2,1,2,2,2,1,1,2,2,phase_016_subj_69
157,22,0,3,4,2,3,12000,7,6,4,4,2,4,4,4,3,4,2,4,4,3,1,1,0,1,0,0,1,0,0,1,0,2,1,1,0,2,phase_016_subj_22
120,19,0,3,3,1,1,10000,4,4,4,2,2,3,3,2,2,3,2,1,4,3,2,1,1,2,0,2,1,0,0,2,1,1,1,1,2,1,phase_016_subj_13
681,19,0,3,3,1,1,20000,7,7,5,4,4,4,4,4,4,4,4,4,4,4,1,0,0,0,0,0,0,0,0,1,0,0,0,0,0,0,phase_016_subj_82
390,19,1,4,3,2,1,16000,6,5,4,3,2,2,1,2,2,2,1,2,4,4,1,1,2,2,1,0,0,1,0,1,1,2,1,0,0,2,phase_016_subj_49
160,20,0,4,4,2,3,12000,6,5,5,4,3,3,2,3,1,4,4,3,4,4,1,1,0,2,0,1,0,0,0,2,1,1,1,0,0,1,phase_016_subj_23
451,25,1,1,2,1,0,10000,4,3,2,2,2,1,2,2,3,2,3,4,1,2,2,2,0,1,3,3,3,3,0,2,2,2,1,2,2,1,phase_016_subj_58
691,23,0,3,3,1,1,30000,6,5,2,4,2,3,3,4,2,3,4,3,4,4,1,1,1,1,0,1,0,1,0,1,0,1,1,1,1,1,phase_016_subj_83
669,30,1,3,2,2,0,20000,5,4,4,2,3,4,5,1,4,2,2,5,4,5,2,2,3,3,3,1,1,1,0,3,2,2,3,1,3,3,phase_016_subj_80
381,20,1,2,2,2,2,15000,6,6,4,2,1,3,3,4,4,3,3,4,5,5,1,1,1,2,0,0,0,0,0,1,1,2,1,0,1,1,phase_016_subj_47
182,22,1,3,3,3,2,12000,5,5,4,2,2,2,2,5,2,2,2,2,3,2,1,1,1,1,0,1,0,0,0,0,1,1,0,1,0,0,phase_016_subj_26
197,19,0,3,2,2,0,8000,3,3,3,2,3,2,3,4,3,2,2,3,2,2,2,3,2,2,3,2,2,1,1,1,2,2,1,2,2,2,phase_016_subj_28
274,33,1,2,2,2,2,10000,7,6,4,3,2,4,2,4,5,3,4,2,4,4,1,1,0,1,0,0,1,1,0,1,0,0,0,1,0,0,phase_016_subj_33
307,25,1,2,2,1,2,10000,5,4,4,5,4,2,2,5,4,4,5,2,5,5,1,1,2,1,0,0,1,1,0,1,1,2,1,0,1,0,phase_016_subj_38
99,23,1,2,2,1,1,8500,6,4,4,3,4,2,2,2,3,3,2,2,3,2,1,1,1,2,0,0,0,0,0,1,0,0,1,0,1,0,phase_016_subj_10
563,20,0,1,1,1,0,6500,4,3,3,2,3,2,1,4,2,3,2,4,4,2,2,1,2,2,0,1,3,2,0,2,1,1,3,2,1,1,phase_016_subj_65
63,23,1,3,1,1,1,30000,4,4,4,2,2,4,1,3,2,2,3,2,3,3,1,1,1,1,0,0,1,0,0,1,1,1,1,0,0,0,phase_016_subj_8
77,19,1,3,2,2,2,12000,5,4,2,4,2,2,2,4,2,4,4,2,3,2,1,1,0,1,0,0,0,0,0,1,1,1,0,0,0,1,phase_016_subj_9
444,20,0,3,3,1,1,10000,5,5,2,3,3,4,3,3,2,4,2,2,3,1,2,2,3,2,1,1,2,1,0,2,2,2,3,1,1,2,phase_016_subj_56
51,18,0,2,2,1,1,15000,7,6,4,2,2,1,3,2,2,3,3,2,2,2,2,1,2,3,1,1,3,2,1,2,1,2,2,3,2,2,phase_016_subj_7
12,21,1,2,2,1,1,8000,2,3,3,2,1,1,2,4,1,2,2,1,4,2,2,3,2,2,3,2,2,3,2,2,3,2,2,2,3,2,phase_016_subj_3
347,22,1,4,3,4,3,8000,4,8,3,2,2,2,5,1,3,3,5,2,2,1,3,2,3,3,0,1,1,2,0,2,2,2,1,0,1,1,phase_016_subj_44
672,18,1,2,1,1,0,4500,4,4,4,2,4,2,2,2,2,2,2,2,4,2,2,1,2,2,2,2,2,2,1,1,0,1,1,1,2,1,phase_016_subj_81
656,20,0,3,3,2,2,8500,6,4,4,3,2,5,2,3,4,4,5,3,4,5,0,0,2,1,1,0,0,0,0,1,1,1,1,0,2,1,phase_016_subj_77
185,22,1,3,3,1,2,15000,5,6,3,4,4,5,5,4,2,2,2,2,4,5,0,0,0,0,0,1,0,0,0,0,0,1,0,1,1,0,phase_016_subj_27
524,34,1,4,4,3,3,25000,7,7,5,4,4,5,5,4,4,5,5,5,5,4,1,0,1,2,1,0,1,1,0,0,0,1,2,2,1,0,phase_016_subj_61
304,33,1,4,3,2,2,20000,6,6,2,2,3,3,2,3,4,3,2,2,2,2,1,1,2,1,1,0,1,0,0,2,2,2,1,1,2,2,phase_016_subj_36
276,21,1,1,1,0,0,2000,1,2,1,3,3,1,3,4,3,4,4,2,4,3,3,3,3,3,2,3,1,2,2,3,2,2,3,2,3,1,phase_016_subj_34
419,20,1,3,3,2,2,12000,8,8,3,2,4,4,2,3,2,1,2,2,3,2,2,1,3,3,2,2,2,3,1,2,3,3,2,1,2,3,phase_016_subj_54
144,21,1,3,1,1,1,500,3,4,2,2,3,1,2,3,2,4,4,3,5,2,3,1,1,3,3,3,3,0,0,1,0,1,1,0,1,2,phase_016_subj_18
574,21,0,2,2,0,0,8000,3,4,2,2,3,3,2,4,2,2,1,1,2,2,2,2,3,3,3,1,3,2,2,3,3,3,3,3,3,2,phase_016_subj_66
146,23,0,3,1,1,1,10000,4,4,2,3,2,3,3,4,3,3,2,3,2,2,2,1,0,1,2,2,1,2,2,2,1,1,1,1,1,1,phase_016_subj_19
547,23,0,3,1,2,2,20000,5,5,3,3,3,4,3,3,3,4,3,3,2,3,2,2,2,2,1,2,1,2,2,2,1,1,1,1,2,1,phase_016_subj_63
157,20,0,3,4,3,3,15000,7,6,2,3,2,4,2,3,3,2,3,2,2,2,2,1,3,1,2,1,2,1,2,2,1,2,1,0,2,3,phase_016_subj_21
654,23,0,2,0,0,0,4000,1,1,4,4,2,2,4,4,4,4,2,4,4,2,1,2,1,2,1,3,1,0,2,1,1,2,1,1,1,1,phase_016_subj_75
368,22,1,2,2,1,1,8000,2,2,4,2,2,3,3,2,4,2,4,4,3,3,0,0,1,1,1,0,1,0,0,0,0,1,1,0,0,1,phase_016_subj_46
412,24,1,1,1,0,0,4000,2,3,3,2,3,4,4,3,3,4,4,1,3,1,1,1,2,2,0,1,0,0,0,1,1,2,3,1,1,0,phase_016_subj_53
27,20,0,2,2,0,0,20000,5,6,2,3,4,2,2,4,4,1,1,1,4,1,1,0,0,0,0,0,1,1,0,0,0,0,0,0,0,0,phase_016_subj_4
584,20,0,1,1,1,1,8000,3,3,3,2,2,3,2,3,2,1,2,3,2,1,1,1,2,1,1,2,3,0,1,2,3,2,2,2,3,2,phase_016_subj_67
463,22,1,4,4,3,3,25000,7,7,4,5,2,3,4,4,2,4,5,4,4,4,1,1,2,2,1,1,1,0,0,2,1,2,2,1,2,1,phase_016_subj_59
558,19,1,3,3,1,1,8000,4,4,4,2,3,3,2,4,3,2,4,2,3,2,1,1,2,1,0,0,2,1,0,1,1,0,1,1,1,0,phase_016_subj_64
430,19,1,2,2,0,0,3000,2,2,5,3,3,2,2,2,3,2,2,3,3,4,0,0,2,0,0,0,0,0,0,0,0,0,0,0,0,0,phase_016_subj_55
6,22,0,3,3,2,0,9000,3,2,3,1,3,5,5,5,4,4,3,4,5,3,2,2,2,2,0,2,3,1,1,2,0,0,0,0,2,0,phase_016_subj_1
403,19,0,4,3,3,2,15000,4,3,2,4,1,4,2,2,4,3,4,2,5,4,1,0,0,1,0,0,1,1,0,1,1,0,0,1,1,0,phase_016_subj_51
118,20,1,3,2,1,1,30000,5,4,3,2,2,3,1,5,4,3,4,3,5,4,2,1,0,2,2,0,0,0,1,1,0,0,0,0,1,0,phase_016_subj_12
122,22,1,4,4,2,2,23000,5,6,4,5,4,4,4,4,4,5,4,3,4,4,1,0,0,2,0,0,1,0,0,1,0,0,2,0,0,0,phase_016_subj_14
659,21,1,4,4,2,2,3000,3,3,4,3,2,2,2,4,4,4,4,3,4,3,1,1,1,1,0,0,1,1,0,1,1,1,1,1,2,0,phase_016_subj_78
647,19,1,1,1,0,0,130000,5,6,3,1,3,2,2,4,1,1,2,1,2,2,2,1,2,1,1,3,0,0,1,1,2,2,1,0,1,2,phase_016_subj_73
631,25,1,4,3,4,0,6000,3,4,4,4,4,3,4,4,4,4,4,4,4,4,0,1,0,0,0,1,1,0,0,1,1,1,1,0,1,1,phase_016_subj_71
220,20,0,4,3,2,2,15000,5,3,3,2,4,2,2,3,4,3,2,4,5,3,1,1,1,1,0,0,1,0,0,1,1,1,1,0,1,0,phase_016_subj_30
336,22,1,1,2,0,1,8000,4,3,4,3,2,3,3,5,5,4,5,1,1,3,1,0,0,2,1,0,3,0,0,0,0,0,0,0,0,0,phase_016_subj_41
656,20,0,1,1,2,2,5000,3,4,4,2,2,1,2,3,2,2,4,3,4,1,2,1,2,2,1,2,0,2,1,2,1,2,1,1,2,1,phase_016_subj_76
328,23,0,2,1,1,1,6000,4,4,4,4,3,3,2,5,4,5,5,1,4,4,2,0,1,2,0,1,2,1,0,1,1,2,2,1,1,2,phase_016_subj_40
509,20,1,3,3,2,2,8000,4,5,4,4,2,4,4,4,4,5,4,4,4,4,1,1,2,2,0,0,1,0,0,2,1,0,1,0,1,0,phase_016_subj_60
534,19,0,2,1,1,0,10000,4,4,2,4,2,2,4,3,2,3,3,3,3,2,1,1,2,2,3,1,2,1,0,1,1,2,1,1,2,2,phase_016_subj_62
140,22,1,4,4,4,3,18000,7,6,4,4,2,2,4,4,2,4,3,2,4,5,0,1,1,1,1,1,0,0,0,1,2,2,2,0,1,2,phase_016_subj_17
173,23,1,3,3,1,1,8000,3,2,3,2,4,3,3,2,4,3,2,4,3,2,2,3,3,3,3,3,1,1,1,2,2,3,3,2,3,3,phase_016_subj_25
263,21,1,3,2,2,2,19000,6,6,5,3,2,4,3,4,5,4,3,3,4,4,1,1,0,1,1,0,1,1,0,1,1,1,0,1,1,0,phase_016_subj_32
1,21,0,1,1,1,1,15000,5,5,4,4,3,4,5,4,3,4,4,4,4,2,1,1,1,1,0,0,1,0,0,1,1,1,2,1,1,0,phase_016_subj_84
2,24,0,2,3,1,1,10000,4,4,3,4,1,3,2,4,4,4,4,4,4,4,1,0,0,1,0,0,0,0,0,0,0,0,0,0,0,0,phase_016_subj_85
211,21,0,3,1,0,0,8000,5,4,4,4,3,2,3,2,2,3,3,3,4,3,3,2,2,2,2,2,2,2,2,2,3,3,3,3,3,2,phase_016_subj_86
671,24,0,2,2,0,0,2000,1,1,1,1,2,1,2,1,5,2,1,1,1,1,2,3,1,3,2,3,3,0,1,1,3,3,3,2,3,2,phase_017_subj_158
398,26,1,3,3,3,0,10000,5,5,2,1,3,2,2,2,2,1,2,2,2,1,3,2,2,3,1,2,2,1,0,2,2,3,2,1,1,0,phase_017_subj_96
80,24,0,4,3,4,0,25000,6,6,2,2,3,3,1,2,2,1,1,2,2,1,3,2,3,2,1,2,1,0,0,2,1,2,1,0,1,0,phase_017_subj_17
93,55,0,3,2,2,2,8000,4,3,1,2,4,2,2,2,3,2,2,1,2,2,1,2,1,2,1,2,1,1,0,1,2,1,1,1,2,1,phase_017_subj_25
186,28,1,3,3,2,2,9000,4,4,2,1,2,2,2,2,3,2,2,3,2,2,2,1,1,2,1,2,1,1,0,2,1,1,2,1,2,1,phase_017_subj_48
321,32,1,3,2,1,1,18000,4,4,4,3,3,2,3,4,3,3,4,3,3,3,1,0,0,0,0,0,0,0,0,0,0,1,0,0,0,0,phase_017_subj_70
466,21,1,2,2,1,1,5000,4,5,5,5,5,4,5,3,2,4,5,5,4,4,0,0,0,0,0,0,0,0,0,1,0,0,0,0,0,0,phase_017_subj_116
175,23,0,3,3,1,0,15000,4,4,4,4,3,3,4,3,2,2,2,3,4,4,0,0,1,0,0,0,1,0,0,0,1,1,1,0,0,0,phase_017_subj_45
368,23,0,3,3,1,2,11000,6,5,4,4,5,5,4,2,3,2,3,3,3,2,1,0,0,0,1,0,0,0,0,0,0,1,0,0,0,0,phase_017_subj_86
73,43,0,0,0,2,2,20000,6,7,2,1,4,1,1,4,1,1,4,1,1,1,3,2,3,3,2,3,1,3,0,3,3,2,3,3,2,3,phase_017_subj_15
394,24,1,2,1,0,0,8000,3,3,4,4,4,2,3,3,2,2,3,2,4,2,1,1,1,0,0,2,1,0,0,0,0,1,0,0,1,1,phase_017_subj_94
296,22,0,0,1,2,2,10000,4,4,2,1,2,1,1,2,2,1,2,2,1,2,3,2,3,3,3,2,3,3,1,3,2,2,3,2,3,3,phase_017_subj_65
648,22,0,3,3,2,2,11000,5,6,4,3,3,4,4,4,3,4,3,2,4,4,1,1,0,0,1,0,0,0,0,0,1,0,0,0,0,0,phase_017_subj_153
105,22,1,4,4,2,2,15000,6,7,3,4,4,2,3,3,3,4,4,3,4,3,0,0,0,1,1,0,0,0,0,0,1,0,0,0,0,0,phase_017_subj_29
483,24,1,3,3,3,0,13000,4,4,4,4,2,2,4,4,2,4,4,2,4,4,0,0,1,1,0,0,1,0,0,1,0,0,1,1,0,0,phase_017_subj_121
550,23,1,1,2,2,3,7000,5,6,5,5,2,5,5,3,5,5,5,5,3,5,0,0,0,0,0,0,0,0,0,0,0,0,0,0,0,0,phase_017_subj_137
85,24,0,1,1,0,0,4500,3,3,5,3,4,4,5,1,4,4,5,5,4,5,0,0,0,0,0,0,0,0,0,0,0,0,0,0,0,0,phase_017_subj_20
579,28,1,2,2,1,1,15000,3,4,4,4,3,3,4,3,4,4,4,3,4,4,0,0,1,0,0,0,0,0,0,1,0,1,0,0,0,0,phase_017_subj_142
96,27,0,2,2,1,0,12000,3,3,3,5,4,3,4,4,4,4,4,4,4,4,1,1,0,1,0,0,0,0,0,1,1,1,0,0,1,0,phase_017_subj_27
384,24,1,3,2,1,1,11000,5,5,4,5,5,3,4,4,3,5,5,4,5,4,0,0,1,0,1,1,1,0,0,1,0,0,1,0,1,0,phase_017_subj_91
649,23,0,3,2,1,1,10000,4,5,3,2,4,4,3,3,4,4,4,2,4,4,0,0,1,1,0,0,0,0,0,0,1,0,0,0,0,0,phase_017_subj_154
547,22,1,2,2,2,1,9000,4,3,4,5,2,1,4,4,5,4,4,4,4,4,1,1,2,1,1,1,1,0,0,1,1,2,1,0,1,1,phase_017_subj_136
192,23,0,4,4,3,2,16000,6,5,5,4,5,5,4,4,4,5,5,4,5,4,2,1,2,1,0,0,0,0,0,1,0,0,1,0,1,0,phase_017_subj_49
122,28,0,3,3,1,2,12000,5,5,5,4,2,5,3,5,1,2,1,3,4,2,0,0,1,0,0,0,1,0,0,1,0,1,1,0,0,1,phase_017_subj_33
448,24,0,4,4,3,3,18600,6,5,5,4,5,5,4,4,5,5,4,5,4,5,1,2,2,1,1,0,0,0,0,1,0,0,0,0,1,0,phase_017_subj_108
538,23,0,4,3,3,1,15000,5,3,5,4,5,5,4,4,5,4,5,5,4,4,1,2,1,1,0,0,0,0,0,1,0,0,0,0,2,0,phase_017_subj_132
353,23,0,4,4,3,3,18000,6,5,5,5,4,5,4,4,5,5,4,5,5,4,2,1,2,2,0,0,1,0,0,1,2,0,1,1,2,0,phase_017_subj_79
126,22,0,4,2,2,1,11000,6,4,4,4,2,2,4,4,4,5,4,2,4,5,1,1,0,1,0,0,0,0,0,1,0,0,0,0,1,0,phase_017_subj_36
139,25,0,3,3,2,0,9000,3,1,2,2,2,2,2,2,2,2,2,2,2,2,1,1,0,0,0,1,0,0,0,0,0,0,1,1,0,0,phase_017_subj_38
551,41,1,3,3,2,1,20000,5,5,4,4,4,3,4,4,4,4,4,3,4,4,1,0,0,1,0,0,0,0,0,1,0,0,0,1,0,0,phase_017_subj_138
27,23,0,4,4,3,3,12000,6,6,4,3,3,4,4,2,3,3,4,2,4,3,0,0,0,1,1,0,0,0,0,1,1,0,0,0,0,0,phase_017_subj_4
229,29,1,3,2,1,2,13000,4,4,4,4,2,2,4,4,4,4,4,2,4,4,1,0,0,0,1,0,1,0,0,1,0,0,1,0,0,0,phase_017_subj_54
169,29,1,3,3,2,1,12000,7,6,5,4,3,4,4,4,5,4,4,4,4,3,1,1,1,2,1,1,1,1,1,1,1,1,1,0,1,1,phase_017_subj_42
57,38,1,2,2,1,1,10000,3,3,4,4,4,3,4,4,4,4,5,4,3,4,0,0,0,0,0,0,0,0,0,1,0,0,0,0,0,0,phase_017_subj_11
175,22,0,4,4,3,2,15000,6,7,5,4,4,4,4,4,3,3,3,2,4,2,0,0,1,0,1,0,0,0,0,0,1,0,1,0,0,0,phase_017_subj_44
117,19,1,2,2,2,2,10000,3,2,2,3,2,3,3,2,3,2,3,4,3,2,2,1,1,1,2,1,1,2,1,1,2,1,0,1,1,1,phase_017_subj_31
443,19,0,2,2,1,1,10000,2,2,3,3,4,3,3,2,3,2,3,3,2,3,2,1,2,1,2,1,1,1,0,2,1,1,2,1,1,1,phase_017_subj_107
473,23,0,3,3,1,1,12000,4,5,4,2,2,3,4,4,4,2,2,1,4,1,3,1,2,2,1,2,3,1,1,2,3,3,1,2,3,2,phase_017_subj_117
304,24,1,2,3,2,1,15000,4,5,3,4,3,3,3,2,3,3,3,3,3,4,1,0,1,1,0,0,0,0,0,1,0,1,0,0,0,0,phase_017_subj_68
266,20,1,3,2,1,0,11000,4,4,4,4,4,2,2,4,2,4,4,2,2,2,1,0,0,1,1,0,1,1,0,1,0,1,0,1,1,0,phase_017_subj_62
128,22,0,3,3,1,0,1000,3,3,5,4,3,3,4,3,2,3,2,4,3,2,1,2,3,2,0,1,0,3,0,1,2,0,2,2,3,1,phase_017_subj_37
357,23,0,4,4,2,3,12600,4,5,4,4,3,4,4,4,3,4,4,5,4,4,1,1,1,1,1,1,0,0,0,1,0,1,1,0,0,1,phase_017_subj_81
201,33,1,3,3,1,1,12000,7,7,4,4,3,3,4,4,5,5,3,3,4,4,1,1,1,2,1,1,1,0,1,1,1,1,1,0,1,1,phase_017_subj_51
425,24,1,3,3,2,1,14000,7,6,4,5,3,4,4,4,5,5,4,3,4,3,1,1,1,2,1,1,1,0,1,1,2,1,1,1,1,1,phase_017_subj_102
236,22,0,4,4,1,2,8000,2,3,4,2,3,1,2,2,2,1,3,2,2,2,1,3,2,1,2,2,1,2,0,2,1,3,2,1,2,1,phase_017_subj_56
168,23,0,3,3,1,1,9000,7,7,4,4,3,3,4,4,4,5,4,3,4,4,1,1,1,2,0,1,0,0,1,1,1,1,1,0,1,1,phase_017_subj_41
81,18,1,3,3,1,1,15000,5,4,4,2,2,3,2,4,1,2,1,3,4,3,2,1,2,1,3,2,0,1,0,2,1,1,1,2,1,2,phase_017_subj_18
539,26,1,2,3,1,1,6000,5,5,2,2,1,2,1,5,2,2,1,1,4,2,2,3,2,1,1,0,2,1,0,3,3,2,2,3,2,1,phase_017_subj_134
85,27,0,3,2,1,1,10000,6,5,2,1,2,1,2,2,2,1,2,2,2,2,2,2,1,1,2,2,1,2,1,2,1,1,2,2,1,1,phase_017_subj_21
577,22,0,3,3,3,2,9000,5,3,4,4,2,2,2,4,2,4,4,2,5,4,1,1,0,1,1,0,0,0,0,0,0,0,0,0,0,0,phase_017_subj_141
262,25,0,1,3,1,2,5000,4,5,4,3,3,4,4,1,5,4,4,3,5,3,0,0,0,1,0,1,0,0,0,1,1,1,1,1,1,1,phase_017_subj_61
666,20,0,2,1,2,2,21000,7,6,2,1,1,2,1,4,1,1,1,1,5,1,2,1,1,2,1,1,1,2,1,2,2,2,1,1,1,0,phase_017_subj_157
230,21,1,3,4,2,3,10000,6,5,5,5,4,5,5,4,5,5,5,5,5,5,0,0,0,0,0,0,0,0,0,1,0,0,0,0,0,0,phase_017_subj_55
537,33,0,2,3,1,2,15000,7,6,1,2,2,1,2,1,2,1,2,2,1,2,3,2,2,3,2,2,2,3,1,2,3,3,2,2,3,2,phase_017_subj_130
122,22,1,4,4,3,3,11000,7,7,4,2,2,1,4,3,4,3,3,4,2,1,1,1,0,1,1,1,0,0,0,1,1,2,1,0,1,1,phase_017_subj_34
90,19,1,2,2,1,0,5000,3,2,3,4,4,2,2,2,2,3,2,1,5,2,1,2,0,0,1,1,0,1,0,1,2,1,3,0,1,0,phase_017_subj_23
151,23,1,4,3,2,2,10000,6,6,2,1,2,3,2,1,2,1,2,3,1,2,2,1,2,3,0,1,1,2,0,2,1,0,1,1,0,2,phase_017_subj_39
350,22,1,3,3,4,2,16500,5,5,4,1,2,2,4,4,4,2,1,3,4,2,2,1,1,1,0,0,1,0,0,1,1,2,0,1,1,1,phase_017_subj_78
602,20,0,3,0,1,1,3000,5,5,4,2,3,2,3,5,2,3,2,2,3,2,1,0,0,0,0,0,0,0,0,0,0,2,2,3,0,2,phase_017_subj_146
157,27,0,4,3,2,1,8500,3,3,5,4,5,4,4,5,5,4,4,5,4,5,2,1,1,2,2,1,0,1,0,2,1,1,2,2,3,1,phase_017_subj_40
676,29,0,3,3,1,1,10000,3,3,4,4,2,3,3,4,4,4,5,4,4,4,1,1,2,2,1,1,0,0,0,2,1,3,2,1,2,1,phase_017_subj_161
257,23,0,2,2,2,2,5000,6,5,4,3,3,4,4,3,4,2,2,2,3,3,1,0,1,0,0,1,1,0,0,1,1,1,0,0,0,0,phase_017_subj_60
183,18,1,3,2,1,2,8000,1,5,4,2,2,2,2,2,2,2,2,2,2,2,1,1,1,2,0,1,1,1,0,2,2,2,2,1,2,1,phase_017_subj_47
252,21,1,2,2,0,0,15000,4,6,3,1,2,1,3,2,2,1,3,1,4,3,1,1,2,2,2,1,3,0,0,1,2,2,1,1,0,0,phase_017_subj_59
65,26,1,1,1,1,0,10000,5,5,3,2,2,3,2,2,3,3,2,2,2,3,1,1,0,2,0,1,1,0,0,1,0,1,1,0,0,1,phase_017_subj_13
170,23,1,2,2,1,1,10000,6,6,4,5,4,3,4,4,4,3,2,2,4,1,1,0,1,2,1,1,0,1,0,2,0,1,1,0,1,1,phase_017_subj_43
623,21,1,4,4,3,3,25000,7,6,2,1,2,2,4,1,5,2,1,4,4,5,1,2,1,1,0,0,1,0,0,1,0,1,2,1,2,1,phase_017_subj_151
299,19,1,2,2,1,1,6000,5,4,4,2,2,1,2,3,2,2,2,1,4,2,2,1,1,2,1,1,1,1,1,2,2,1,2,1,2,1,phase_017_subj_67
45,25,0,1,1,0,0,4000,5,4,4,4,3,4,4,4,4,5,4,3,4,4,0,0,2,1,0,0,0,0,0,0,1,1,1,0,0,0,phase_017_subj_8
196,22,1,2,3,1,2,5000,4,3,4,5,5,5,5,4,5,5,5,4,4,5,2,2,1,1,2,0,0,0,0,2,1,1,0,0,0,1,phase_017_subj_50
341,19,1,2,3,2,2,4640,2,2,2,2,2,2,2,2,2,4,2,4,2,2,2,2,2,2,2,2,2,2,2,3,3,3,2,2,2,3,phase_017_subj_76
593,19,1,4,4,2,2,12000,5,4,5,4,5,5,4,5,4,5,5,4,5,5,1,0,0,1,0,0,0,0,0,1,0,0,2,0,0,0,phase_017_subj_144
60,23,0,1,2,2,0,13000,5,5,4,5,5,4,4,4,4,4,4,3,4,4,1,0,0,1,0,0,0,1,0,0,0,0,0,0,0,0,phase_017_subj_12
367,32,0,4,4,3,3,58000,6,5,5,5,4,4,5,4,5,4,5,4,5,5,1,0,2,1,1,0,1,1,0,1,1,0,1,1,1,0,phase_017_subj_84
565,31,1,3,3,2,1,15000,7,7,4,4,3,3,4,4,5,5,4,4,4,3,1,1,1,2,1,1,1,0,1,1,1,1,1,0,1,1,phase_017_subj_140
340,25,1,4,4,3,3,90000,6,7,4,5,4,5,4,4,4,4,5,2,4,4,1,0,1,1,1,0,0,0,1,1,0,0,1,0,0,0,phase_017_subj_75
43,20,1,4,2,3,2,18000,7,8,4,2,2,3,3,5,3,2,2,4,2,2,1,0,0,1,0,1,1,0,0,1,0,1,0,0,0,0,phase_017_subj_7
370,24,0,2,2,1,0,10000,4,5,5,5,5,2,5,4,2,5,5,2,5,5,0,0,0,0,0,0,0,0,0,0,0,0,0,0,0,0,phase_017_subj_87
533,28,1,3,3,1,1,7800,3,3,4,5,3,4,4,4,4,5,5,4,5,5,2,1,2,3,1,2,0,1,0,3,1,1,2,2,3,1,phase_017_subj_127
179,29,1,4,3,2,1,10000,3,3,4,4,3,4,4,4,5,5,4,5,4,5,1,2,1,2,2,1,0,1,0,3,1,3,2,2,1,1,phase_017_subj_46
623,37,1,3,3,3,4,10000,5,5,3,3,4,4,5,4,3,4,5,4,4,5,0,0,0,2,1,0,0,0,2,0,0,0,0,0,0,0,phase_017_subj_150
540,20,1,4,4,1,1,15000,6,6,5,5,2,4,2,4,5,5,2,2,4,3,0,0,0,0,0,0,0,0,0,0,0,0,0,0,0,0,phase_017_subj_135
242,27,0,3,4,1,2,8000,3,3,4,5,4,4,5,4,4,4,5,5,5,5,3,1,2,1,1,2,0,0,0,1,1,2,2,1,2,1,phase_017_subj_58
357,28,1,3,3,1,1,8000,3,3,5,5,4,4,5,4,4,4,5,5,4,4,2,2,1,3,1,1,0,1,0,3,1,2,2,1,1,2,phase_017_subj_82
432,28,1,4,4,2,2,13000,3,3,4,4,5,4,4,4,4,5,5,4,4,4,2,1,3,1,1,2,0,1,0,1,2,1,3,2,2,1,phase_017_subj_104
26,19,1,3,3,3,3,9000,3,4,4,2,2,2,4,1,2,2,2,1,4,2,2,1,0,2,0,0,2,0,0,1,1,1,1,2,1,1,phase_017_subj_3
366,21,0,2,1,1,1,6500,4,4,2,3,2,2,3,4,4,2,4,1,4,4,1,1,2,1,0,1,1,0,0,2,1,2,2,1,1,2,phase_017_subj_83
51,18,0,2,2,1,1,15000,7,6,4,2,2,1,3,2,2,3,3,2,2,2,2,1,2,3,1,1,3,2,1,2,1,2,2,3,2,2,phase_017_subj_10
308,18,1,3,1,0,1,3000,3,4,3,2,2,2,4,3,4,2,4,2,3,2,2,2,2,2,1,1,0,0,0,1,1,1,1,1,1,0,phase_017_subj_69
504,30,1,3,3,1,1,8000,2,3,5,5,4,4,5,4,4,4,5,4,5,4,2,1,2,1,1,2,0,1,0,1,2,2,1,3,2,1,phase_017_subj_125
38,29,1,3,4,2,2,10000,3,3,4,5,4,5,4,5,4,5,4,5,4,4,1,1,2,2,1,2,0,1,0,1,1,2,1,2,2,1,phase_017_subj_6
482,26,0,3,3,1,1,7800,3,3,4,4,5,5,4,5,4,4,5,4,5,4,2,1,2,2,1,2,0,2,1,2,1,1,2,3,2,1,phase_017_subj_120
623,20,1,1,2,1,1,4000,2,2,5,4,2,2,4,4,5,4,5,4,4,4,0,0,2,2,1,0,1,0,1,0,1,1,1,0,1,0,phase_017_subj_152
664,21,1,2,1,1,1,8000,5,5,3,2,2,4,4,4,5,4,4,2,4,4,1,1,1,1,1,0,2,1,1,1,1,1,1,1,1,0,phase_017_subj_156
32,20,0,3,3,3,2,15000,5,4,4,3,4,4,2,5,4,4,4,3,4,3,1,0,1,0,0,0,0,1,0,0,0,0,0,0,0,1,phase_017_subj_5
688,20,0,3,1,2,1,8000,4,9,1,2,2,2,3,4,2,1,2,1,2,2,2,1,3,3,1,0,2,1,0,2,2,2,1,1,2,1,phase_017_subj_166
441,19,1,3,3,2,2,7000,6,6,3,2,2,1,1,2,4,2,2,2,4,2,1,1,1,1,1,1,1,1,0,1,0,1,1,1,1,0,phase_017_subj_106
90,23,1,3,2,1,1,10000,6,6,4,3,3,4,2,4,2,3,2,2,2,2,0,1,0,0,0,0,0,0,0,0,0,0,0,0,0,0,phase_017_subj_22
367,19,0,3,2,0,0,2500,2,2,2,4,5,4,5,4,2,4,4,2,4,5,2,1,2,0,2,0,0,0,0,0,0,1,0,0,0,0,phase_017_subj_85
395,29,1,2,2,0,0,10000,3,3,2,4,3,4,4,4,4,4,4,3,4,5,0,0,1,1,1,0,0,0,0,1,0,1,1,1,1,0,phase_017_subj_95
338,0,0,1,1,1,1,8000,4,4,2,2,1,1,4,4,4,4,4,4,5,3,1,1,1,1,1,1,0,1,0,1,1,1,0,1,1,0,phase_017_subj_74
401,27,1,4,4,3,2,12000,4,5,3,2,2,1,2,2,3,2,2,1,3,3,1,1,2,2,1,2,1,1,0,2,1,2,1,1,2,1,phase_017_subj_99
656,20,0,1,1,2,2,5000,3,4,4,2,2,1,2,3,2,2,4,3,4,1,2,1,2,2,1,2,0,2,1,2,1,2,1,1,2,1,phase_017_subj_155
96,19,1,4,3,0,1,6000,5,6,4,4,2,3,4,4,4,4,4,2,4,4,0,1,1,1,0,0,0,0,0,0,1,1,0,0,0,1,phase_017_subj_28
226,23,0,4,4,4,2,18000,5,5,4,2,3,2,2,5,2,3,3,2,4,3,1,0,0,1,1,2,1,1,0,1,1,2,1,1,2,1,phase_017_subj_53
74,25,1,2,2,2,0,7000,4,2,4,5,2,2,2,2,3,4,4,3,3,3,2,1,0,0,0,1,2,1,0,1,0,1,1,0,0,1,phase_017_subj_16
82,21,1,3,1,1,1,9000,3,3,2,2,4,2,2,3,2,3,4,1,3,4,1,1,0,1,0,0,0,0,0,1,1,0,0,0,0,1,phase_017_subj_19
347,21,1,1,1,2,1,8000,7,5,3,4,3,2,4,3,2,2,3,1,5,4,1,2,1,1,3,2,3,1,0,3,3,3,2,1,1,2,phase_017_subj_77
490,22,1,3,3,2,2,20000,6,6,4,3,2,2,4,4,3,4,4,2,4,4,1,1,0,0,0,0,1,0,0,1,0,1,1,0,1,1,phase_017_subj_122
123,23,1,0,0,0,0,3000,3,2,3,2,2,3,2,3,3,3,2,2,4,3,1,0,0,0,1,1,2,2,0,1,2,1,1,1,1,1,phase_017_subj_35
562,20,0,4,4,3,3,12000,7,7,3,2,2,2,3,2,2,2,2,3,3,4,2,1,2,1,1,1,2,2,0,2,2,1,2,2,2,2,phase_017_subj_139
533,22,1,2,2,1,1,6000,2,1,4,4,4,3,4,4,5,5,5,4,2,4,2,2,2,2,3,1,1,0,0,1,2,2,1,1,1,0,phase_017_subj_128
490,20,1,2,2,1,0,5500,4,5,5,5,4,5,5,4,4,5,4,5,5,4,0,1,1,0,1,0,0,1,0,1,0,1,0,0,1,0,phase_017_subj_123
296,22,0,1,1,1,1,6000,5,5,3,3,3,3,3,3,3,3,3,3,3,3,2,2,2,2,2,2,2,2,2,2,2,2,2,2,2,2,phase_017_subj_66
598,25,0,3,3,2,2,20000,4,3,4,1,3,1,4,3,4,2,2,1,3,2,2,2,3,2,1,3,2,1,2,3,2,2,3,2,2,1,phase_017_subj_145
687,30,0,4,4,2,2,26000,5,5,4,4,3,2,2,4,3,4,4,2,4,4,1,1,2,2,1,0,1,2,0,1,0,1,0,0,1,1,phase_017_subj_164
478,27,0,3,3,2,1,20000,5,4,4,5,4,2,2,5,4,5,4,2,3,2,2,1,2,1,0,1,1,1,0,1,0,2,1,1,2,1,phase_017_subj_119
65,22,1,4,4,3,3,15000,6,6,4,4,2,2,2,5,2,5,4,2,4,4,1,0,0,2,0,0,0,0,0,0,0,0,0,0,0,0,phase_017_subj_14
461,21,1,4,3,4,3,38000,6,6,5,3,4,4,4,4,5,3,3,2,4,4,1,0,0,0,0,0,1,0,0,1,0,0,1,0,0,0,phase_017_subj_113
398,28,0,1,1,1,1,5000,5,3,5,5,4,4,4,4,2,5,5,5,5,5,1,0,2,1,2,0,1,0,0,1,0,0,1,1,1,0,phase_017_subj_97
355,47,0,3,3,1,1,4000,2,2,2,2,3,2,2,4,5,3,3,3,2,2,2,3,3,3,3,3,3,3,0,2,2,2,2,3,2,0,phase_017_subj_80
377,36,1,1,0,0,0,8000,4,5,4,5,3,4,4,4,4,5,4,4,5,4,1,0,1,2,1,0,1,1,0,2,2,3,1,1,2,1,phase_017_subj_89
452,21,0,2,2,4,4,30000,6,6,4,3,3,3,3,3,3,3,3,4,3,4,1,1,2,1,1,1,1,1,0,1,1,1,0,0,1,0,phase_017_subj_109
616,20,1,2,1,1,1,7000,3,3,4,2,3,2,4,4,2,4,4,2,4,2,1,0,0,1,0,0,1,0,0,0,0,0,0,0,0,0,phase_017_subj_148
119,23,0,4,4,3,2,30000,5,6,4,4,4,5,4,5,5,5,4,4,5,5,1,1,1,0,0,0,0,0,0,0,0,0,0,0,0,1,phase_017_subj_32
426,18,0,3,3,3,1,24000,4,5,5,4,4,5,4,4,4,5,3,4,4,4,1,0,0,2,0,0,0,0,0,1,0,0,1,0,0,0,phase_017_subj_103
463,25,1,3,1,2,0,10000,4,4,4,2,4,2,2,3,3,4,4,4,3,4,2,0,1,2,1,1,2,0,1,1,1,1,1,0,1,0,phase_017_subj_114
372,23,1,4,4,2,2,15000,6,6,4,2,4,4,4,4,2,4,4,2,3,2,1,1,0,1,0,0,2,0,0,1,0,0,0,0,1,0,phase_017_subj_88
280,20,1,1,1,1,0,5000,4,4,5,3,2,1,1,3,2,2,3,1,5,1,1,1,0,1,0,1,0,1,0,1,0,1,1,0,1,0,phase_017_subj_64
539,19,1,3,2,3,2,15000,5,5,5,5,2,2,2,3,2,5,4,2,4,2,0,0,1,1,1,0,1,0,0,0,0,0,0,0,1,0,phase_017_subj_133
688,19,1,3,3,2,1,6000,4,5,3,2,1,2,2,4,2,3,3,2,4,2,1,1,1,1,0,1,0,0,1,1,1,1,1,0,1,1,phase_017_subj_165
454,20,0,3,3,2,1,11000,3,3,3,4,4,4,2,4,2,4,2,5,4,4,1,1,2,2,0,0,1,0,0,1,1,2,1,1,2,1,phase_017_subj_111
47,109,0,3,2,2,2,1600,5,5,5,4,4,2,3,3,3,4,4,5,3,4,0,0,0,1,1,2,0,1,0,0,0,0,0,0,1,1,phase_017_subj_9
95,20,1,3,3,1,2,25000,4,3,3,2,2,2,4,2,4,3,4,2,4,3,1,0,0,2,1,0,0,0,0,1,0,1,0,0,0,1,phase_017_subj_26
538,20,0,2,1,1,1,8000,4,5,3,3,3,3,3,3,3,3,3,3,3,3,2,1,2,1,1,1,2,2,2,2,1,2,1,2,1,2,phase_017_subj_131
91,27,1,3,3,2,2,18000,5,5,4,5,3,4,4,4,5,4,4,5,4,4,1,0,1,1,0,0,1,0,0,1,0,1,1,0,1,1,phase_017_subj_24
219,22,1,4,4,2,2,30000,3,3,5,2,2,2,5,5,4,2,4,5,3,3,0,0,0,0,1,0,0,0,0,0,0,0,0,0,0,0,phase_017_subj_52
686,25,0,2,2,2,1,10000,3,2,5,5,2,5,5,1,3,5,5,3,2,5,0,0,0,0,1,0,0,1,0,0,0,1,0,0,0,0,phase_017_subj_163
622,19,1,3,3,4,3,30000,6,8,3,2,2,2,3,3,3,2,2,3,3,2,1,0,0,1,0,2,1,0,0,1,0,0,0,0,0,1,phase_017_subj_149
582,20,1,3,3,4,1,12000,4,4,3,3,3,3,3,3,3,3,3,3,3,3,1,1,1,1,2,2,2,2,2,2,2,2,2,2,2,2,phase_017_subj_143
414,23,1,3,3,1,1,12000,4,5,3,2,3,2,2,4,2,3,2,3,4,2,2,1,1,1,0,1,0,0,1,1,1,1,2,1,1,1,phase_017_subj_101
674,20,1,1,2,1,1,10000,3,2,4,4,3,1,5,5,1,3,3,2,3,3,1,0,0,0,0,0,0,0,0,0,0,0,0,0,0,0,phase_017_subj_160
23,26,1,2,2,2,2,8000,6,4,5,5,3,4,4,4,2,5,5,5,5,5,1,0,2,1,2,0,1,0,0,1,1,1,1,1,1,0,phase_017_subj_1
387,24,1,2,1,1,1,10000,3,3,3,2,3,4,3,3,2,3,3,4,3,4,1,2,1,1,1,1,1,2,1,1,1,2,1,1,2,2,phase_017_subj_93
453,19,1,4,4,3,3,20000,6,5,5,3,2,1,3,4,5,4,5,2,5,2,1,0,0,1,1,0,0,1,0,1,0,1,0,0,1,0,phase_017_subj_110
23,22,1,2,3,2,2,6000,4,1,4,4,4,2,4,2,2,4,4,2,3,3,1,1,1,1,1,2,0,0,0,1,0,1,1,0,1,0,phase_017_subj_2
694,22,0,1,1,1,1,5000,4,3,3,2,3,4,3,2,3,3,3,2,3,4,1,1,2,2,1,2,1,2,1,1,1,2,2,1,2,2,phase_017_subj_167
325,23,1,1,1,1,1,5000,3,2,4,2,3,1,2,4,2,2,4,2,3,3,1,1,2,2,2,3,2,2,1,1,0,2,2,2,2,1,phase_017_subj_73
458,20,1,1,1,1,1,12000,2,3,2,4,2,1,2,4,3,2,5,2,4,4,1,1,2,2,1,0,1,0,0,2,2,3,2,0,0,0,phase_017_subj_112
270,27,1,4,2,4,2,20000,8,6,4,2,2,2,4,2,2,2,4,2,2,2,1,2,1,1,2,1,1,1,0,1,1,2,1,2,1,0,phase_017_subj_63
673,23,0,2,3,1,0,7000,6,5,4,2,2,2,2,2,2,3,4,2,4,4,1,0,2,1,0,1,1,0,0,1,0,0,1,0,0,1,phase_017_subj_159
434,21,1,3,3,2,2,9000,5,4,2,1,4,3,2,1,3,1,1,2,2,2,2,2,1,2,1,1,1,0,0,2,1,1,2,1,2,0,phase_017_subj_105
500,21,1,4,3,2,1,10000,5,6,4,2,4,2,2,4,2,2,2,4,2,2,0,0,1,0,0,0,0,0,0,0,0,0,0,0,0,0,phase_017_subj_124
384,42,1,3,3,1,2,15000,6,6,4,3,5,4,3,4,2,3,5,2,3,4,0,1,0,1,1,1,0,0,0,1,0,1,0,0,1,0,phase_017_subj_90
323,41,1,4,4,3,3,15000,7,7,5,4,5,4,3,3,2,4,4,3,2,3,1,0,1,0,1,0,0,0,0,1,0,1,0,0,1,0,phase_017_subj_72
109,42,1,3,3,2,2,30000,6,6,4,4,2,2,4,4,3,4,4,3,4,4,1,1,2,1,0,1,0,0,0,0,0,1,1,0,1,0,phase_017_subj_30
398,26,0,2,1,1,1,10000,2,3,4,4,2,1,4,2,4,3,3,4,3,3,1,1,0,2,1,1,1,1,2,2,2,2,2,2,3,3,phase_017_subj_98
465,21,1,1,1,0,0,10000,4,5,3,2,2,3,2,2,3,2,4,4,4,4,1,2,2,2,2,2,2,2,1,1,1,2,3,2,2,2,phase_017_subj_115
321,23,1,2,1,1,1,5000,2,1,4,4,4,2,2,4,2,4,3,2,3,4,2,1,0,0,0,0,3,1,0,0,0,1,0,0,0,0,phase_017_subj_71
534,24,1,3,2,2,1,8500,4,4,1,2,4,3,2,2,4,1,2,1,2,2,3,1,1,2,1,2,1,1,0,2,1,2,0,1,1,0,phase_017_subj_129
511,26,1,4,4,3,4,38000,6,5,2,2,1,2,3,3,2,3,2,2,2,3,1,2,1,2,1,1,0,1,0,2,2,1,1,1,2,1,phase_017_subj_126
412,24,1,3,2,1,0,7500,4,3,1,1,2,2,3,1,2,2,2,3,2,2,2,2,1,2,0,2,1,1,0,2,2,2,1,1,1,0,phase_017_subj_100
685,28,0,4,3,3,0,20000,5,5,3,2,3,2,1,2,2,2,2,2,2,2,1,2,1,1,1,2,2,1,0,1,2,2,1,1,2,0,phase_017_subj_162
239,31,1,2,2,1,1,7000,5,4,1,1,4,2,1,1,3,2,2,4,2,2,2,2,2,2,1,2,1,1,0,2,2,2,2,1,2,0,phase_017_subj_57
609,21,0,2,3,1,1,15000,4,4,3,4,4,2,3,2,4,5,5,3,4,3,1,2,2,2,2,2,2,2,0,2,2,2,2,2,2,2,phase_017_subj_147
386,21,1,3,2,0,0,7000,3,2,2,1,5,1,1,5,1,1,1,5,1,1,2,0,3,3,0,0,3,0,0,2,2,1,3,0,2,0,phase_017_subj_92
473,18,0,4,3,3,1,30000,6,5,2,1,2,1,2,2,4,2,2,1,2,2,2,1,3,2,1,1,2,2,0,2,1,3,2,1,2,1,phase_017_subj_118
182,22,1,3,3,3,2,12000,5,5,4,2,2,2,2,5,2,2,2,2,3,2,1,1,1,1,0,1,0,0,0,0,1,1,0,1,0,0,phase_017_subj_168
451,21,0,3,3,1,1,6000,5,5,5,4,4,5,5,4,1,4,2,3,5,5,0,2,1,1,0,0,1,0,0,1,0,0,1,0,2,0,phase_018_subj_70
130,20,0,2,2,2,2,8000,6,6,4,5,4,4,4,4,4,4,5,4,4,4,1,0,0,1,1,1,0,1,0,1,0,1,1,0,0,0,phase_018_subj_18
168,21,1,4,3,3,1,13500,6,7,5,5,5,5,5,5,5,5,5,5,5,5,0,0,0,0,0,0,0,0,0,0,0,0,0,0,0,0,phase_018_subj_26
248,21,1,4,4,2,3,30000,6,6,5,4,5,5,5,2,5,5,4,2,5,5,0,0,0,0,0,0,0,0,0,0,0,0,0,0,0,0,phase_018_subj_33
451,22,1,2,2,2,2,8500,4,5,2,1,2,2,2,2,3,1,2,4,3,3,3,2,2,3,2,3,3,3,2,3,3,3,3,3,2,1,phase_018_subj_71
449,30,0,1,2,0,0,5000,5,4,2,2,1,2,3,3,3,2,2,2,4,1,1,0,1,1,0,1,0,0,0,1,0,1,1,0,1,2,phase_018_subj_69
584,23,0,2,2,1,1,15000,5,4,2,2,4,2,1,2,4,2,2,1,4,2,2,3,2,2,0,2,1,2,0,2,3,2,3,2,1,1,phase_018_subj_89
646,21,0,4,4,2,2,10000,2,2,3,4,4,2,3,3,4,4,3,3,2,2,1,0,0,2,1,1,1,0,0,2,1,1,0,2,1,1,phase_018_subj_99
561,23,0,4,4,3,3,18000,5,5,2,2,3,2,2,4,2,3,2,3,4,3,0,0,1,1,0,0,1,1,0,1,0,1,1,1,0,0,phase_018_subj_84
139,23,1,2,2,1,1,6500,2,4,4,5,5,4,5,5,4,5,4,2,4,4,2,1,2,2,0,3,0,0,0,2,1,1,0,0,1,0,phase_018_subj_20
670,71,1,4,4,4,4,10000,6,5,5,4,4,5,5,5,4,5,4,1,5,4,0,1,0,0,0,0,0,0,0,0,0,0,0,0,0,0,phase_018_subj_102
447,33,1,2,1,0,0,8000,6,5,1,2,2,1,2,5,1,2,3,2,5,1,3,2,2,2,1,2,1,1,0,3,2,2,1,1,3,2,phase_018_subj_68
85,25,0,2,2,0,0,8000,4,4,4,4,5,5,4,3,3,4,5,4,3,4,1,0,1,0,0,0,1,0,0,0,0,0,0,0,0,1,phase_018_subj_6
44,21,0,2,2,1,1,7000,8,8,3,4,2,3,4,4,4,4,3,2,4,3,1,1,1,0,0,0,1,0,0,1,1,2,1,1,1,2,phase_018_subj_3
615,25,1,4,4,3,3,35000,7,6,3,2,1,2,2,3,3,1,3,1,4,3,1,2,3,1,1,2,0,1,1,3,1,1,2,1,3,0,phase_018_subj_93
90,20,1,4,4,3,2,20000,5,4,4,3,4,3,4,3,3,3,3,1,3,1,2,1,3,2,1,2,1,0,0,1,1,2,1,1,1,1,phase_018_subj_7
271,37,1,4,3,2,1,10000,7,7,4,4,4,2,2,4,2,4,4,2,4,4,1,1,1,1,2,1,0,1,0,1,1,1,1,0,1,1,phase_018_subj_40
680,22,1,3,4,1,1,10000,5,5,4,4,3,3,4,4,3,4,2,3,4,4,1,0,2,1,2,1,1,1,0,2,1,1,2,1,2,1,phase_018_subj_103
189,23,1,2,2,0,0,3000,4,4,5,4,4,3,4,4,4,4,5,5,4,3,1,1,0,1,0,0,0,0,0,1,1,1,0,0,0,0,phase_018_subj_28
24,34,0,2,2,1,0,10000,3,3,3,2,4,2,4,4,5,3,4,3,4,2,1,1,1,2,0,0,0,0,0,0,0,0,1,0,0,0,phase_018_subj_1
137,31,1,2,1,1,1,6000,5,4,4,4,3,4,3,4,4,4,3,4,3,4,1,1,1,2,0,2,1,0,0,1,1,1,0,0,1,1,phase_018_subj_19
117,24,0,4,4,1,1,8000,3,3,4,4,3,3,2,2,4,2,2,2,2,2,1,1,1,1,0,1,1,0,0,1,1,1,1,0,1,0,phase_018_subj_15
312,29,1,3,2,2,1,15000,5,5,4,5,3,4,4,4,4,4,5,4,5,4,0,0,0,0,0,0,0,0,0,1,0,0,0,0,0,0,phase_018_subj_46
423,33,1,3,3,2,2,14000,7,7,5,4,5,3,4,5,5,4,4,3,4,2,1,1,1,2,1,1,2,0,1,1,1,2,1,1,1,1,phase_018_subj_63
112,27,1,3,2,0,0,7000,5,5,4,3,2,2,4,2,2,3,4,2,3,4,3,1,1,2,2,2,3,2,0,3,2,2,3,1,2,1,phase_018_subj_13
103,35,0,1,1,1,1,10000,3,2,4,4,3,1,2,5,3,5,3,2,4,4,1,0,2,1,0,2,0,0,0,0,2,1,2,0,0,0,phase_018_subj_10
112,38,1,3,1,0,0,6000,2,1,5,4,4,2,4,4,4,4,4,3,4,3,3,2,3,3,2,1,2,0,0,2,3,3,2,1,2,1,phase_018_subj_12
391,55,1,4,4,2,2,7000,3,4,2,2,4,2,4,2,2,2,2,4,2,2,0,1,1,1,0,0,0,0,0,1,1,1,1,1,2,1,phase_018_subj_59
332,20,1,2,2,2,1,9000,4,4,4,4,1,3,2,4,1,4,4,1,4,3,1,1,2,2,1,1,1,2,0,1,1,2,1,1,2,1,phase_018_subj_50
277,33,0,2,2,1,1,12000,4,3,5,5,5,4,5,5,5,5,4,5,5,5,0,0,0,0,0,0,0,0,0,0,0,0,0,0,0,0,phase_018_subj_41
627,54,0,4,4,2,2,10000,4,5,4,4,4,2,4,4,4,4,3,4,4,4,1,1,1,1,1,0,1,0,0,1,0,1,1,1,1,0,phase_018_subj_97
620,23,1,1,1,0,0,3000,1,1,1,2,2,1,2,3,2,1,2,1,2,2,2,1,2,2,1,3,1,2,1,2,1,3,2,1,3,0,phase_018_subj_95
190,21,0,4,4,0,0,5000,6,7,3,2,2,2,3,4,2,1,2,2,5,3,0,0,0,0,0,0,0,0,0,0,0,1,0,0,0,0,phase_018_subj_29
318,20,1,2,3,1,2,5000,5,4,5,2,1,2,5,4,3,3,4,2,4,4,1,1,2,1,2,0,1,0,0,2,1,1,1,0,2,0,phase_018_subj_47
332,35,0,2,2,3,2,16000,6,7,5,5,5,5,5,5,5,5,5,5,5,5,0,0,0,0,0,0,0,0,0,0,0,0,0,0,0,0,phase_018_subj_51
48,32,1,2,2,1,0,12000,3,3,4,4,4,3,4,4,4,4,4,4,4,4,1,0,0,1,0,0,0,0,0,0,1,0,0,0,0,0,phase_018_subj_4
144,19,0,4,4,2,2,16000,6,6,4,5,4,5,5,4,5,5,4,5,5,4,1,2,1,1,2,1,1,2,0,1,2,1,1,2,1,2,phase_018_subj_22
75,37,0,3,2,3,3,15000,5,6,5,5,5,5,5,5,5,5,5,5,5,5,0,0,0,0,0,0,0,0,0,0,0,0,0,0,0,0,phase_018_subj_5
554,37,0,2,2,1,1,15000,5,3,3,5,4,4,4,4,4,4,4,4,4,4,1,0,0,0,0,0,0,0,0,0,1,0,0,0,0,0,phase_018_subj_83
287,41,0,2,2,1,1,10000,4,4,3,4,3,4,4,2,5,5,5,4,4,4,1,1,0,1,0,0,0,0,0,1,0,0,0,0,0,0,phase_018_subj_42
578,23,1,3,3,1,1,12000,3,2,4,3,4,4,5,4,4,4,3,2,5,5,1,0,1,1,0,0,1,0,0,0,0,0,0,0,0,0,phase_018_subj_88
140,37,0,2,2,2,2,13500,5,6,5,5,5,5,5,5,5,5,5,5,5,5,0,0,0,0,0,0,0,0,0,0,0,0,0,0,0,0,phase_018_subj_21
230,24,1,2,2,1,1,9000,7,6,4,4,4,3,4,4,2,4,4,2,4,2,1,1,1,1,1,1,1,1,1,1,1,1,1,1,1,1,phase_018_subj_30
601,29,1,3,3,2,1,12000,7,7,4,5,3,3,4,4,4,4,3,3,4,3,1,1,1,1,1,1,0,1,1,1,1,1,1,1,1,1,phase_018_subj_91
658,24,0,4,4,1,2,8000,3,3,3,2,2,3,2,2,3,2,2,3,4,2,2,1,2,2,2,1,2,2,1,2,3,2,2,2,1,2,phase_018_subj_100
494,31,0,3,2,2,1,10000,7,6,5,4,2,2,3,5,5,5,4,3,5,3,1,1,1,2,1,1,2,0,1,1,1,2,1,1,1,1,phase_018_subj_75
107,23,1,3,2,2,1,12000,7,6,5,4,3,3,4,5,5,5,4,3,4,3,1,1,1,2,1,1,2,0,1,1,2,1,1,1,2,1,phase_018_subj_11
267,19,0,3,3,1,1,10000,6,6,5,5,2,4,5,4,2,3,1,4,4,5,0,0,1,0,0,1,3,1,0,0,1,1,2,1,1,0,phase_018_subj_39
95,22,0,3,1,1,1,10000,5,4,4,2,2,3,4,4,2,4,3,2,4,4,1,1,0,0,0,0,1,1,0,1,1,1,1,1,0,0,phase_018_subj_9
684,36,0,4,4,3,3,10000,5,5,5,5,4,4,4,4,4,5,5,2,4,2,1,1,0,0,0,0,0,0,0,0,1,1,0,0,0,0,phase_018_subj_105
341,22,0,3,2,1,1,10000,5,4,4,4,4,5,4,4,4,5,4,3,4,4,1,1,2,1,1,1,0,0,0,1,1,1,2,1,1,0,phase_018_subj_55
428,23,0,1,3,2,3,6000,3,5,1,2,4,2,4,4,5,2,1,3,2,1,2,1,2,2,2,2,3,1,1,2,2,1,2,1,3,2,phase_018_subj_64
553,24,0,3,2,1,1,20000,4,3,2,4,4,2,1,2,2,4,2,1,4,4,2,2,3,2,1,2,3,2,1,2,1,2,3,2,2,1,phase_018_subj_82
340,21,0,1,1,1,2,7000,5,4,3,2,2,2,2,2,3,3,3,2,3,2,2,2,3,2,1,2,1,1,1,2,2,2,2,2,1,1,phase_018_subj_54
404,19,0,2,2,1,0,20000,4,4,2,2,2,1,2,5,1,3,1,1,3,2,2,2,3,2,2,2,2,2,0,2,2,2,1,1,2,1,phase_018_subj_61
160,25,0,3,3,2,2,32000,7,6,4,5,4,5,4,4,5,5,4,3,4,4,0,0,1,0,1,0,0,0,0,0,0,0,1,0,0,0,phase_018_subj_25
451,26,0,1,1,1,1,15000,4,5,5,5,3,4,4,4,4,5,5,2,5,4,0,1,0,0,1,0,0,0,0,1,0,0,0,0,0,0,phase_018_subj_72
112,21,0,3,3,2,2,8000,6,6,3,2,4,3,3,3,2,2,3,3,4,5,1,1,0,2,0,1,1,0,0,1,0,0,0,1,1,0,phase_018_subj_14
323,39,1,3,3,2,2,10000,4,5,4,4,5,4,3,4,4,4,5,4,3,4,1,0,1,2,0,0,0,0,0,1,0,1,0,0,1,0,phase_018_subj_49
432,24,0,1,2,1,1,20000,6,6,5,5,4,5,5,4,5,5,5,3,5,5,0,0,0,0,0,0,0,0,0,1,0,0,0,0,0,0,phase_018_subj_65
549,22,0,3,3,2,2,15000,5,5,2,4,2,1,2,2,2,2,1,2,4,2,0,0,1,0,1,1,0,1,1,1,0,0,0,1,0,1,phase_018_subj_81
360,21,1,4,4,0,1,17000,5,6,2,4,3,2,4,3,2,4,3,4,4,3,1,2,1,3,0,1,2,1,0,1,2,0,2,1,2,0,phase_018_subj_56
298,26,0,2,1,2,2,10000,4,5,4,4,3,4,4,4,3,4,4,2,5,4,0,1,0,0,0,0,0,0,0,1,0,1,0,0,0,0,phase_018_subj_44
514,33,0,3,2,2,1,20000,5,6,4,4,5,3,4,4,4,5,4,1,4,4,1,1,0,0,0,0,0,0,0,0,0,1,0,0,0,0,phase_018_subj_78
34,39,1,3,2,2,1,11000,7,6,4,5,2,3,5,4,5,5,4,2,4,3,1,1,1,1,1,1,2,0,1,1,1,2,1,1,1,1,phase_018_subj_2
291,32,0,4,4,2,2,24000,6,7,4,3,2,4,4,4,5,4,4,5,5,4,0,0,1,0,1,0,0,0,0,0,0,0,0,0,0,0,phase_018_subj_43
567,20,0,3,3,1,1,10000,6,6,3,2,3,2,2,2,2,2,3,2,2,2,2,2,2,3,2,1,2,3,2,3,2,2,3,2,1,2,phase_018_subj_85
158,18,1,2,3,1,0,6000,4,3,2,2,2,1,2,2,1,3,4,1,2,2,0,2,0,2,2,3,2,2,1,2,2,3,2,1,2,3,phase_018_subj_24
338,21,0,4,3,2,2,23000,5,6,5,5,5,3,5,4,4,5,5,5,5,5,0,0,1,0,1,0,0,0,0,0,0,1,0,0,0,1,phase_018_subj_52
507,18,0,3,3,0,0,3000,5,5,2,3,2,3,1,3,2,3,4,3,3,4,1,1,1,1,0,1,2,1,0,1,0,1,1,2,1,1,phase_018_subj_76
442,34,0,3,2,2,1,15000,5,7,2,3,2,3,2,5,1,2,2,2,5,2,2,1,3,2,2,2,1,2,0,2,2,2,1,2,2,3,phase_018_subj_67
318,24,1,3,3,2,2,10000,6,5,2,1,2,2,1,1,2,1,1,1,1,2,1,1,2,2,3,1,1,2,1,2,2,3,1,2,1,2,phase_018_subj_48
249,24,1,3,3,2,1,15000,6,6,5,4,3,4,5,4,4,5,4,4,5,5,0,0,1,1,0,0,1,0,1,0,0,1,0,0,0,1,phase_018_subj_37
683,21,0,3,3,2,2,10000,4,4,5,5,2,5,4,5,4,5,4,3,5,5,0,0,0,1,1,0,0,0,0,0,0,0,0,0,0,0,phase_018_subj_104
93,22,0,2,1,1,1,30000,5,4,4,4,3,4,4,4,3,4,3,4,4,4,1,0,1,1,0,0,1,1,0,0,0,1,1,0,1,0,phase_018_subj_8
621,21,0,4,3,1,1,25000,6,1,3,2,3,3,2,3,2,3,2,3,4,3,2,2,1,2,1,2,1,2,2,2,2,3,2,1,2,3,phase_018_subj_96
436,19,0,3,3,4,3,20000,7,7,2,3,2,1,1,4,1,2,1,2,5,2,3,1,1,1,0,0,1,1,0,1,0,0,0,0,1,2,phase_018_subj_66
248,20,0,4,2,1,0,17000,5,6,4,3,2,2,4,3,2,2,3,2,4,4,1,0,1,0,0,0,1,1,0,1,0,1,1,0,0,0,phase_018_subj_35
251,52,0,2,1,0,0,15000,4,3,4,5,5,2,3,2,5,4,5,2,2,4,0,0,0,1,0,1,0,0,0,0,0,1,0,0,1,0,phase_018_subj_38
122,30,1,1,2,0,0,22000,5,4,5,5,4,3,5,5,4,5,5,4,4,4,0,1,2,1,1,0,3,0,0,0,1,0,0,0,1,0,phase_018_subj_16
568,25,0,2,2,1,1,6000,6,6,2,2,2,3,2,3,2,2,3,2,3,2,1,2,2,2,1,2,2,1,2,2,1,2,2,1,2,2,phase_018_subj_86
155,27,0,3,3,2,3,30000,5,6,2,1,1,2,1,2,2,1,2,2,5,2,1,2,1,1,0,1,1,0,1,2,2,1,2,1,2,2,phase_018_subj_23
396,20,1,3,4,2,2,8500,3,1,4,5,4,4,5,4,4,5,5,4,4,4,2,1,3,2,2,1,0,0,0,2,1,1,3,2,2,1,phase_018_subj_60
464,20,1,4,4,2,2,8500,3,1,4,5,4,4,5,4,4,4,5,4,5,5,2,1,2,2,1,3,0,0,0,2,3,3,1,2,1,2,phase_018_subj_73
524,18,0,3,4,2,2,8500,3,3,4,5,4,5,4,5,4,5,4,4,4,4,2,3,2,2,1,2,1,0,0,2,1,1,3,2,2,1,phase_018_subj_80
522,20,0,3,4,1,2,12000,2,3,4,4,5,5,4,4,4,4,5,5,5,4,2,1,3,2,2,1,0,0,0,3,1,3,2,2,1,2,phase_018_subj_79
422,19,1,3,3,1,1,8000,3,3,4,5,4,4,5,4,4,4,5,4,4,5,2,3,3,1,2,1,1,0,0,3,3,2,2,1,2,1,phase_018_subj_62
575,18,1,4,4,2,2,12000,3,3,5,5,4,4,5,4,4,4,5,4,4,4,1,2,1,3,2,2,1,0,0,2,3,1,3,2,2,1,phase_018_subj_87
635,20,0,3,4,1,2,8500,3,3,4,4,5,4,4,5,5,4,5,4,4,4,1,1,2,1,2,1,1,0,0,1,2,2,1,1,2,0,phase_018_subj_98
339,18,0,3,3,1,1,8000,3,3,4,5,4,4,5,4,4,5,4,5,4,4,1,1,2,2,1,2,0,0,0,1,2,2,1,1,2,1,phase_018_subj_53
662,27,1,3,2,1,1,20000,3,4,3,2,1,2,3,4,2,4,4,5,4,2,0,0,0,0,1,0,0,0,0,0,0,1,0,0,0,0,phase_018_subj_101
249,19,0,3,3,1,1,8000,3,3,4,5,4,4,5,4,4,4,5,4,4,4,2,1,2,2,1,3,0,0,0,2,1,3,2,2,1,2,phase_018_subj_36
248,19,0,4,3,2,1,7800,3,3,4,5,4,5,4,5,5,5,4,4,4,5,2,1,1,2,2,1,0,0,0,2,1,2,2,1,3,2,phase_018_subj_34
476,39,0,2,2,1,1,9000,6,6,5,4,2,2,4,4,5,5,4,2,4,3,1,1,1,2,1,1,1,0,1,1,1,2,1,0,1,1,phase_018_subj_74
308,24,1,1,2,1,0,12000,3,4,4,2,3,2,4,4,4,3,4,3,4,4,1,2,0,1,1,0,1,0,0,1,2,1,1,1,1,0,phase_018_subj_45
123,21,1,3,3,1,1,8000,5,5,4,4,2,3,4,4,4,4,5,2,4,3,1,1,2,1,0,2,1,0,1,2,1,2,2,0,2,2,phase_018_subj_17
385,20,0,2,2,0,0,3000,5,5,2,4,2,2,2,4,4,4,2,2,2,2,2,1,2,3,2,2,1,2,0,0,0,0,0,0,0,0,phase_018_subj_58
368,22,1,2,1,1,1,12000,5,3,4,2,4,2,2,3,3,2,4,2,4,2,2,0,0,3,2,1,0,0,0,0,0,1,0,0,1,0,phase_018_subj_57
240,32,0,3,3,2,1,23000,6,6,4,3,2,2,3,4,1,3,4,3,2,4,0,0,1,0,0,0,0,0,0,0,0,0,0,0,0,0,phase_018_subj_32
512,22,1,3,2,1,1,9000,5,6,4,4,2,2,3,5,4,4,3,2,4,1,2,0,1,1,0,0,1,0,0,1,0,0,1,0,0,1,phase_018_subj_77
184,18,0,2,4,1,1,7000,9,8,1,1,1,1,1,5,1,1,1,1,5,1,3,3,3,3,3,3,3,3,3,3,3,3,3,3,3,3,phase_018_subj_27
618,24,1,4,4,2,2,10000,5,5,5,2,3,2,2,3,2,2,2,4,4,2,0,0,0,0,0,0,0,0,0,0,0,0,0,0,0,0,phase_018_subj_94
611,23,0,2,3,1,1,20000,6,6,2,4,3,3,2,4,2,1,2,2,4,3,0,0,1,1,1,0,2,0,0,0,1,1,1,0,0,0,phase_018_subj_92
596,24,1,2,2,1,1,8000,3,3,3,2,3,4,3,4,3,3,5,3,4,4,3,1,2,2,2,1,3,0,0,1,0,0,0,0,1,1,phase_018_subj_90
233,20,0,2,2,1,2,4000,4,3,5,5,5,2,2,5,2,2,5,4,5,3,0,0,0,0,0,0,0,0,0,0,0,0,0,0,0,0,phase_018_subj_31
598,20,1,4,4,3,2,32000,5,5,4,5,4,4,5,2,4,5,4,5,4,5,1,0,1,1,1,0,1,0,0,1,0,1,0,0,1,0,phase_019_subj_43
350,23,1,1,2,2,1,8000,5,5,5,4,3,3,2,4,2,3,4,5,2,4,0,1,0,0,0,0,1,0,0,0,0,1,0,0,0,1,phase_019_subj_28
164,22,0,3,3,1,1,10000,5,5,5,5,5,5,4,4,5,5,5,5,5,5,0,0,0,0,0,0,0,0,0,0,0,0,0,0,0,0,phase_019_subj_16
456,23,0,4,4,2,2,14000,5,5,4,5,5,5,4,4,5,5,5,5,4,5,0,1,0,1,0,0,0,0,0,0,0,1,1,0,0,0,phase_019_subj_37
617,22,0,4,4,3,3,15000,8,8,5,5,3,4,5,4,3,4,5,2,4,4,0,0,0,0,0,0,1,0,0,1,0,0,0,0,0,0,phase_019_subj_44
140,20,0,2,3,1,3,15000,5,7,5,4,4,5,4,4,5,5,4,4,4,5,1,0,0,1,0,0,1,0,0,1,0,0,1,0,0,0,phase_019_subj_12
420,19,0,3,3,1,1,10000,6,5,4,2,1,2,2,2,4,1,2,2,5,2,2,1,1,2,2,2,1,1,0,1,2,3,1,1,2,3,phase_019_subj_33
270,20,0,2,2,1,1,20000,5,5,5,5,5,5,4,4,5,5,4,3,5,3,0,0,0,1,0,0,1,0,0,0,0,0,0,0,0,0,phase_019_subj_22
622,20,0,3,3,1,1,8000,3,2,2,1,1,4,2,5,1,1,1,2,2,1,2,3,1,2,3,3,2,2,1,2,3,3,2,3,2,2,phase_019_subj_47
16,20,0,4,4,2,2,10000,6,5,4,2,3,4,3,3,3,4,4,2,3,4,0,0,1,2,0,0,1,0,0,1,0,1,2,1,1,0,phase_019_subj_1
531,46,1,3,3,1,2,10000,4,5,4,4,3,3,2,4,4,5,4,4,4,4,0,0,1,0,0,0,0,0,0,0,0,0,1,0,0,0,phase_019_subj_41
685,42,0,3,3,2,2,10000,4,5,4,3,4,2,4,4,5,4,4,3,5,4,0,0,0,0,1,0,0,0,0,0,0,0,1,0,0,0,phase_019_subj_53
619,49,0,4,4,3,3,20000,6,7,5,3,2,3,4,4,4,4,3,4,4,4,1,0,0,1,0,0,0,0,0,0,0,0,0,0,0,0,phase_019_subj_46
432,24,0,4,3,3,2,12000,6,6,5,4,5,5,5,5,5,5,5,5,5,5,0,1,0,1,0,0,0,0,0,1,1,1,0,0,0,0,phase_019_subj_35
524,19,0,4,4,1,1,8000,3,5,3,2,1,3,2,4,1,2,3,2,4,3,2,3,1,2,2,2,1,1,1,2,2,3,2,2,2,2,phase_019_subj_40
73,19,0,3,3,3,2,10000,8,9,3,2,3,2,1,5,1,2,3,3,2,3,2,3,3,3,3,3,2,1,2,1,0,1,2,3,3,3,phase_019_subj_7
646,51,0,2,3,1,3,20000,6,7,4,3,4,4,5,3,5,3,3,5,2,2,2,0,0,1,0,0,1,0,0,1,0,0,1,0,0,0,phase_019_subj_50
105,50,0,2,1,1,1,8000,5,4,2,2,4,2,2,2,2,2,2,4,3,2,2,2,2,2,1,1,1,1,1,2,2,2,2,1,2,1,phase_019_subj_9
88,19,0,3,3,1,1,12000,4,5,3,2,1,2,4,4,4,2,5,2,5,4,1,0,0,1,0,2,1,0,0,2,1,1,3,2,1,1,phase_019_subj_8
424,22,1,1,1,0,0,5000,3,3,3,4,5,4,5,4,2,5,2,1,5,4,0,1,2,1,1,0,0,0,0,2,1,2,0,1,1,2,phase_019_subj_34
146,20,1,4,4,2,2,18000,5,4,2,2,1,3,2,1,2,1,2,2,3,2,1,0,0,1,0,0,0,0,0,1,0,0,1,0,0,0,phase_019_subj_14
70,21,0,2,2,1,1,16000,5,6,4,3,4,2,2,3,1,3,2,1,4,2,1,1,2,1,2,0,1,1,0,2,2,1,1,1,2,0,phase_019_subj_6
63,18,0,3,3,2,2,21500,8,7,3,3,4,5,2,3,3,3,2,4,4,3,1,1,0,1,0,0,2,1,0,1,0,2,1,1,1,0,phase_019_subj_5
297,19,0,3,4,1,2,15000,6,6,2,3,2,4,2,2,3,3,2,4,4,1,2,3,2,1,2,3,2,1,2,2,1,2,2,3,2,2,phase_019_subj_24
123,24,0,3,3,2,0,8000,6,5,3,4,2,1,4,3,2,3,4,3,5,1,1,1,2,3,3,1,1,0,0,1,2,1,2,3,2,1,phase_019_subj_11
202,20,0,3,3,1,1,3000,6,6,2,2,2,3,2,4,2,2,3,2,4,2,1,2,2,2,2,2,2,2,2,2,2,2,2,2,1,2,phase_019_subj_19
352,19,0,1,2,1,1,8000,2,4,3,2,2,2,3,4,4,2,2,3,3,2,2,1,2,1,3,2,2,0,1,2,1,2,2,2,2,0,phase_019_subj_29
39,20,0,2,2,1,1,6000,3,3,2,2,2,1,3,3,4,4,1,2,5,3,1,1,3,1,1,2,1,1,0,2,2,2,1,1,1,0,phase_019_subj_4
341,21,0,2,1,1,1,12000,5,5,3,2,2,3,2,4,4,2,2,2,2,2,1,1,1,1,1,0,1,1,0,2,1,2,1,1,1,1,phase_019_subj_26
487,20,0,1,2,3,2,7500,5,4,3,2,4,4,5,2,4,3,2,3,1,4,0,0,1,0,0,0,1,1,2,2,1,2,2,0,1,1,phase_019_subj_38
394,19,1,3,2,1,1,9500,6,7,4,2,4,4,2,5,3,1,3,1,4,2,1,1,0,0,1,0,0,0,0,0,0,0,0,0,1,0,phase_019_subj_31
192,21,1,3,3,2,1,7000,5,5,4,2,1,2,2,3,3,2,3,3,4,1,1,2,3,2,1,3,2,2,1,3,3,2,2,3,2,1,phase_019_subj_18
232,19,1,2,2,1,1,3000,2,1,5,2,2,1,3,2,3,2,2,2,2,1,1,1,0,2,0,0,1,0,1,2,2,2,1,0,0,3,phase_019_subj_20
162,22,1,2,4,2,3,24000,6,5,4,2,1,3,5,4,4,3,4,4,4,3,0,0,1,1,0,1,1,0,0,1,0,1,1,0,1,0,phase_019_subj_15
274,22,1,4,4,4,3,30000,7,7,5,4,1,3,5,5,3,3,4,1,5,4,1,0,0,1,0,0,0,0,0,0,0,0,0,0,0,0,phase_019_subj_23
344,22,1,3,1,1,1,10000,5,6,2,2,3,1,2,4,4,2,2,4,3,4,1,1,0,1,0,0,1,0,0,1,0,1,0,0,0,0,phase_019_subj_27
315,22,1,3,3,2,0,8000,4,4,4,4,2,2,3,4,4,4,4,2,3,2,1,0,1,0,1,0,0,0,0,1,1,1,1,0,0,1,phase_019_subj_25
667,21,0,4,3,1,2,12000,7,5,2,5,5,3,2,5,4,3,5,2,5,5,0,0,1,0,0,0,0,0,0,1,0,0,0,0,0,0,phase_019_subj_52
691,19,1,2,2,1,1,10000,3,3,4,4,4,3,5,4,5,4,4,2,5,4,0,0,0,0,0,0,0,0,0,1,0,1,0,0,1,0,phase_019_subj_54
509,20,1,2,1,1,0,6000,2,2,2,2,3,1,3,2,3,1,1,1,2,2,3,3,3,3,2,3,3,1,1,3,3,3,3,2,3,3,phase_019_subj_39
171,34,0,3,1,1,1,17000,5,8,4,2,4,4,4,5,1,1,2,4,5,5,1,1,1,3,3,0,3,0,0,1,0,0,0,0,1,0,phase_019_subj_17
111,22,1,1,1,1,1,10000,4,3,4,3,3,3,4,4,3,3,4,2,3,2,1,1,1,1,0,0,0,0,0,1,1,1,1,1,1,0,phase_019_subj_10
374,22,1,2,1,1,0,5000,2,4,4,4,2,4,5,4,4,3,4,4,4,4,1,1,0,1,0,0,1,0,0,1,1,1,1,0,1,0,phase_019_subj_30
443,23,0,4,4,4,4,15000,6,5,4,3,1,4,2,2,2,2,3,2,4,2,1,1,2,1,1,0,1,1,0,1,1,0,1,1,1,1,phase_019_subj_36
412,19,1,2,2,1,2,6000,7,3,3,2,2,1,3,1,2,4,4,2,3,2,1,1,2,1,0,1,1,0,0,1,0,1,1,0,1,1,phase_019_subj_32
245,19,1,2,3,1,1,10000,5,5,3,3,2,2,4,4,4,4,3,2,4,4,1,1,0,1,0,1,2,0,0,2,2,2,1,1,1,1,phase_019_subj_21
654,18,1,2,3,1,0,10000,4,4,2,1,2,2,2,3,3,2,1,1,3,1,1,2,1,1,2,1,1,2,2,2,3,2,1,1,1,1,phase_019_subj_51
618,20,1,4,3,2,2,13000,4,4,2,2,1,1,3,2,2,2,3,1,2,4,2,1,2,1,2,0,2,0,2,2,2,3,2,2,2,3,phase_019_subj_45
635,24,1,2,1,1,1,25000,4,5,4,4,3,4,4,4,3,4,4,3,4,4,1,1,1,1,0,1,1,0,0,1,0,0,1,1,0,0,phase_019_subj_48
36,19,1,2,3,0,0,3000,3,3,2,2,3,2,4,3,2,2,4,4,4,3,1,1,2,3,1,1,2,1,1,1,1,2,2,1,1,0,phase_019_subj_3
142,24,1,2,2,1,1,8000,5,7,4,3,1,2,3,4,2,4,4,2,4,2,1,1,0,1,1,1,0,0,0,1,1,0,0,0,0,1,phase_019_subj_13
644,22,0,2,2,1,1,16000,4,3,5,3,3,1,2,4,5,4,4,4,4,3,1,1,0,2,2,1,0,0,0,0,0,1,1,0,0,1,phase_019_subj_49
26,23,1,2,4,1,0,2600,2,1,3,5,5,4,5,4,5,5,5,5,4,5,2,2,1,2,1,1,1,0,1,1,0,0,0,0,0,0,phase_019_subj_2
531,23,1,3,1,1,1,20000,3,3,4,1,2,1,2,2,5,3,4,4,3,1,1,1,0,2,1,0,0,0,0,2,1,1,1,0,1,2,phase_019_subj_42
294,22,0,2,1,1,0,10000,5,6,4,4,2,3,4,2,3,3,4,2,3,4,2,2,3,3,3,2,3,2,1,2,2,1,1,1,2,1,phase_020_subj_2
411,22,1,2,1,1,1,20000,5,3,4,2,2,2,2,5,4,2,2,4,4,1,1,2,2,1,1,0,0,0,0,2,2,2,0,0,2,3,phase_020_subj_5
302,22,1,3,2,2,0,16000,4,3,4,4,2,2,4,4,3,4,4,4,4,3,1,0,3,1,0,1,0,0,1,1,1,1,0,0,0,0,phase_020_subj_3
531,22,1,3,1,2,3,10000,4,3,2,2,2,1,1,4,3,3,3,2,2,3,0,1,1,1,1,1,2,0,1,0,1,1,1,0,1,1,phase_020_subj_6
78,22,1,3,2,1,1,12000,4,4,4,2,4,2,4,5,4,2,2,2,4,4,0,1,1,1,0,1,2,0,0,1,1,1,1,0,0,1,phase_020_subj_1
385,22,1,4,2,3,1,8000,5,4,4,2,1,2,2,5,1,1,2,4,5,1,1,1,2,2,0,1,2,0,0,1,1,2,2,1,2,1,phase_020_subj_4
